INFO 2025-10-23 11:38:43,770 autoreload 12720 6440 Watching for file changes with StatReloader
INFO 2025-10-23 11:38:43,847 autoreload 5884 12776 Watching for file changes with StatReloader
INFO 2025-10-23 11:38:44,293 autoreload 11056 10860 Watching for file changes with StatReloader
INFO 2025-10-23 11:38:44,827 autoreload 12296 12476 Watching for file changes with StatReloader
INFO 2025-10-23 11:40:54,463 autoreload 4432 11524 Watching for file changes with StatReloader
INFO 2025-10-23 11:48:09,329 autoreload 5884 12776 C:\Users\Dell\Downloads\ecom\ecommerce\ecommerce\ecommerce\settings.py changed, reloading.
INFO 2025-10-23 11:48:09,359 autoreload 4432 11524 C:\Users\Dell\Downloads\ecom\ecommerce\ecommerce\ecommerce\settings.py changed, reloading.
INFO 2025-10-23 11:48:09,369 autoreload 12296 12476 C:\Users\Dell\Downloads\ecom\ecommerce\ecommerce\ecommerce\settings.py changed, reloading.
INFO 2025-10-23 11:48:09,435 autoreload 11056 10860 C:\Users\Dell\Downloads\ecom\ecommerce\ecommerce\ecommerce\settings.py changed, reloading.
INFO 2025-10-23 11:48:11,673 autoreload 9712 12984 Watching for file changes with StatReloader
INFO 2025-10-23 11:48:11,689 autoreload 8932 5048 Watching for file changes with StatReloader
INFO 2025-10-23 11:48:11,742 autoreload 3796 9112 Watching for file changes with StatReloader
INFO 2025-10-23 11:48:11,951 autoreload 13100 11948 Watching for file changes with StatReloader
INFO 2025-10-23 11:54:38,343 autoreload 13100 11948 C:\Users\Dell\Downloads\ecom\ecommerce\ecommerce\ecommerce\settings.py changed, reloading.
INFO 2025-10-23 11:54:38,378 autoreload 9712 12984 C:\Users\Dell\Downloads\ecom\ecommerce\ecommerce\ecommerce\settings.py changed, reloading.
INFO 2025-10-23 11:54:38,395 autoreload 8932 5048 C:\Users\Dell\Downloads\ecom\ecommerce\ecommerce\ecommerce\settings.py changed, reloading.
INFO 2025-10-23 11:54:38,451 autoreload 3796 9112 C:\Users\Dell\Downloads\ecom\ecommerce\ecommerce\ecommerce\settings.py changed, reloading.
INFO 2025-10-23 11:54:40,980 autoreload 9716 12732 Watching for file changes with StatReloader
INFO 2025-10-23 11:54:41,012 autoreload 12388 13304 Watching for file changes with StatReloader
INFO 2025-10-23 11:54:41,122 autoreload 7856 11572 Watching for file changes with StatReloader
INFO 2025-10-23 11:54:41,776 autoreload 6528 7044 Watching for file changes with StatReloader
INFO 2025-10-23 11:56:02,122 autoreload 6528 7044 C:\Users\Dell\Downloads\ecom\ecommerce\ecommerce\shop\migrations\0005_auto_20251023_1154.py changed, reloading.
INFO 2025-10-23 11:56:02,196 autoreload 9716 12732 C:\Users\Dell\Downloads\ecom\ecommerce\ecommerce\shop\migrations\0005_auto_20251023_1154.py changed, reloading.
INFO 2025-10-23 11:56:02,186 autoreload 12388 13304 C:\Users\Dell\Downloads\ecom\ecommerce\ecommerce\shop\migrations\0005_auto_20251023_1154.py changed, reloading.
INFO 2025-10-23 11:56:02,196 autoreload 7856 11572 C:\Users\Dell\Downloads\ecom\ecommerce\ecommerce\shop\migrations\0005_auto_20251023_1154.py changed, reloading.
INFO 2025-10-23 11:56:04,231 autoreload 9640 468 Watching for file changes with StatReloader
INFO 2025-10-23 11:56:04,246 autoreload 7980 11912 Watching for file changes with StatReloader
INFO 2025-10-23 11:56:04,263 autoreload 5880 13232 Watching for file changes with StatReloader
INFO 2025-10-23 11:56:04,399 autoreload 10216 12920 Watching for file changes with StatReloader
INFO 2025-10-23 11:57:29,037 autoreload 10216 12920 C:\Users\Dell\Downloads\ecom\ecommerce\ecommerce\shop\migrations\0005_auto_20251023_1154.py changed, reloading.
INFO 2025-10-23 11:57:29,055 autoreload 5880 13232 C:\Users\Dell\Downloads\ecom\ecommerce\ecommerce\shop\migrations\0005_auto_20251023_1154.py changed, reloading.
INFO 2025-10-23 11:57:29,072 autoreload 9640 468 C:\Users\Dell\Downloads\ecom\ecommerce\ecommerce\shop\migrations\0005_auto_20251023_1154.py changed, reloading.
INFO 2025-10-23 11:57:29,072 autoreload 7980 11912 C:\Users\Dell\Downloads\ecom\ecommerce\ecommerce\shop\migrations\0005_auto_20251023_1154.py changed, reloading.
INFO 2025-10-23 11:57:30,918 autoreload 5888 7252 Watching for file changes with StatReloader
INFO 2025-10-23 11:57:30,918 autoreload 10280 12692 Watching for file changes with StatReloader
INFO 2025-10-23 11:57:31,006 autoreload 4116 12184 Watching for file changes with StatReloader
INFO 2025-10-23 11:57:31,165 autoreload 8972 12316 Watching for file changes with StatReloader
INFO 2025-10-23 20:51:19,067 autoreload 12444 10712 Watching for file changes with StatReloader
INFO 2025-10-23 20:51:28,659 basehttp 12444 11028 "GET / HTTP/1.1" 200 21684
INFO 2025-10-23 20:51:29,186 basehttp 12444 6132 "GET /static/css/order.css HTTP/1.1" 304 0
INFO 2025-10-23 20:51:29,188 basehttp 12444 12332 "GET /static/css/style.css HTTP/1.1" 304 0
INFO 2025-10-23 20:51:29,195 basehttp 12444 6132 "GET /media/products/Top_9_Hair_Care_Brands_in_India_For_Men_and_Women_1_x7hW9kP_yh5xxHt.jpg HTTP/1.1" 304 0
INFO 2025-10-23 20:51:38,915 basehttp 12444 14420 "GET /track-order/ HTTP/1.1" 200 17795
INFO 2025-10-23 20:52:00,322 basehttp 12444 10704 "GET /product/auraglow/ HTTP/1.1" 200 18567
INFO 2025-10-23 20:52:00,373 basehttp 12444 10704 "GET /media/products/WhatsApp_Image_2021-10-14_at_10_izt5HQ6.59.54_AM.webp HTTP/1.1" 304 0
INFO 2025-10-23 20:52:11,311 basehttp 12444 4684 "POST /cart/add/1/ HTTP/1.1" 302 0
INFO 2025-10-23 20:52:11,495 basehttp 12444 4684 "GET /cart/ HTTP/1.1" 200 20956
INFO 2025-10-23 20:52:15,051 basehttp 12444 4684 "GET /checkout/ HTTP/1.1" 200 23496
INFO 2025-10-23 20:52:50,315 basehttp 12444 10564 "POST /checkout/ HTTP/1.1" 302 0
INFO 2025-10-23 20:52:50,508 basehttp 12444 10564 "GET /checkout/ HTTP/1.1" 200 23788
INFO 2025-10-23 20:53:34,778 basehttp 12444 14000 "POST /checkout/ HTTP/1.1" 302 0
INFO 2025-10-23 20:53:34,906 basehttp 12444 14000 "GET /checkout/ HTTP/1.1" 200 23788
INFO 2025-10-23 20:59:29,206 basehttp 12444 11640 "GET /checkout/ HTTP/1.1" 200 23496
INFO 2025-10-24 10:05:21,446 autoreload 4936 4408 Watching for file changes with StatReloader
INFO 2025-10-24 10:05:26,384 basehttp 12444 10784 "GET / HTTP/1.1" 200 21684
INFO 2025-10-24 10:05:26,886 basehttp 12444 10784 "GET /static/css/order.css HTTP/1.1" 304 0
INFO 2025-10-24 10:05:26,899 basehttp 12444 15148 "GET /media/products/Top_9_Hair_Care_Brands_in_India_For_Men_and_Women_1_x7hW9kP_yh5xxHt.jpg HTTP/1.1" 304 0
INFO 2025-10-24 10:05:26,906 basehttp 12444 10784 "GET /static/css/style.css HTTP/1.1" 304 0
INFO 2025-10-24 10:05:34,734 basehttp 12444 12408 "GET /cart/ HTTP/1.1" 200 20956
INFO 2025-10-24 10:05:38,637 basehttp 12444 12408 "GET /checkout/ HTTP/1.1" 200 23496
INFO 2025-10-24 10:05:52,425 basehttp 12444 9096 "POST /checkout/ HTTP/1.1" 302 0
INFO 2025-10-24 10:05:52,536 basehttp 12444 9096 "GET /checkout/ HTTP/1.1" 200 23788
INFO 2025-10-24 10:06:10,996 basehttp 12444 9472 "GET /checkout/ HTTP/1.1" 200 23496
INFO 2025-10-24 10:06:52,832 basehttp 12444 4452 "GET / HTTP/1.1" 200 21684
INFO 2025-10-24 10:07:01,079 basehttp 12444 13924 "GET /product/auraglow/ HTTP/1.1" 200 18567
INFO 2025-10-24 10:07:01,115 basehttp 12444 13924 "GET /media/products/WhatsApp_Image_2021-10-14_at_10_izt5HQ6.59.54_AM.webp HTTP/1.1" 304 0
INFO 2025-10-24 10:07:04,495 basehttp 12444 13924 "POST /cart/add/1/ HTTP/1.1" 302 0
INFO 2025-10-24 10:07:04,714 basehttp 12444 13924 "GET /cart/ HTTP/1.1" 200 20957
INFO 2025-10-24 10:07:07,895 basehttp 12444 13924 "GET /checkout/ HTTP/1.1" 200 23499
INFO 2025-10-24 10:07:25,304 basehttp 12444 9432 "POST /checkout/ HTTP/1.1" 302 0
INFO 2025-10-24 10:07:25,414 basehttp 12444 9432 "GET /cart/ HTTP/1.1" 200 20957
INFO 2025-10-24 10:07:37,606 basehttp 12444 10104 "GET /track-order/ HTTP/1.1" 200 18235
INFO 2025-10-24 10:07:50,678 basehttp 12444 3352 "GET /cart/ HTTP/1.1" 200 20957
INFO 2025-10-24 10:07:56,113 basehttp 12444 11384 "GET /checkout/ HTTP/1.1" 200 23499
INFO 2025-10-24 10:08:06,943 basehttp 12444 12224 "POST /checkout/ HTTP/1.1" 302 0
INFO 2025-10-24 10:08:07,069 basehttp 12444 12224 "GET /cart/ HTTP/1.1" 200 20957
INFO 2025-10-24 10:08:13,789 basehttp 12444 8340 "GET /track-order/ HTTP/1.1" 200 18235
INFO 2025-10-24 10:08:21,478 basehttp 12444 6616 "POST /cart/add/1/ HTTP/1.1" 302 0
INFO 2025-10-24 10:08:21,589 basehttp 12444 6616 "GET /cart/ HTTP/1.1" 200 20956
INFO 2025-10-24 10:08:24,661 basehttp 12444 6616 "GET /checkout/ HTTP/1.1" 200 23496
INFO 2025-10-24 10:08:33,734 basehttp 12444 9448 "POST /checkout/ HTTP/1.1" 302 0
INFO 2025-10-24 10:08:33,838 basehttp 12444 9448 "GET /checkout/ HTTP/1.1" 200 23788
INFO 2025-10-24 10:10:59,890 basehttp 12444 9036 "POST /checkout/ HTTP/1.1" 302 0
INFO 2025-10-24 10:10:59,971 basehttp 12444 9036 "GET /checkout/ HTTP/1.1" 200 23788
INFO 2025-10-24 10:11:05,274 basehttp 12444 9036 "GET /checkout/ HTTP/1.1" 200 23496
INFO 2025-10-24 10:11:18,038 basehttp 12444 9036 "GET / HTTP/1.1" 200 21684
INFO 2025-10-24 10:11:33,141 basehttp 12444 9036 "GET /cart/ HTTP/1.1" 200 20956
INFO 2025-10-24 10:11:46,667 basehttp 12444 9036 "GET /track-order/ HTTP/1.1" 200 17795
ERROR 2025-10-24 10:11:52,021 log 12444 9036 Internal Server Error: /orders/
Traceback (most recent call last):
  File "C:\Users\Dell\AppData\Local\Programs\Python\Python312\Lib\site-packages\django\db\backends\utils.py", line 105, in _execute
    return self.cursor.execute(sql, params)
           ^^^^^^^^^^^^^^^^^^^^^^^^^^^^^^^^
psycopg2.errors.UndefinedColumn: column shop_order.subtotal does not exist
LINE 1: ...", "shop_order"."state", "shop_order"."zip_code", "shop_orde...
                                                             ^


The above exception was the direct cause of the following exception:

Traceback (most recent call last):
  File "C:\Users\Dell\AppData\Local\Programs\Python\Python312\Lib\site-packages\django\core\handlers\exception.py", line 55, in inner
    response = get_response(request)
               ^^^^^^^^^^^^^^^^^^^^^
  File "C:\Users\Dell\AppData\Local\Programs\Python\Python312\Lib\site-packages\django\core\handlers\base.py", line 197, in _get_response
    response = wrapped_callback(request, *callback_args, **callback_kwargs)
               ^^^^^^^^^^^^^^^^^^^^^^^^^^^^^^^^^^^^^^^^^^^^^^^^^^^^^^^^^^^^
  File "C:\Users\Dell\AppData\Local\Programs\Python\Python312\Lib\site-packages\django\contrib\auth\decorators.py", line 59, in _view_wrapper
    return view_func(request, *args, **kwargs)
           ^^^^^^^^^^^^^^^^^^^^^^^^^^^^^^^^^^^
  File "C:\Users\Dell\Downloads\ecom\ecommerce\ecommerce\shop\views.py", line 367, in order_list
    return render(request, 'shop/order_list.html', {'orders': orders})
           ^^^^^^^^^^^^^^^^^^^^^^^^^^^^^^^^^^^^^^^^^^^^^^^^^^^^^^^^^^^
  File "C:\Users\Dell\AppData\Local\Programs\Python\Python312\Lib\site-packages\django\shortcuts.py", line 25, in render
    content = loader.render_to_string(template_name, context, request, using=using)
              ^^^^^^^^^^^^^^^^^^^^^^^^^^^^^^^^^^^^^^^^^^^^^^^^^^^^^^^^^^^^^^^^^^^^^
  File "C:\Users\Dell\AppData\Local\Programs\Python\Python312\Lib\site-packages\django\template\loader.py", line 62, in render_to_string
    return template.render(context, request)
           ^^^^^^^^^^^^^^^^^^^^^^^^^^^^^^^^^
  File "C:\Users\Dell\AppData\Local\Programs\Python\Python312\Lib\site-packages\django\template\backends\django.py", line 107, in render
    return self.template.render(context)
           ^^^^^^^^^^^^^^^^^^^^^^^^^^^^^
  File "C:\Users\Dell\AppData\Local\Programs\Python\Python312\Lib\site-packages\django\template\base.py", line 171, in render
    return self._render(context)
           ^^^^^^^^^^^^^^^^^^^^^
  File "C:\Users\Dell\AppData\Local\Programs\Python\Python312\Lib\site-packages\django\template\base.py", line 163, in _render
    return self.nodelist.render(context)
           ^^^^^^^^^^^^^^^^^^^^^^^^^^^^^
  File "C:\Users\Dell\AppData\Local\Programs\Python\Python312\Lib\site-packages\django\template\base.py", line 1016, in render
    return SafeString("".join([node.render_annotated(context) for node in self]))
                               ^^^^^^^^^^^^^^^^^^^^^^^^^^^^^^
  File "C:\Users\Dell\AppData\Local\Programs\Python\Python312\Lib\site-packages\django\template\base.py", line 977, in render_annotated
    return self.render(context)
           ^^^^^^^^^^^^^^^^^^^^
  File "C:\Users\Dell\AppData\Local\Programs\Python\Python312\Lib\site-packages\django\template\loader_tags.py", line 159, in render
    return compiled_parent._render(context)
           ^^^^^^^^^^^^^^^^^^^^^^^^^^^^^^^^
  File "C:\Users\Dell\AppData\Local\Programs\Python\Python312\Lib\site-packages\django\template\base.py", line 163, in _render
    return self.nodelist.render(context)
           ^^^^^^^^^^^^^^^^^^^^^^^^^^^^^
  File "C:\Users\Dell\AppData\Local\Programs\Python\Python312\Lib\site-packages\django\template\base.py", line 1016, in render
    return SafeString("".join([node.render_annotated(context) for node in self]))
                               ^^^^^^^^^^^^^^^^^^^^^^^^^^^^^^
  File "C:\Users\Dell\AppData\Local\Programs\Python\Python312\Lib\site-packages\django\template\base.py", line 977, in render_annotated
    return self.render(context)
           ^^^^^^^^^^^^^^^^^^^^
  File "C:\Users\Dell\AppData\Local\Programs\Python\Python312\Lib\site-packages\django\template\loader_tags.py", line 65, in render
    result = block.nodelist.render(context)
             ^^^^^^^^^^^^^^^^^^^^^^^^^^^^^^
  File "C:\Users\Dell\AppData\Local\Programs\Python\Python312\Lib\site-packages\django\template\base.py", line 1016, in render
    return SafeString("".join([node.render_annotated(context) for node in self]))
                               ^^^^^^^^^^^^^^^^^^^^^^^^^^^^^^
  File "C:\Users\Dell\AppData\Local\Programs\Python\Python312\Lib\site-packages\django\template\base.py", line 977, in render_annotated
    return self.render(context)
           ^^^^^^^^^^^^^^^^^^^^
  File "C:\Users\Dell\AppData\Local\Programs\Python\Python312\Lib\site-packages\django\template\defaulttags.py", line 326, in render
    if match:
       ^^^^^
  File "C:\Users\Dell\AppData\Local\Programs\Python\Python312\Lib\site-packages\django\db\models\query.py", line 398, in __bool__
    self._fetch_all()
  File "C:\Users\Dell\AppData\Local\Programs\Python\Python312\Lib\site-packages\django\db\models\query.py", line 1949, in _fetch_all
    self._result_cache = list(self._iterable_class(self))
                         ^^^^^^^^^^^^^^^^^^^^^^^^^^^^^^^^
  File "C:\Users\Dell\AppData\Local\Programs\Python\Python312\Lib\site-packages\django\db\models\query.py", line 91, in __iter__
    results = compiler.execute_sql(
              ^^^^^^^^^^^^^^^^^^^^^
  File "C:\Users\Dell\AppData\Local\Programs\Python\Python312\Lib\site-packages\django\db\models\sql\compiler.py", line 1623, in execute_sql
    cursor.execute(sql, params)
  File "C:\Users\Dell\AppData\Local\Programs\Python\Python312\Lib\site-packages\django\db\backends\utils.py", line 122, in execute
    return super().execute(sql, params)
           ^^^^^^^^^^^^^^^^^^^^^^^^^^^^
  File "C:\Users\Dell\AppData\Local\Programs\Python\Python312\Lib\site-packages\django\db\backends\utils.py", line 79, in execute
    return self._execute_with_wrappers(
           ^^^^^^^^^^^^^^^^^^^^^^^^^^^^
  File "C:\Users\Dell\AppData\Local\Programs\Python\Python312\Lib\site-packages\django\db\backends\utils.py", line 92, in _execute_with_wrappers
    return executor(sql, params, many, context)
           ^^^^^^^^^^^^^^^^^^^^^^^^^^^^^^^^^^^^
  File "C:\Users\Dell\AppData\Local\Programs\Python\Python312\Lib\site-packages\django\db\backends\utils.py", line 100, in _execute
    with self.db.wrap_database_errors:
         ^^^^^^^^^^^^^^^^^^^^^^^^^^^^
  File "C:\Users\Dell\AppData\Local\Programs\Python\Python312\Lib\site-packages\django\db\utils.py", line 91, in __exit__
    raise dj_exc_value.with_traceback(traceback) from exc_value
  File "C:\Users\Dell\AppData\Local\Programs\Python\Python312\Lib\site-packages\django\db\backends\utils.py", line 105, in _execute
    return self.cursor.execute(sql, params)
           ^^^^^^^^^^^^^^^^^^^^^^^^^^^^^^^^
django.db.utils.ProgrammingError: column shop_order.subtotal does not exist
LINE 1: ...", "shop_order"."state", "shop_order"."zip_code", "shop_orde...
                                                             ^

ERROR 2025-10-24 10:11:52,033 basehttp 12444 9036 "GET /orders/ HTTP/1.1" 500 213459
WARNING 2025-10-24 10:11:52,289 basehttp 12444 9036 "GET /favicon.ico HTTP/1.1" 404 5716
INFO 2025-10-24 10:14:08,502 basehttp 12444 9036 "GET /checkout/ HTTP/1.1" 200 23496
INFO 2025-10-24 10:15:27,900 autoreload 7648 14780 Watching for file changes with StatReloader
INFO 2025-10-24 10:15:34,352 basehttp 12444 9408 "GET / HTTP/1.1" 200 21684
INFO 2025-10-24 10:15:50,491 basehttp 12444 13224 "GET /?search=&category=&brand=1&price_range=&sort_by= HTTP/1.1" 200 21684
INFO 2025-10-24 10:15:55,048 basehttp 12444 7288 "GET / HTTP/1.1" 200 21684
INFO 2025-10-24 10:16:14,010 basehttp 12444 14120 "GET / HTTP/1.1" 200 21684
INFO 2025-10-24 10:17:04,926 basehttp 12444 10616 "GET /cart/ HTTP/1.1" 200 20956
INFO 2025-10-24 10:17:09,472 basehttp 12444 14152 "GET /checkout/ HTTP/1.1" 200 23496
INFO 2025-10-24 10:17:31,533 basehttp 12444 14152 "POST /checkout/ HTTP/1.1" 302 0
INFO 2025-10-24 10:17:31,629 basehttp 12444 14152 "GET /checkout/ HTTP/1.1" 200 23788
INFO 2025-10-24 10:17:47,045 basehttp 12444 14152 "GET /track-order/ HTTP/1.1" 200 17795
INFO 2025-10-24 10:20:33,675 autoreload 4936 4408 C:\Users\Dell\Downloads\ecom\ecommerce\ecommerce\accounts\urls.py changed, reloading.
INFO 2025-10-24 10:20:33,693 autoreload 7648 14780 C:\Users\Dell\Downloads\ecom\ecommerce\ecommerce\accounts\urls.py changed, reloading.
INFO 2025-10-24 10:20:33,691 autoreload 12444 10712 C:\Users\Dell\Downloads\ecom\ecommerce\ecommerce\accounts\urls.py changed, reloading.
INFO 2025-10-24 10:20:35,996 autoreload 3748 4820 Watching for file changes with StatReloader
INFO 2025-10-24 10:20:36,113 autoreload 6028 1084 Watching for file changes with StatReloader
INFO 2025-10-24 10:20:36,230 autoreload 3940 13736 Watching for file changes with StatReloader
INFO 2025-10-24 10:21:06,973 autoreload 3940 13736 C:\Users\Dell\Downloads\ecom\ecommerce\ecommerce\accounts\urls.py changed, reloading.
INFO 2025-10-24 10:21:07,037 autoreload 3748 4820 C:\Users\Dell\Downloads\ecom\ecommerce\ecommerce\accounts\urls.py changed, reloading.
INFO 2025-10-24 10:21:07,052 autoreload 6028 1084 C:\Users\Dell\Downloads\ecom\ecommerce\ecommerce\accounts\urls.py changed, reloading.
INFO 2025-10-24 10:21:09,001 autoreload 4032 11484 Watching for file changes with StatReloader
INFO 2025-10-24 10:21:09,078 autoreload 4132 5240 Watching for file changes with StatReloader
INFO 2025-10-24 10:21:09,121 autoreload 12516 14676 Watching for file changes with StatReloader
INFO 2025-10-24 10:21:13,061 basehttp 4032 9700 "GET / HTTP/1.1" 200 21684
INFO 2025-10-24 10:21:15,747 basehttp 4032 9700 "GET / HTTP/1.1" 200 21684
INFO 2025-10-24 10:21:23,235 basehttp 4032 3288 "GET /cart/ HTTP/1.1" 200 20956
INFO 2025-10-24 10:21:26,161 basehttp 4032 3288 "GET /checkout/ HTTP/1.1" 200 23496
INFO 2025-10-24 10:21:34,255 basehttp 4032 14364 "POST /checkout/ HTTP/1.1" 302 0
INFO 2025-10-24 10:21:34,366 basehttp 4032 14364 "GET /checkout/ HTTP/1.1" 200 23788
INFO 2025-10-24 10:21:41,542 basehttp 4032 14364 "GET /cart/ HTTP/1.1" 200 20956
INFO 2025-10-24 10:21:44,641 basehttp 4032 15136 "GET /accounts/logout/ HTTP/1.1" 302 0
INFO 2025-10-24 10:21:44,773 basehttp 4032 15136 "GET / HTTP/1.1" 200 20258
INFO 2025-10-24 10:21:47,660 basehttp 4032 15136 "GET /accounts/login/ HTTP/1.1" 200 18991
INFO 2025-10-24 10:22:13,157 basehttp 4032 14228 "POST /accounts/login/ HTTP/1.1" 302 0
INFO 2025-10-24 10:22:13,292 basehttp 4032 14228 "GET / HTTP/1.1" 200 21674
INFO 2025-10-24 10:22:20,585 basehttp 4032 1900 "GET /product/auraglow/ HTTP/1.1" 200 18557
INFO 2025-10-24 10:22:23,276 basehttp 4032 1900 "POST /cart/add/1/ HTTP/1.1" 302 0
INFO 2025-10-24 10:22:23,629 basehttp 4032 1900 "GET /cart/ HTTP/1.1" 200 20943
INFO 2025-10-24 10:22:26,355 basehttp 4032 1900 "GET /checkout/ HTTP/1.1" 200 23450
INFO 2025-10-24 10:22:41,198 basehttp 4032 13620 "POST /checkout/ HTTP/1.1" 302 0
INFO 2025-10-24 10:22:41,354 basehttp 4032 13620 "GET /checkout/ HTTP/1.1" 200 23742
INFO 2025-10-24 10:28:14,064 autoreload 12580 6940 Watching for file changes with StatReloader
INFO 2025-10-24 10:28:34,936 basehttp 4032 7516 "GET / HTTP/1.1" 200 21674
INFO 2025-10-24 10:28:42,805 basehttp 4032 7516 "GET /product/auraglow/ HTTP/1.1" 200 18557
INFO 2025-10-24 10:28:45,610 basehttp 4032 7516 "POST /cart/add/1/ HTTP/1.1" 302 0
INFO 2025-10-24 10:28:45,702 basehttp 4032 7516 "GET /cart/ HTTP/1.1" 200 20943
INFO 2025-10-24 10:28:50,941 basehttp 4032 10840 "GET /checkout/ HTTP/1.1" 200 23450
INFO 2025-10-24 10:29:04,554 basehttp 4032 7008 "POST /checkout/ HTTP/1.1" 302 0
INFO 2025-10-24 10:29:04,650 basehttp 4032 7008 "GET /checkout/ HTTP/1.1" 200 23742
INFO 2025-10-24 10:31:48,344 basehttp 4032 2384 "POST /checkout/ HTTP/1.1" 302 0
INFO 2025-10-24 10:31:48,566 basehttp 4032 2384 "GET /checkout/ HTTP/1.1" 200 23742
INFO 2025-10-24 10:32:47,262 basehttp 4032 2384 "GET / HTTP/1.1" 200 21674
INFO 2025-10-24 10:32:52,680 basehttp 4032 2384 "GET /product/auraglow/ HTTP/1.1" 200 18557
INFO 2025-10-24 10:32:55,565 basehttp 4032 2384 "POST /cart/add/1/ HTTP/1.1" 302 0
INFO 2025-10-24 10:32:55,664 basehttp 4032 2384 "GET /cart/ HTTP/1.1" 200 20946
INFO 2025-10-24 10:32:58,147 basehttp 4032 2384 "GET /checkout/ HTTP/1.1" 200 23454
INFO 2025-10-24 10:33:10,698 basehttp 4032 2384 "POST /checkout/ HTTP/1.1" 302 0
INFO 2025-10-24 10:33:10,794 basehttp 4032 2384 "GET /checkout/ HTTP/1.1" 200 23746
INFO 2025-10-24 10:33:43,626 basehttp 4032 2384 "GET /checkout/ HTTP/1.1" 200 23454
INFO 2025-10-24 10:33:44,665 basehttp 4032 2384 "GET /checkout/ HTTP/1.1" 200 23454
INFO 2025-10-24 10:33:45,634 basehttp 4032 2384 "GET /checkout/ HTTP/1.1" 200 23454
INFO 2025-10-24 10:33:46,008 basehttp 4032 2384 "GET /checkout/ HTTP/1.1" 200 23454
INFO 2025-10-24 10:33:46,500 basehttp 4032 2384 "GET /checkout/ HTTP/1.1" 200 23454
INFO 2025-10-24 10:35:04,670 basehttp 4032 6508 "GET / HTTP/1.1" 200 21674
INFO 2025-10-24 10:35:08,880 basehttp 4032 6508 "GET /product/auraglow/ HTTP/1.1" 200 18557
INFO 2025-10-24 10:35:11,006 basehttp 4032 6508 "POST /cart/add/1/ HTTP/1.1" 302 0
INFO 2025-10-24 10:35:11,090 basehttp 4032 6508 "GET /cart/ HTTP/1.1" 200 20946
INFO 2025-10-24 10:35:15,556 basehttp 4032 6508 "GET /checkout/ HTTP/1.1" 200 23454
INFO 2025-10-24 10:41:31,101 basehttp 4032 984 "POST /checkout/ HTTP/1.1" 302 0
INFO 2025-10-24 10:41:31,190 basehttp 4032 984 "GET /checkout/ HTTP/1.1" 200 23746
INFO 2025-10-24 10:42:34,379 basehttp 4032 984 "GET /cart/ HTTP/1.1" 200 20946
INFO 2025-10-24 10:42:36,971 basehttp 4032 984 "GET /checkout/ HTTP/1.1" 200 23454
INFO 2025-10-24 10:42:56,618 basehttp 4032 984 "POST /checkout/ HTTP/1.1" 302 0
INFO 2025-10-24 10:42:56,729 basehttp 4032 984 "GET /checkout/ HTTP/1.1" 200 23746
INFO 2025-10-24 10:43:39,290 autoreload 7056 4080 Watching for file changes with StatReloader
INFO 2025-10-24 10:43:45,890 basehttp 4032 13728 "GET / HTTP/1.1" 200 21674
INFO 2025-10-24 10:43:49,081 basehttp 4032 14652 "GET /product/auraglow/ HTTP/1.1" 200 18557
INFO 2025-10-24 10:43:52,053 basehttp 4032 7796 "POST /cart/add/1/ HTTP/1.1" 302 0
INFO 2025-10-24 10:43:52,193 basehttp 4032 7796 "GET /cart/ HTTP/1.1" 200 20946
INFO 2025-10-24 10:44:03,082 basehttp 4032 4084 "GET /checkout/ HTTP/1.1" 200 23454
INFO 2025-10-24 10:44:17,334 basehttp 4032 12652 "POST /checkout/ HTTP/1.1" 302 0
INFO 2025-10-24 10:44:17,450 basehttp 4032 12652 "GET /checkout/ HTTP/1.1" 200 23746
INFO 2025-10-24 10:45:35,096 basehttp 4032 3468 "POST /checkout/ HTTP/1.1" 200 24555
INFO 2025-10-24 10:45:53,096 basehttp 4032 12088 "POST /checkout/ HTTP/1.1" 302 0
INFO 2025-10-24 10:45:53,177 basehttp 4032 12088 "GET /checkout/ HTTP/1.1" 200 23746
INFO 2025-10-24 10:52:17,407 autoreload 11668 2620 Watching for file changes with StatReloader
INFO 2025-10-24 10:52:28,252 basehttp 11668 13056 "GET / HTTP/1.1" 200 21674
INFO 2025-10-24 10:52:35,908 basehttp 11668 14012 "GET /admin/ HTTP/1.1" 200 11818
WARNING 2025-10-24 10:52:36,235 basehttp 11668 14012 "GET /favicon.ico HTTP/1.1" 404 5716
INFO 2025-10-24 10:52:40,792 basehttp 11668 14012 "GET /admin/shop/product/ HTTP/1.1" 200 14889
INFO 2025-10-24 10:52:41,044 basehttp 11668 14012 "GET /admin/jsi18n/ HTTP/1.1" 200 3342
INFO 2025-10-24 10:52:44,343 basehttp 11668 14012 "GET /admin/shop/product/1/change/ HTTP/1.1" 200 23406
INFO 2025-10-24 10:52:44,502 basehttp 11668 14012 "GET /admin/jsi18n/ HTTP/1.1" 200 3342
INFO 2025-10-24 10:52:44,761 basehttp 11668 14012 "GET /static/admin/img/tooltag-arrowright.svg HTTP/1.1" 200 280
INFO 2025-10-24 10:55:34,699 autoreload 11668 2620 C:\Users\Dell\Downloads\ecom\ecommerce\ecommerce\shop\views.py changed, reloading.
INFO 2025-10-24 10:55:37,144 autoreload 13888 11724 Watching for file changes with StatReloader
INFO 2025-10-24 10:55:53,295 autoreload 13888 11724 C:\Users\Dell\Downloads\ecom\ecommerce\ecommerce\shop\views.py changed, reloading.
INFO 2025-10-24 10:55:54,736 autoreload 6452 9976 Watching for file changes with StatReloader
INFO 2025-10-24 10:56:12,045 autoreload 6452 9976 C:\Users\Dell\Downloads\ecom\ecommerce\ecommerce\shop\views.py changed, reloading.
INFO 2025-10-24 10:56:13,617 autoreload 2436 5608 Watching for file changes with StatReloader
INFO 2025-10-24 10:56:29,509 autoreload 2436 5608 C:\Users\Dell\Downloads\ecom\ecommerce\ecommerce\shop\views.py changed, reloading.
INFO 2025-10-24 10:56:32,149 autoreload 8624 10864 Watching for file changes with StatReloader
INFO 2025-10-24 10:56:52,933 autoreload 8624 10864 C:\Users\Dell\Downloads\ecom\ecommerce\ecommerce\shop\views.py changed, reloading.
INFO 2025-10-24 10:56:55,166 autoreload 4956 6004 Watching for file changes with StatReloader
INFO 2025-10-24 10:57:16,795 autoreload 4956 6004 C:\Users\Dell\Downloads\ecom\ecommerce\ecommerce\shop\views.py changed, reloading.
INFO 2025-10-24 10:57:18,677 autoreload 12184 9744 Watching for file changes with StatReloader
INFO 2025-10-24 10:57:45,396 autoreload 12184 9744 C:\Users\Dell\Downloads\ecom\ecommerce\ecommerce\shop\views.py changed, reloading.
INFO 2025-10-24 10:57:46,739 autoreload 12492 11080 Watching for file changes with StatReloader
INFO 2025-10-24 10:57:53,548 basehttp 12492 10360 "GET / HTTP/1.1" 200 21674
INFO 2025-10-24 10:58:01,646 basehttp 12492 10360 "GET /product/auraglow/ HTTP/1.1" 200 18557
INFO 2025-10-24 10:58:03,979 basehttp 12492 10360 "POST /cart/add/1/ HTTP/1.1" 302 0
INFO 2025-10-24 10:58:04,081 basehttp 12492 10360 "GET /cart/ HTTP/1.1" 200 20946
INFO 2025-10-24 10:58:06,583 basehttp 12492 10360 "GET /checkout/ HTTP/1.1" 200 23454
INFO 2025-10-24 10:58:21,835 basehttp 12492 10360 "POST /checkout/ HTTP/1.1" 302 0
INFO 2025-10-24 10:58:22,044 basehttp 12492 10360 "GET /checkout/ HTTP/1.1" 200 23746
INFO 2025-10-24 10:59:36,021 autoreload 11668 12172 Watching for file changes with StatReloader
INFO 2025-10-24 10:59:43,012 basehttp 12492 10360 "GET / HTTP/1.1" 200 21674
INFO 2025-10-24 10:59:50,653 basehttp 12492 8988 "GET /product/auraglow/ HTTP/1.1" 200 18557
INFO 2025-10-24 10:59:54,457 basehttp 12492 8988 "POST /cart/add/1/ HTTP/1.1" 302 0
INFO 2025-10-24 10:59:54,555 basehttp 12492 8988 "GET /cart/ HTTP/1.1" 200 20946
INFO 2025-10-24 11:00:00,932 basehttp 12492 8988 "POST /cart/add/1/ HTTP/1.1" 302 0
INFO 2025-10-24 11:00:01,022 basehttp 12492 8988 "GET /cart/ HTTP/1.1" 200 20946
INFO 2025-10-24 11:00:04,150 basehttp 12492 8988 "GET /checkout/ HTTP/1.1" 200 23454
INFO 2025-10-24 11:00:14,228 basehttp 12492 8988 "POST /checkout/ HTTP/1.1" 302 0
INFO 2025-10-24 11:00:14,322 basehttp 12492 8988 "GET /checkout/ HTTP/1.1" 200 23746
INFO 2025-10-24 11:03:08,823 autoreload 12492 11080 C:\Users\Dell\Downloads\ecom\ecommerce\ecommerce\shop\views.py changed, reloading.
INFO 2025-10-24 11:03:09,133 autoreload 11668 12172 C:\Users\Dell\Downloads\ecom\ecommerce\ecommerce\shop\views.py changed, reloading.
INFO 2025-10-24 11:03:11,420 autoreload 14760 12988 Watching for file changes with StatReloader
INFO 2025-10-24 11:03:11,529 autoreload 6940 12512 Watching for file changes with StatReloader
INFO 2025-10-24 11:04:28,704 autoreload 6940 12512 C:\Users\Dell\Downloads\ecom\ecommerce\ecommerce\shop\views.py changed, reloading.
INFO 2025-10-24 11:04:28,755 autoreload 14760 12988 C:\Users\Dell\Downloads\ecom\ecommerce\ecommerce\shop\views.py changed, reloading.
INFO 2025-10-24 11:04:30,257 autoreload 13872 12312 Watching for file changes with StatReloader
INFO 2025-10-24 11:04:30,257 autoreload 2148 8432 Watching for file changes with StatReloader
INFO 2025-10-24 11:04:46,424 autoreload 13228 6236 Watching for file changes with StatReloader
INFO 2025-10-24 11:04:50,221 basehttp 13872 12932 "GET / HTTP/1.1" 200 21674
INFO 2025-10-24 11:04:55,310 basehttp 13872 12932 "GET /cart/ HTTP/1.1" 200 20946
INFO 2025-10-24 11:04:58,395 basehttp 13872 1244 "GET /checkout/ HTTP/1.1" 200 23454
INFO 2025-10-24 11:05:18,155 basehttp 13872 1244 "POST /checkout/ HTTP/1.1" 302 0
INFO 2025-10-24 11:05:18,243 basehttp 13872 1244 "GET /checkout/ HTTP/1.1" 200 23746
INFO 2025-10-24 18:30:52,393 autoreload 16900 7160 Watching for file changes with StatReloader
INFO 2025-10-24 18:36:01,348 autoreload 16900 7160 C:\Users\Dell\Downloads\ecom\ecommerce\ecommerce\shop\views.py changed, reloading.
INFO 2025-10-24 18:36:03,408 autoreload 16672 8528 Watching for file changes with StatReloader
INFO 2025-10-24 18:37:11,361 autoreload 16672 8528 C:\Users\Dell\Downloads\ecom\ecommerce\ecommerce\shop\views.py changed, reloading.
INFO 2025-10-24 18:37:12,797 autoreload 1644 11340 Watching for file changes with StatReloader
INFO 2025-10-24 20:56:55,721 autoreload 5220 13416 Watching for file changes with StatReloader
INFO 2025-10-24 20:58:23,932 autoreload 5220 13416 C:\Users\Dell\Downloads\ecom\ecommerce\ecommerce\shop\views.py changed, reloading.
INFO 2025-10-24 20:58:28,420 autoreload 12212 10460 Watching for file changes with StatReloader
INFO 2025-10-24 20:58:37,192 autoreload 12212 10460 C:\Users\Dell\Downloads\ecom\ecommerce\ecommerce\shop\views.py changed, reloading.
INFO 2025-10-24 20:58:40,074 autoreload 16572 11120 Watching for file changes with StatReloader
INFO 2025-10-24 20:58:56,131 autoreload 236 1068 Watching for file changes with StatReloader
INFO 2025-10-24 21:05:35,852 autoreload 16572 11120 C:\Users\Dell\Downloads\ecom\ecommerce\ecommerce\shop\views.py changed, reloading.
INFO 2025-10-24 21:05:36,880 autoreload 236 1068 C:\Users\Dell\Downloads\ecom\ecommerce\ecommerce\shop\views.py changed, reloading.
INFO 2025-10-24 21:05:37,620 autoreload 7360 2656 Watching for file changes with StatReloader
INFO 2025-10-24 21:05:38,371 autoreload 15308 4796 Watching for file changes with StatReloader
INFO 2025-10-24 21:06:19,415 autoreload 7128 16324 Watching for file changes with StatReloader
INFO 2025-10-24 21:11:51,375 autoreload 7128 16324 C:\Users\Dell\Downloads\ecom\ecommerce\ecommerce\shop\views.py changed, reloading.
INFO 2025-10-24 21:11:51,410 autoreload 7360 2656 C:\Users\Dell\Downloads\ecom\ecommerce\ecommerce\shop\views.py changed, reloading.
INFO 2025-10-24 21:11:54,246 autoreload 5664 3816 Watching for file changes with StatReloader
INFO 2025-10-24 21:11:54,284 autoreload 11328 9884 Watching for file changes with StatReloader
INFO 2025-10-24 21:12:46,154 autoreload 16552 14844 Watching for file changes with StatReloader
INFO 2025-10-24 21:12:54,282 basehttp 11328 2064 "GET / HTTP/1.1" 200 21674
INFO 2025-10-24 21:12:54,453 basehttp 11328 10900 "GET /static/logo/logo.png HTTP/1.1" 304 0
INFO 2025-10-24 21:12:54,456 basehttp 11328 1952 "GET /static/css/order.css HTTP/1.1" 304 0
INFO 2025-10-24 21:12:54,456 basehttp 11328 1948 "GET /static/css/style.css HTTP/1.1" 304 0
INFO 2025-10-24 21:12:54,458 basehttp 11328 7396 "GET /media/products/Top_9_Hair_Care_Brands_in_India_For_Men_and_Women_1_x7hW9kP_yh5xxHt.jpg HTTP/1.1" 304 0
INFO 2025-10-24 21:13:02,845 basehttp 11328 7272 "GET /product/auraglow/ HTTP/1.1" 200 18557
INFO 2025-10-24 21:13:02,897 basehttp 11328 7272 "GET /media/products/WhatsApp_Image_2021-10-14_at_10_izt5HQ6.59.54_AM.webp HTTP/1.1" 304 0
INFO 2025-10-24 21:13:06,797 basehttp 11328 11524 "POST /cart/add/1/ HTTP/1.1" 302 0
INFO 2025-10-24 21:13:06,931 basehttp 11328 11524 "GET /cart/ HTTP/1.1" 200 20946
INFO 2025-10-24 21:13:10,347 basehttp 11328 11524 "GET /checkout/ HTTP/1.1" 200 23454
INFO 2025-10-24 21:13:23,919 basehttp 11328 6584 "POST /checkout/ HTTP/1.1" 302 0
INFO 2025-10-24 21:13:24,053 basehttp 11328 6584 "GET /checkout/ HTTP/1.1" 200 23748
INFO 2025-10-24 21:13:30,391 basehttp 11328 15492 "GET /track-order/ HTTP/1.1" 200 17785
INFO 2025-10-24 21:13:39,494 basehttp 11328 12488 "GET /track-order/ HTTP/1.1" 200 17785
ERROR 2025-10-24 21:13:45,594 log 11328 12488 Internal Server Error: /orders/
Traceback (most recent call last):
  File "C:\Users\Dell\AppData\Local\Programs\Python\Python312\Lib\site-packages\django\db\backends\utils.py", line 105, in _execute
    return self.cursor.execute(sql, params)
           ^^^^^^^^^^^^^^^^^^^^^^^^^^^^^^^^
psycopg2.errors.UndefinedColumn: column shop_order.shipping_method does not exist
LINE 1: ...cking_number", "shop_order"."estimated_delivery", "shop_orde...
                                                             ^


The above exception was the direct cause of the following exception:

Traceback (most recent call last):
  File "C:\Users\Dell\AppData\Local\Programs\Python\Python312\Lib\site-packages\django\core\handlers\exception.py", line 55, in inner
    response = get_response(request)
               ^^^^^^^^^^^^^^^^^^^^^
  File "C:\Users\Dell\AppData\Local\Programs\Python\Python312\Lib\site-packages\django\core\handlers\base.py", line 197, in _get_response
    response = wrapped_callback(request, *callback_args, **callback_kwargs)
               ^^^^^^^^^^^^^^^^^^^^^^^^^^^^^^^^^^^^^^^^^^^^^^^^^^^^^^^^^^^^
  File "C:\Users\Dell\AppData\Local\Programs\Python\Python312\Lib\site-packages\django\contrib\auth\decorators.py", line 59, in _view_wrapper
    return view_func(request, *args, **kwargs)
           ^^^^^^^^^^^^^^^^^^^^^^^^^^^^^^^^^^^
  File "C:\Users\Dell\Downloads\ecom\ecommerce\ecommerce\shop\views.py", line 341, in order_list
    return render(request, 'shop/order_list.html', {'orders': orders})
           ^^^^^^^^^^^^^^^^^^^^^^^^^^^^^^^^^^^^^^^^^^^^^^^^^^^^^^^^^^^
  File "C:\Users\Dell\AppData\Local\Programs\Python\Python312\Lib\site-packages\django\shortcuts.py", line 25, in render
    content = loader.render_to_string(template_name, context, request, using=using)
              ^^^^^^^^^^^^^^^^^^^^^^^^^^^^^^^^^^^^^^^^^^^^^^^^^^^^^^^^^^^^^^^^^^^^^
  File "C:\Users\Dell\AppData\Local\Programs\Python\Python312\Lib\site-packages\django\template\loader.py", line 62, in render_to_string
    return template.render(context, request)
           ^^^^^^^^^^^^^^^^^^^^^^^^^^^^^^^^^
  File "C:\Users\Dell\AppData\Local\Programs\Python\Python312\Lib\site-packages\django\template\backends\django.py", line 107, in render
    return self.template.render(context)
           ^^^^^^^^^^^^^^^^^^^^^^^^^^^^^
  File "C:\Users\Dell\AppData\Local\Programs\Python\Python312\Lib\site-packages\django\template\base.py", line 171, in render
    return self._render(context)
           ^^^^^^^^^^^^^^^^^^^^^
  File "C:\Users\Dell\AppData\Local\Programs\Python\Python312\Lib\site-packages\django\template\base.py", line 163, in _render
    return self.nodelist.render(context)
           ^^^^^^^^^^^^^^^^^^^^^^^^^^^^^
  File "C:\Users\Dell\AppData\Local\Programs\Python\Python312\Lib\site-packages\django\template\base.py", line 1016, in render
    return SafeString("".join([node.render_annotated(context) for node in self]))
                               ^^^^^^^^^^^^^^^^^^^^^^^^^^^^^^
  File "C:\Users\Dell\AppData\Local\Programs\Python\Python312\Lib\site-packages\django\template\base.py", line 977, in render_annotated
    return self.render(context)
           ^^^^^^^^^^^^^^^^^^^^
  File "C:\Users\Dell\AppData\Local\Programs\Python\Python312\Lib\site-packages\django\template\loader_tags.py", line 159, in render
    return compiled_parent._render(context)
           ^^^^^^^^^^^^^^^^^^^^^^^^^^^^^^^^
  File "C:\Users\Dell\AppData\Local\Programs\Python\Python312\Lib\site-packages\django\template\base.py", line 163, in _render
    return self.nodelist.render(context)
           ^^^^^^^^^^^^^^^^^^^^^^^^^^^^^
  File "C:\Users\Dell\AppData\Local\Programs\Python\Python312\Lib\site-packages\django\template\base.py", line 1016, in render
    return SafeString("".join([node.render_annotated(context) for node in self]))
                               ^^^^^^^^^^^^^^^^^^^^^^^^^^^^^^
  File "C:\Users\Dell\AppData\Local\Programs\Python\Python312\Lib\site-packages\django\template\base.py", line 977, in render_annotated
    return self.render(context)
           ^^^^^^^^^^^^^^^^^^^^
  File "C:\Users\Dell\AppData\Local\Programs\Python\Python312\Lib\site-packages\django\template\loader_tags.py", line 65, in render
    result = block.nodelist.render(context)
             ^^^^^^^^^^^^^^^^^^^^^^^^^^^^^^
  File "C:\Users\Dell\AppData\Local\Programs\Python\Python312\Lib\site-packages\django\template\base.py", line 1016, in render
    return SafeString("".join([node.render_annotated(context) for node in self]))
                               ^^^^^^^^^^^^^^^^^^^^^^^^^^^^^^
  File "C:\Users\Dell\AppData\Local\Programs\Python\Python312\Lib\site-packages\django\template\base.py", line 977, in render_annotated
    return self.render(context)
           ^^^^^^^^^^^^^^^^^^^^
  File "C:\Users\Dell\AppData\Local\Programs\Python\Python312\Lib\site-packages\django\template\defaulttags.py", line 326, in render
    if match:
       ^^^^^
  File "C:\Users\Dell\AppData\Local\Programs\Python\Python312\Lib\site-packages\django\db\models\query.py", line 398, in __bool__
    self._fetch_all()
  File "C:\Users\Dell\AppData\Local\Programs\Python\Python312\Lib\site-packages\django\db\models\query.py", line 1949, in _fetch_all
    self._result_cache = list(self._iterable_class(self))
                         ^^^^^^^^^^^^^^^^^^^^^^^^^^^^^^^^
  File "C:\Users\Dell\AppData\Local\Programs\Python\Python312\Lib\site-packages\django\db\models\query.py", line 91, in __iter__
    results = compiler.execute_sql(
              ^^^^^^^^^^^^^^^^^^^^^
  File "C:\Users\Dell\AppData\Local\Programs\Python\Python312\Lib\site-packages\django\db\models\sql\compiler.py", line 1623, in execute_sql
    cursor.execute(sql, params)
  File "C:\Users\Dell\AppData\Local\Programs\Python\Python312\Lib\site-packages\django\db\backends\utils.py", line 122, in execute
    return super().execute(sql, params)
           ^^^^^^^^^^^^^^^^^^^^^^^^^^^^
  File "C:\Users\Dell\AppData\Local\Programs\Python\Python312\Lib\site-packages\django\db\backends\utils.py", line 79, in execute
    return self._execute_with_wrappers(
           ^^^^^^^^^^^^^^^^^^^^^^^^^^^^
  File "C:\Users\Dell\AppData\Local\Programs\Python\Python312\Lib\site-packages\django\db\backends\utils.py", line 92, in _execute_with_wrappers
    return executor(sql, params, many, context)
           ^^^^^^^^^^^^^^^^^^^^^^^^^^^^^^^^^^^^
  File "C:\Users\Dell\AppData\Local\Programs\Python\Python312\Lib\site-packages\django\db\backends\utils.py", line 100, in _execute
    with self.db.wrap_database_errors:
         ^^^^^^^^^^^^^^^^^^^^^^^^^^^^
  File "C:\Users\Dell\AppData\Local\Programs\Python\Python312\Lib\site-packages\django\db\utils.py", line 91, in __exit__
    raise dj_exc_value.with_traceback(traceback) from exc_value
  File "C:\Users\Dell\AppData\Local\Programs\Python\Python312\Lib\site-packages\django\db\backends\utils.py", line 105, in _execute
    return self.cursor.execute(sql, params)
           ^^^^^^^^^^^^^^^^^^^^^^^^^^^^^^^^
django.db.utils.ProgrammingError: column shop_order.shipping_method does not exist
LINE 1: ...cking_number", "shop_order"."estimated_delivery", "shop_orde...
                                                             ^

ERROR 2025-10-24 21:13:45,616 basehttp 11328 12488 "GET /orders/ HTTP/1.1" 500 213154
WARNING 2025-10-24 21:13:45,882 basehttp 11328 12488 "GET /favicon.ico HTTP/1.1" 404 5716
INFO 2025-10-24 21:13:59,356 basehttp 11328 10048 "GET /checkout/ HTTP/1.1" 200 23454
INFO 2025-10-24 21:14:11,318 basehttp 11328 15772 "POST /cart/add/1/ HTTP/1.1" 302 0
INFO 2025-10-24 21:14:11,464 basehttp 11328 15772 "GET /cart/ HTTP/1.1" 200 20946
INFO 2025-10-24 21:14:14,735 basehttp 11328 15772 "GET /checkout/ HTTP/1.1" 200 23454
INFO 2025-10-24 21:14:32,326 basehttp 11328 5372 "POST /checkout/ HTTP/1.1" 302 0
INFO 2025-10-24 21:14:32,421 basehttp 11328 5372 "GET /checkout/ HTTP/1.1" 200 23748
INFO 2025-10-24 21:16:37,656 autoreload 10636 10352 Watching for file changes with StatReloader
INFO 2025-10-24 21:18:16,999 basehttp 11328 11596 "GET / HTTP/1.1" 200 23794
INFO 2025-10-24 21:18:22,362 basehttp 11328 15864 "GET /product/test-product/ HTTP/1.1" 200 18185
INFO 2025-10-24 21:18:26,106 basehttp 11328 15864 "POST /cart/add/3/ HTTP/1.1" 302 0
INFO 2025-10-24 21:18:26,219 basehttp 11328 15864 "GET /cart/ HTTP/1.1" 200 23806
INFO 2025-10-24 21:18:31,792 basehttp 11328 8712 "GET /checkout/ HTTP/1.1" 200 23816
INFO 2025-10-24 21:18:51,527 basehttp 11328 14420 "POST /checkout/ HTTP/1.1" 302 0
INFO 2025-10-24 21:18:51,628 basehttp 11328 14420 "GET /checkout/ HTTP/1.1" 200 24110
INFO 2025-10-25 11:13:29,568 autoreload 17020 11636 Watching for file changes with StatReloader
INFO 2025-10-25 11:13:36,411 basehttp 17020 15324 "GET / HTTP/1.1" 200 23794
INFO 2025-10-25 11:13:36,821 basehttp 17020 14260 "GET /static/css/style.css HTTP/1.1" 304 0
INFO 2025-10-25 11:13:36,822 basehttp 17020 15324 "GET /static/css/order.css HTTP/1.1" 304 0
INFO 2025-10-25 11:13:36,951 basehttp 17020 15324 "GET /media/products/Top_9_Hair_Care_Brands_in_India_For_Men_and_Women_1_x7hW9kP_yh5xxHt.jpg HTTP/1.1" 304 0
INFO 2025-10-25 11:13:43,129 basehttp 17020 13460 "GET /product/test-product/ HTTP/1.1" 200 18185
INFO 2025-10-25 11:13:47,427 basehttp 17020 11776 "POST /cart/add/3/ HTTP/1.1" 302 0
INFO 2025-10-25 11:13:47,664 basehttp 17020 11776 "GET /cart/ HTTP/1.1" 200 23807
INFO 2025-10-25 11:13:50,531 basehttp 17020 7852 "GET /checkout/ HTTP/1.1" 200 23817
INFO 2025-10-25 11:14:01,711 basehttp 17020 10764 - Broken pipe from ('127.0.0.1', 54206)
INFO 2025-10-25 11:14:01,711 basehttp 17020 13208 "POST /checkout/ HTTP/1.1" 302 0
INFO 2025-10-25 11:14:01,891 basehttp 17020 13208 "GET /checkout/ HTTP/1.1" 200 24111
ERROR 2025-10-25 11:27:19,784 log 17020 5676 Internal Server Error: /orders/
Traceback (most recent call last):
  File "C:\Users\Dell\AppData\Local\Programs\Python\Python312\Lib\site-packages\django\db\backends\utils.py", line 105, in _execute
    return self.cursor.execute(sql, params)
           ^^^^^^^^^^^^^^^^^^^^^^^^^^^^^^^^
psycopg2.errors.UndefinedColumn: column shop_order.state does not exist
LINE 1: ...ne", "shop_order"."address", "shop_order"."city", "shop_orde...
                                                             ^
HINT:  Perhaps you meant to reference the column "shop_order.status".


The above exception was the direct cause of the following exception:

Traceback (most recent call last):
  File "C:\Users\Dell\AppData\Local\Programs\Python\Python312\Lib\site-packages\django\core\handlers\exception.py", line 55, in inner
    response = get_response(request)
               ^^^^^^^^^^^^^^^^^^^^^
  File "C:\Users\Dell\AppData\Local\Programs\Python\Python312\Lib\site-packages\django\core\handlers\base.py", line 197, in _get_response
    response = wrapped_callback(request, *callback_args, **callback_kwargs)
               ^^^^^^^^^^^^^^^^^^^^^^^^^^^^^^^^^^^^^^^^^^^^^^^^^^^^^^^^^^^^
  File "C:\Users\Dell\AppData\Local\Programs\Python\Python312\Lib\site-packages\django\contrib\auth\decorators.py", line 59, in _view_wrapper
    return view_func(request, *args, **kwargs)
           ^^^^^^^^^^^^^^^^^^^^^^^^^^^^^^^^^^^
  File "C:\Users\Dell\Downloads\ecom\ecommerce\ecommerce\shop\views.py", line 341, in order_list
    return render(request, 'shop/order_list.html', {'orders': orders})
           ^^^^^^^^^^^^^^^^^^^^^^^^^^^^^^^^^^^^^^^^^^^^^^^^^^^^^^^^^^^
  File "C:\Users\Dell\AppData\Local\Programs\Python\Python312\Lib\site-packages\django\shortcuts.py", line 25, in render
    content = loader.render_to_string(template_name, context, request, using=using)
              ^^^^^^^^^^^^^^^^^^^^^^^^^^^^^^^^^^^^^^^^^^^^^^^^^^^^^^^^^^^^^^^^^^^^^
  File "C:\Users\Dell\AppData\Local\Programs\Python\Python312\Lib\site-packages\django\template\loader.py", line 62, in render_to_string
    return template.render(context, request)
           ^^^^^^^^^^^^^^^^^^^^^^^^^^^^^^^^^
  File "C:\Users\Dell\AppData\Local\Programs\Python\Python312\Lib\site-packages\django\template\backends\django.py", line 107, in render
    return self.template.render(context)
           ^^^^^^^^^^^^^^^^^^^^^^^^^^^^^
  File "C:\Users\Dell\AppData\Local\Programs\Python\Python312\Lib\site-packages\django\template\base.py", line 171, in render
    return self._render(context)
           ^^^^^^^^^^^^^^^^^^^^^
  File "C:\Users\Dell\AppData\Local\Programs\Python\Python312\Lib\site-packages\django\template\base.py", line 163, in _render
    return self.nodelist.render(context)
           ^^^^^^^^^^^^^^^^^^^^^^^^^^^^^
  File "C:\Users\Dell\AppData\Local\Programs\Python\Python312\Lib\site-packages\django\template\base.py", line 1016, in render
    return SafeString("".join([node.render_annotated(context) for node in self]))
                               ^^^^^^^^^^^^^^^^^^^^^^^^^^^^^^
  File "C:\Users\Dell\AppData\Local\Programs\Python\Python312\Lib\site-packages\django\template\base.py", line 977, in render_annotated
    return self.render(context)
           ^^^^^^^^^^^^^^^^^^^^
  File "C:\Users\Dell\AppData\Local\Programs\Python\Python312\Lib\site-packages\django\template\loader_tags.py", line 159, in render
    return compiled_parent._render(context)
           ^^^^^^^^^^^^^^^^^^^^^^^^^^^^^^^^
  File "C:\Users\Dell\AppData\Local\Programs\Python\Python312\Lib\site-packages\django\template\base.py", line 163, in _render
    return self.nodelist.render(context)
           ^^^^^^^^^^^^^^^^^^^^^^^^^^^^^
  File "C:\Users\Dell\AppData\Local\Programs\Python\Python312\Lib\site-packages\django\template\base.py", line 1016, in render
    return SafeString("".join([node.render_annotated(context) for node in self]))
                               ^^^^^^^^^^^^^^^^^^^^^^^^^^^^^^
  File "C:\Users\Dell\AppData\Local\Programs\Python\Python312\Lib\site-packages\django\template\base.py", line 977, in render_annotated
    return self.render(context)
           ^^^^^^^^^^^^^^^^^^^^
  File "C:\Users\Dell\AppData\Local\Programs\Python\Python312\Lib\site-packages\django\template\loader_tags.py", line 65, in render
    result = block.nodelist.render(context)
             ^^^^^^^^^^^^^^^^^^^^^^^^^^^^^^
  File "C:\Users\Dell\AppData\Local\Programs\Python\Python312\Lib\site-packages\django\template\base.py", line 1016, in render
    return SafeString("".join([node.render_annotated(context) for node in self]))
                               ^^^^^^^^^^^^^^^^^^^^^^^^^^^^^^
  File "C:\Users\Dell\AppData\Local\Programs\Python\Python312\Lib\site-packages\django\template\base.py", line 977, in render_annotated
    return self.render(context)
           ^^^^^^^^^^^^^^^^^^^^
  File "C:\Users\Dell\AppData\Local\Programs\Python\Python312\Lib\site-packages\django\template\defaulttags.py", line 326, in render
    if match:
       ^^^^^
  File "C:\Users\Dell\AppData\Local\Programs\Python\Python312\Lib\site-packages\django\db\models\query.py", line 398, in __bool__
    self._fetch_all()
  File "C:\Users\Dell\AppData\Local\Programs\Python\Python312\Lib\site-packages\django\db\models\query.py", line 1949, in _fetch_all
    self._result_cache = list(self._iterable_class(self))
                         ^^^^^^^^^^^^^^^^^^^^^^^^^^^^^^^^
  File "C:\Users\Dell\AppData\Local\Programs\Python\Python312\Lib\site-packages\django\db\models\query.py", line 91, in __iter__
    results = compiler.execute_sql(
              ^^^^^^^^^^^^^^^^^^^^^
  File "C:\Users\Dell\AppData\Local\Programs\Python\Python312\Lib\site-packages\django\db\models\sql\compiler.py", line 1623, in execute_sql
    cursor.execute(sql, params)
  File "C:\Users\Dell\AppData\Local\Programs\Python\Python312\Lib\site-packages\django\db\backends\utils.py", line 122, in execute
    return super().execute(sql, params)
           ^^^^^^^^^^^^^^^^^^^^^^^^^^^^
  File "C:\Users\Dell\AppData\Local\Programs\Python\Python312\Lib\site-packages\django\db\backends\utils.py", line 79, in execute
    return self._execute_with_wrappers(
           ^^^^^^^^^^^^^^^^^^^^^^^^^^^^
  File "C:\Users\Dell\AppData\Local\Programs\Python\Python312\Lib\site-packages\django\db\backends\utils.py", line 92, in _execute_with_wrappers
    return executor(sql, params, many, context)
           ^^^^^^^^^^^^^^^^^^^^^^^^^^^^^^^^^^^^
  File "C:\Users\Dell\AppData\Local\Programs\Python\Python312\Lib\site-packages\django\db\backends\utils.py", line 100, in _execute
    with self.db.wrap_database_errors:
         ^^^^^^^^^^^^^^^^^^^^^^^^^^^^
  File "C:\Users\Dell\AppData\Local\Programs\Python\Python312\Lib\site-packages\django\db\utils.py", line 91, in __exit__
    raise dj_exc_value.with_traceback(traceback) from exc_value
  File "C:\Users\Dell\AppData\Local\Programs\Python\Python312\Lib\site-packages\django\db\backends\utils.py", line 105, in _execute
    return self.cursor.execute(sql, params)
           ^^^^^^^^^^^^^^^^^^^^^^^^^^^^^^^^
django.db.utils.ProgrammingError: column shop_order.state does not exist
LINE 1: ...ne", "shop_order"."address", "shop_order"."city", "shop_orde...
                                                             ^
HINT:  Perhaps you meant to reference the column "shop_order.status".

ERROR 2025-10-25 11:27:19,791 basehttp 17020 5676 "GET /orders/ HTTP/1.1" 500 215549
WARNING 2025-10-25 11:27:20,080 basehttp 17020 5676 "GET /favicon.ico HTTP/1.1" 404 5716
INFO 2025-10-25 11:34:24,493 utils 15244 4944 Preparing to send order confirmation email for order #1
INFO 2025-10-25 11:34:24,493 utils 15244 4944 Sending order confirmation email to test@example.com for order #1
INFO 2025-10-25 11:34:24,558 utils 15244 4944 Email sent successfully to test@example.com for order #1
INFO 2025-10-25 11:34:31,929 utils 15244 4944 Preparing to send order confirmation email for order #2
INFO 2025-10-25 11:34:31,944 utils 15244 4944 Sending order confirmation email to test@example.com for order #2
INFO 2025-10-25 11:34:31,969 utils 15244 4944 Email sent successfully to test@example.com for order #2
INFO 2025-10-25 11:34:35,617 utils 15244 4944 Preparing to send order confirmation email for order #3
INFO 2025-10-25 11:34:35,633 utils 15244 4944 Sending order confirmation email to test@example.com for order #3
INFO 2025-10-25 11:34:35,669 utils 15244 4944 Email sent successfully to test@example.com for order #3
INFO 2025-10-25 11:34:39,389 utils 15244 4944 Preparing to send order confirmation email for order #4
INFO 2025-10-25 11:34:39,389 utils 15244 4944 Sending order confirmation email to test@example.com for order #4
INFO 2025-10-25 11:34:39,433 utils 15244 4944 Email sent successfully to test@example.com for order #4
INFO 2025-10-25 11:34:42,929 utils 15244 4944 Preparing to send order confirmation email for order #5
INFO 2025-10-25 11:34:42,944 utils 15244 4944 Sending order confirmation email to test@example.com for order #5
INFO 2025-10-25 11:34:42,981 utils 15244 4944 Email sent successfully to test@example.com for order #5
INFO 2025-10-25 11:34:46,400 utils 15244 4944 Preparing to send order confirmation email for order #6
INFO 2025-10-25 11:34:46,416 utils 15244 4944 Sending order confirmation email to test@example.com for order #6
INFO 2025-10-25 11:34:46,447 utils 15244 4944 Email sent successfully to test@example.com for order #6
INFO 2025-10-25 11:36:39,341 utils 12156 14164 Preparing to send order confirmation email for order #7
INFO 2025-10-25 11:36:39,341 utils 12156 14164 Sending order confirmation email to test@example.com for order #7
INFO 2025-10-25 11:36:39,384 utils 12156 14164 Email sent successfully to test@example.com for order #7
INFO 2025-10-25 11:36:46,994 utils 12156 14164 Preparing to send order confirmation email for order #8
INFO 2025-10-25 11:36:46,994 utils 12156 14164 Sending order confirmation email to test@example.com for order #8
INFO 2025-10-25 11:36:47,028 utils 12156 14164 Email sent successfully to test@example.com for order #8
INFO 2025-10-25 11:36:50,591 utils 12156 14164 Preparing to send order confirmation email for order #9
INFO 2025-10-25 11:36:50,600 utils 12156 14164 Sending order confirmation email to test@example.com for order #9
INFO 2025-10-25 11:36:50,623 utils 12156 14164 Email sent successfully to test@example.com for order #9
INFO 2025-10-25 11:36:54,104 utils 12156 14164 Preparing to send order confirmation email for order #10
INFO 2025-10-25 11:36:54,104 utils 12156 14164 Sending order confirmation email to test@example.com for order #10
INFO 2025-10-25 11:36:54,143 utils 12156 14164 Email sent successfully to test@example.com for order #10
INFO 2025-10-25 11:36:57,554 utils 12156 14164 Preparing to send order confirmation email for order #11
INFO 2025-10-25 11:36:57,570 utils 12156 14164 Sending order confirmation email to test@example.com for order #11
INFO 2025-10-25 11:36:57,600 utils 12156 14164 Email sent successfully to test@example.com for order #11
INFO 2025-10-25 11:37:01,045 utils 12156 14164 Preparing to send order confirmation email for order #12
INFO 2025-10-25 11:37:01,061 utils 12156 14164 Sending order confirmation email to test@example.com for order #12
INFO 2025-10-25 11:37:01,087 utils 12156 14164 Email sent successfully to test@example.com for order #12
INFO 2025-10-25 11:37:56,685 utils 15024 12504 Preparing to send order confirmation email for order #13
INFO 2025-10-25 11:37:56,685 utils 15024 12504 Sending order confirmation email to test@example.com for order #13
INFO 2025-10-25 11:37:56,723 utils 15024 12504 Email sent successfully to test@example.com for order #13
INFO 2025-10-25 11:38:03,483 utils 15024 12504 Preparing to send order confirmation email for order #14
INFO 2025-10-25 11:38:03,499 utils 15024 12504 Sending order confirmation email to test@example.com for order #14
INFO 2025-10-25 11:38:03,516 utils 15024 12504 Email sent successfully to test@example.com for order #14
INFO 2025-10-25 11:38:06,921 utils 15024 12504 Preparing to send order confirmation email for order #15
INFO 2025-10-25 11:38:06,921 utils 15024 12504 Sending order confirmation email to test@example.com for order #15
INFO 2025-10-25 11:38:06,956 utils 15024 12504 Email sent successfully to test@example.com for order #15
INFO 2025-10-25 11:38:10,430 utils 15024 12504 Preparing to send order confirmation email for order #16
INFO 2025-10-25 11:38:10,437 utils 15024 12504 Sending order confirmation email to test@example.com for order #16
INFO 2025-10-25 11:38:10,466 utils 15024 12504 Email sent successfully to test@example.com for order #16
INFO 2025-10-25 11:38:14,157 utils 15024 12504 Preparing to send order confirmation email for order #17
INFO 2025-10-25 11:38:14,167 utils 15024 12504 Sending order confirmation email to test@example.com for order #17
INFO 2025-10-25 11:38:14,202 utils 15024 12504 Email sent successfully to test@example.com for order #17
INFO 2025-10-25 11:38:17,767 utils 15024 12504 Preparing to send order confirmation email for order #18
INFO 2025-10-25 11:38:17,767 utils 15024 12504 Sending order confirmation email to test@example.com for order #18
INFO 2025-10-25 11:38:17,799 utils 15024 12504 Email sent successfully to test@example.com for order #18
INFO 2025-10-25 11:39:00,327 utils 13040 16796 Preparing to send order confirmation email for order #19
INFO 2025-10-25 11:39:00,327 utils 13040 16796 Sending order confirmation email to test@example.com for order #19
INFO 2025-10-25 11:39:00,369 utils 13040 16796 Email sent successfully to test@example.com for order #19
INFO 2025-10-25 11:39:07,231 utils 13040 16796 Preparing to send order confirmation email for order #20
INFO 2025-10-25 11:39:07,247 utils 13040 16796 Sending order confirmation email to test@example.com for order #20
INFO 2025-10-25 11:39:07,293 utils 13040 16796 Email sent successfully to test@example.com for order #20
INFO 2025-10-25 11:39:10,704 utils 13040 16796 Preparing to send order confirmation email for order #21
INFO 2025-10-25 11:39:10,720 utils 13040 16796 Sending order confirmation email to test@example.com for order #21
INFO 2025-10-25 11:39:10,755 utils 13040 16796 Email sent successfully to test@example.com for order #21
INFO 2025-10-25 11:39:14,394 utils 13040 16796 Preparing to send order confirmation email for order #22
INFO 2025-10-25 11:39:14,394 utils 13040 16796 Sending order confirmation email to test@example.com for order #22
INFO 2025-10-25 11:39:14,432 utils 13040 16796 Email sent successfully to test@example.com for order #22
INFO 2025-10-25 11:39:18,094 utils 13040 16796 Preparing to send order confirmation email for order #23
INFO 2025-10-25 11:39:18,103 utils 13040 16796 Sending order confirmation email to test@example.com for order #23
INFO 2025-10-25 11:39:18,130 utils 13040 16796 Email sent successfully to test@example.com for order #23
INFO 2025-10-25 11:39:21,634 utils 13040 16796 Preparing to send order confirmation email for order #24
INFO 2025-10-25 11:39:21,644 utils 13040 16796 Sending order confirmation email to test@example.com for order #24
INFO 2025-10-25 11:39:21,668 utils 13040 16796 Email sent successfully to test@example.com for order #24
INFO 2025-10-25 11:40:21,838 utils 12852 9196 Preparing to send order confirmation email for order #25
INFO 2025-10-25 11:40:21,856 utils 12852 9196 Sending order confirmation email to test@example.com for order #25
INFO 2025-10-25 11:40:21,883 utils 12852 9196 Email sent successfully to test@example.com for order #25
INFO 2025-10-25 11:40:29,036 utils 12852 9196 Preparing to send order confirmation email for order #26
INFO 2025-10-25 11:40:29,052 utils 12852 9196 Sending order confirmation email to test@example.com for order #26
INFO 2025-10-25 11:40:29,079 utils 12852 9196 Email sent successfully to test@example.com for order #26
INFO 2025-10-25 11:40:29,125 utils 12852 9196 Preparing to send order confirmation email for order #27
INFO 2025-10-25 11:40:29,140 utils 12852 9196 Sending order confirmation email to test@example.com for order #27
INFO 2025-10-25 11:40:29,165 utils 12852 9196 Email sent successfully to test@example.com for order #27
INFO 2025-10-25 11:40:29,224 utils 12852 9196 Preparing to send order confirmation email for order #28
INFO 2025-10-25 11:40:29,225 utils 12852 9196 Sending order confirmation email to test@example.com for order #28
INFO 2025-10-25 11:40:29,265 utils 12852 9196 Email sent successfully to test@example.com for order #28
INFO 2025-10-25 11:40:32,681 utils 12852 9196 Preparing to send order confirmation email for order #29
INFO 2025-10-25 11:40:32,681 utils 12852 9196 Sending order confirmation email to test@example.com for order #29
INFO 2025-10-25 11:40:32,715 utils 12852 9196 Email sent successfully to test@example.com for order #29
INFO 2025-10-25 11:40:36,264 utils 12852 9196 Preparing to send order confirmation email for order #30
INFO 2025-10-25 11:40:36,264 utils 12852 9196 Sending order confirmation email to test@example.com for order #30
INFO 2025-10-25 11:40:36,292 utils 12852 9196 Email sent successfully to test@example.com for order #30
INFO 2025-10-25 11:40:39,709 utils 12852 9196 Preparing to send order confirmation email for order #31
INFO 2025-10-25 11:40:39,709 utils 12852 9196 Sending order confirmation email to test@example.com for order #31
INFO 2025-10-25 11:40:39,743 utils 12852 9196 Email sent successfully to test@example.com for order #31
INFO 2025-10-25 11:40:43,147 utils 12852 9196 Preparing to send order confirmation email for order #32
INFO 2025-10-25 11:40:43,147 utils 12852 9196 Sending order confirmation email to test@example.com for order #32
INFO 2025-10-25 11:40:43,181 utils 12852 9196 Email sent successfully to test@example.com for order #32
INFO 2025-10-25 11:41:19,418 autoreload 5356 13756 Watching for file changes with StatReloader
INFO 2025-10-25 11:41:22,950 basehttp 17020 1644 "GET / HTTP/1.1" 200 23794
INFO 2025-10-25 11:41:29,683 basehttp 17020 6856 "GET /product/auraglow/ HTTP/1.1" 200 18557
INFO 2025-10-25 11:41:29,723 basehttp 17020 6856 "GET /media/products/WhatsApp_Image_2021-10-14_at_10_izt5HQ6.59.54_AM.webp HTTP/1.1" 304 0
INFO 2025-10-25 11:41:33,636 basehttp 17020 6856 "POST /cart/add/1/ HTTP/1.1" 302 0
INFO 2025-10-25 11:41:33,737 basehttp 17020 6856 "GET /cart/ HTTP/1.1" 200 23807
INFO 2025-10-25 11:41:42,604 basehttp 17020 15644 "GET /cart/remove/3/ HTTP/1.1" 302 0
INFO 2025-10-25 11:41:42,697 basehttp 17020 15644 "GET /cart/ HTTP/1.1" 200 20946
INFO 2025-10-25 11:41:44,983 basehttp 17020 15644 "GET /checkout/ HTTP/1.1" 200 23454
INFO 2025-10-25 11:42:10,684 basehttp 17020 2084 "POST /checkout/ HTTP/1.1" 302 0
INFO 2025-10-25 11:42:10,791 basehttp 17020 2084 "GET /checkout/ HTTP/1.1" 200 23748
INFO 2025-10-25 11:42:32,735 basehttp 17020 15096 "POST /checkout/ HTTP/1.1" 302 0
INFO 2025-10-25 11:42:32,840 basehttp 17020 15096 "GET /checkout/ HTTP/1.1" 200 23748
INFO 2025-10-25 11:45:40,558 autoreload 17020 11636 C:\Users\Dell\Downloads\ecom\ecommerce\ecommerce\shop\views.py changed, reloading.
INFO 2025-10-25 11:45:41,635 autoreload 5356 13756 C:\Users\Dell\Downloads\ecom\ecommerce\ecommerce\shop\views.py changed, reloading.
INFO 2025-10-25 11:45:43,243 autoreload 5684 8528 Watching for file changes with StatReloader
INFO 2025-10-25 11:45:43,476 autoreload 16284 11580 Watching for file changes with StatReloader
INFO 2025-10-25 11:46:04,059 autoreload 5684 8528 C:\Users\Dell\Downloads\ecom\ecommerce\ecommerce\shop\views.py changed, reloading.
INFO 2025-10-25 11:46:04,197 autoreload 16284 11580 C:\Users\Dell\Downloads\ecom\ecommerce\ecommerce\shop\views.py changed, reloading.
INFO 2025-10-25 11:46:06,120 autoreload 2492 15112 Watching for file changes with StatReloader
INFO 2025-10-25 11:46:06,289 autoreload 11728 10768 Watching for file changes with StatReloader
INFO 2025-10-25 11:46:33,270 autoreload 11728 10768 C:\Users\Dell\Downloads\ecom\ecommerce\ecommerce\shop\views.py changed, reloading.
INFO 2025-10-25 11:46:33,332 autoreload 2492 15112 C:\Users\Dell\Downloads\ecom\ecommerce\ecommerce\shop\views.py changed, reloading.
INFO 2025-10-25 11:46:35,307 autoreload 4688 4544 Watching for file changes with StatReloader
INFO 2025-10-25 11:46:35,307 autoreload 16020 10548 Watching for file changes with StatReloader
INFO 2025-10-25 11:47:12,138 autoreload 4688 4544 C:\Users\Dell\Downloads\ecom\ecommerce\ecommerce\shop\views.py changed, reloading.
INFO 2025-10-25 11:47:12,203 autoreload 16020 10548 C:\Users\Dell\Downloads\ecom\ecommerce\ecommerce\shop\views.py changed, reloading.
INFO 2025-10-25 11:47:14,422 autoreload 2904 3284 Watching for file changes with StatReloader
INFO 2025-10-25 11:47:14,462 autoreload 13448 9876 Watching for file changes with StatReloader
INFO 2025-10-25 11:48:18,121 basehttp 2904 6328 "GET / HTTP/1.1" 200 23794
INFO 2025-10-25 11:48:29,095 basehttp 2904 12324 "GET /product/auraglow/ HTTP/1.1" 200 18557
INFO 2025-10-25 11:48:36,400 basehttp 2904 13720 "POST /cart/add/1/ HTTP/1.1" 302 0
INFO 2025-10-25 11:48:36,485 basehttp 2904 13720 "GET /cart/ HTTP/1.1" 200 20946
INFO 2025-10-25 11:48:40,828 basehttp 2904 13720 "GET /checkout/ HTTP/1.1" 200 23454
INFO 2025-10-25 11:48:52,850 basehttp 2904 5844 "POST /checkout/ HTTP/1.1" 302 0
INFO 2025-10-25 11:48:52,983 basehttp 2904 5844 "GET /checkout/ HTTP/1.1" 200 23810
INFO 2025-10-25 11:49:15,768 basehttp 2904 14936 "GET /track-order/ HTTP/1.1" 200 17785
INFO 2025-10-25 11:49:41,516 autoreload 2904 3284 C:\Users\Dell\Downloads\ecom\ecommerce\ecommerce\shop\views.py changed, reloading.
INFO 2025-10-25 11:49:41,915 autoreload 13448 9876 C:\Users\Dell\Downloads\ecom\ecommerce\ecommerce\shop\views.py changed, reloading.
INFO 2025-10-25 11:49:43,215 autoreload 7152 17276 Watching for file changes with StatReloader
INFO 2025-10-25 11:49:43,664 autoreload 10456 1668 Watching for file changes with StatReloader
INFO 2025-10-25 11:51:40,716 autoreload 7152 17276 C:\Users\Dell\Downloads\ecom\ecommerce\ecommerce\shop\views.py changed, reloading.
INFO 2025-10-25 11:51:40,833 autoreload 10456 1668 C:\Users\Dell\Downloads\ecom\ecommerce\ecommerce\shop\views.py changed, reloading.
INFO 2025-10-25 11:51:43,446 autoreload 16920 8768 Watching for file changes with StatReloader
INFO 2025-10-25 11:51:43,542 autoreload 16012 17116 Watching for file changes with StatReloader
INFO 2025-10-25 11:52:16,182 autoreload 16012 17116 C:\Users\Dell\Downloads\ecom\ecommerce\ecommerce\shop\views.py changed, reloading.
INFO 2025-10-25 11:52:16,213 autoreload 16920 8768 C:\Users\Dell\Downloads\ecom\ecommerce\ecommerce\shop\views.py changed, reloading.
INFO 2025-10-25 11:52:18,158 autoreload 464 6804 Watching for file changes with StatReloader
INFO 2025-10-25 11:52:18,231 autoreload 6972 10540 Watching for file changes with StatReloader
INFO 2025-10-25 12:01:40,269 autoreload 16240 15888 Watching for file changes with StatReloader
INFO 2025-10-25 12:04:38,922 autoreload 16240 15888 C:\Users\Dell\Downloads\ecom\ecommerce\ecommerce\shop\utils\order_processing.py changed, reloading.
INFO 2025-10-25 12:04:38,926 autoreload 6972 10540 C:\Users\Dell\Downloads\ecom\ecommerce\ecommerce\shop\utils\order_processing.py changed, reloading.
INFO 2025-10-25 12:04:38,961 autoreload 464 6804 C:\Users\Dell\Downloads\ecom\ecommerce\ecommerce\shop\utils\order_processing.py changed, reloading.
INFO 2025-10-25 12:04:42,788 autoreload 9736 15560 Watching for file changes with StatReloader
INFO 2025-10-25 12:04:43,040 autoreload 5020 14664 Watching for file changes with StatReloader
INFO 2025-10-25 12:04:43,122 autoreload 6756 10408 Watching for file changes with StatReloader
INFO 2025-10-25 12:06:44,171 autoreload 6756 10408 C:\Users\Dell\Downloads\ecom\ecommerce\ecommerce\shop\utils\order_processing.py changed, reloading.
INFO 2025-10-25 12:06:44,188 autoreload 5020 14664 C:\Users\Dell\Downloads\ecom\ecommerce\ecommerce\shop\utils\order_processing.py changed, reloading.
INFO 2025-10-25 12:06:44,211 autoreload 9736 15560 C:\Users\Dell\Downloads\ecom\ecommerce\ecommerce\shop\utils\order_processing.py changed, reloading.
INFO 2025-10-25 12:06:45,890 autoreload 14040 14852 Watching for file changes with StatReloader
INFO 2025-10-25 12:06:45,916 autoreload 11636 15772 Watching for file changes with StatReloader
INFO 2025-10-25 12:06:45,963 autoreload 15340 4948 Watching for file changes with StatReloader
INFO 2025-10-26 08:01:38,123 basehttp 11636 6768 "GET / HTTP/1.1" 200 23794
INFO 2025-10-26 08:01:38,286 basehttp 11636 14184 "GET /static/css/order.css HTTP/1.1" 304 0
INFO 2025-10-26 08:01:38,324 basehttp 11636 7128 "GET /static/css/style.css HTTP/1.1" 304 0
INFO 2025-10-26 08:01:38,395 basehttp 11636 9600 "GET /media/products/Top_9_Hair_Care_Brands_in_India_For_Men_and_Women_1_x7hW9kP_yh5xxHt.jpg HTTP/1.1" 304 0
INFO 2025-10-26 08:01:44,739 basehttp 11636 9600 "GET /product/auraglow/ HTTP/1.1" 200 18557
INFO 2025-10-26 08:01:44,851 basehttp 11636 9600 "GET /media/products/WhatsApp_Image_2021-10-14_at_10_izt5HQ6.59.54_AM.webp HTTP/1.1" 304 0
INFO 2025-10-26 08:01:47,394 basehttp 11636 9600 "POST /cart/add/1/ HTTP/1.1" 302 0
INFO 2025-10-26 08:01:47,812 basehttp 11636 9600 "GET /cart/ HTTP/1.1" 200 20946
INFO 2025-10-26 08:01:55,037 basehttp 11636 8440 "POST /cart/add/1/ HTTP/1.1" 302 0
INFO 2025-10-26 08:01:55,200 basehttp 11636 8440 "GET /cart/ HTTP/1.1" 200 20943
INFO 2025-10-26 08:01:58,176 logging 11636 8440 Starting checkout
INFO 2025-10-26 08:01:58,331 logging 11636 8440 Completed checkout successfully
INFO 2025-10-26 08:01:58,333 basehttp 11636 8440 "GET /checkout/ HTTP/1.1" 200 23450
INFO 2025-10-26 08:02:19,732 logging 11636 15268 Starting checkout
ERROR 2025-10-26 08:02:19,935 logging 11636 15268 Error in step create_order: column "state" of relation "shop_order" does not exist
LINE 1: ..."last_name", "email", "phone", "address", "city", "state", "...
                                                             ^

ERROR 2025-10-26 08:02:19,936 views 11636 15268 Critical error during checkout for user 1
INFO 2025-10-26 08:02:19,945 logging 11636 15268 Completed checkout successfully
INFO 2025-10-26 08:02:19,945 basehttp 11636 15268 "POST /checkout/ HTTP/1.1" 200 24056
INFO 2025-10-26 08:02:55,818 logging 11636 16632 Starting checkout
ERROR 2025-10-26 08:02:55,838 logging 11636 16632 Error in step create_order: column "state" of relation "shop_order" does not exist
LINE 1: ..."last_name", "email", "phone", "address", "city", "state", "...
                                                             ^

ERROR 2025-10-26 08:02:55,849 views 11636 16632 Critical error during checkout for user 1
INFO 2025-10-26 08:02:55,871 logging 11636 16632 Completed checkout successfully
INFO 2025-10-26 08:02:55,874 basehttp 11636 16632 "POST /checkout/ HTTP/1.1" 200 24061
INFO 2025-10-26 08:03:12,950 basehttp 11636 16632 "GET /track-order/ HTTP/1.1" 200 17785
INFO 2025-10-26 08:05:38,542 autoreload 14040 14852 C:\Users\Dell\Downloads\ecom\ecommerce\ecommerce\shop\utils\order_processing.py changed, reloading.
INFO 2025-10-26 08:05:38,684 autoreload 11636 15772 C:\Users\Dell\Downloads\ecom\ecommerce\ecommerce\shop\utils\order_processing.py changed, reloading.
INFO 2025-10-26 08:05:39,786 autoreload 15340 4948 C:\Users\Dell\Downloads\ecom\ecommerce\ecommerce\shop\utils\order_processing.py changed, reloading.
INFO 2025-10-26 08:05:43,169 autoreload 11372 12076 Watching for file changes with StatReloader
INFO 2025-10-26 08:05:43,169 autoreload 15664 17384 Watching for file changes with StatReloader
INFO 2025-10-26 08:05:43,169 autoreload 9708 14552 Watching for file changes with StatReloader
INFO 2025-10-26 08:06:14,416 autoreload 15664 17384 C:\Users\Dell\Downloads\ecom\ecommerce\ecommerce\shop\utils\order_processing.py changed, reloading.
INFO 2025-10-26 08:06:14,425 autoreload 11372 12076 C:\Users\Dell\Downloads\ecom\ecommerce\ecommerce\shop\utils\order_processing.py changed, reloading.
INFO 2025-10-26 08:06:15,481 autoreload 9708 14552 C:\Users\Dell\Downloads\ecom\ecommerce\ecommerce\shop\utils\order_processing.py changed, reloading.
INFO 2025-10-26 08:06:17,219 autoreload 13124 4400 Watching for file changes with StatReloader
INFO 2025-10-26 08:06:17,254 autoreload 14576 6120 Watching for file changes with StatReloader
INFO 2025-10-26 08:06:17,929 autoreload 14404 596 Watching for file changes with StatReloader
INFO 2025-10-26 08:06:30,214 autoreload 14576 6120 C:\Users\Dell\Downloads\ecom\ecommerce\ecommerce\shop\utils\logging.py changed, reloading.
INFO 2025-10-26 08:06:30,286 autoreload 13124 4400 C:\Users\Dell\Downloads\ecom\ecommerce\ecommerce\shop\utils\logging.py changed, reloading.
INFO 2025-10-26 08:06:30,820 autoreload 14404 596 C:\Users\Dell\Downloads\ecom\ecommerce\ecommerce\shop\utils\logging.py changed, reloading.
INFO 2025-10-26 08:06:33,292 autoreload 5472 14280 Watching for file changes with StatReloader
INFO 2025-10-26 08:06:33,402 autoreload 7036 15940 Watching for file changes with StatReloader
INFO 2025-10-26 08:06:33,819 autoreload 10208 12972 Watching for file changes with StatReloader
INFO 2025-10-26 08:07:22,783 autoreload 7360 11488 Watching for file changes with StatReloader
INFO 2025-10-26 08:07:59,576 autoreload 7360 11488 C:\Users\Dell\Downloads\ecom\ecommerce\ecommerce\shop\utils\order_processing.py changed, reloading.
INFO 2025-10-26 08:08:01,565 autoreload 8 9432 Watching for file changes with StatReloader
INFO 2025-10-26 08:08:40,213 autoreload 10868 14840 Watching for file changes with StatReloader
INFO 2025-10-26 08:10:17,980 autoreload 10868 14840 C:\Users\Dell\Downloads\ecom\ecommerce\ecommerce\shop\utils\logging.py changed, reloading.
INFO 2025-10-26 08:10:18,008 autoreload 8 9432 C:\Users\Dell\Downloads\ecom\ecommerce\ecommerce\shop\utils\logging.py changed, reloading.
INFO 2025-10-26 08:10:19,478 autoreload 13340 16288 Watching for file changes with StatReloader
INFO 2025-10-26 08:10:19,494 autoreload 10264 5876 Watching for file changes with StatReloader
INFO 2025-10-28 09:54:44,748 autoreload 10264 5876 C:\Users\Dell\Downloads\ecom\ecommerce\ecommerce\shop\utils\order_processing.py changed, reloading.
INFO 2025-10-28 09:54:49,187 autoreload 16192 12840 Watching for file changes with StatReloader
INFO 2025-10-28 09:55:15,320 autoreload 16192 12840 C:\Users\Dell\Downloads\ecom\ecommerce\ecommerce\shop\utils\order_processing.py changed, reloading.
INFO 2025-10-28 09:55:17,714 autoreload 14604 12152 Watching for file changes with StatReloader
INFO 2025-10-28 09:56:18,002 autoreload 14604 12152 C:\Users\Dell\Downloads\ecom\ecommerce\ecommerce\shop\utils\order_processing.py changed, reloading.
INFO 2025-10-28 09:56:19,551 autoreload 7040 16404 Watching for file changes with StatReloader
INFO 2025-10-28 09:57:05,384 autoreload 17364 14004 Watching for file changes with StatReloader
INFO 2025-10-28 09:58:18,482 autoreload 7040 16404 C:\Users\Dell\Downloads\ecom\ecommerce\ecommerce\shop\utils\order_processing.py changed, reloading.
INFO 2025-10-28 09:58:19,337 autoreload 17364 14004 C:\Users\Dell\Downloads\ecom\ecommerce\ecommerce\shop\utils\order_processing.py changed, reloading.
INFO 2025-10-28 09:58:24,197 autoreload 6420 8264 Watching for file changes with StatReloader
INFO 2025-10-28 09:58:24,188 autoreload 10768 13304 Watching for file changes with StatReloader
INFO 2025-10-28 09:59:38,542 autoreload 10768 13304 C:\Users\Dell\Downloads\ecom\ecommerce\ecommerce\shop\utils\order_processing.py changed, reloading.
INFO 2025-10-28 09:59:38,629 autoreload 6420 8264 C:\Users\Dell\Downloads\ecom\ecommerce\ecommerce\shop\utils\order_processing.py changed, reloading.
INFO 2025-10-28 09:59:41,057 autoreload 10604 16936 Watching for file changes with StatReloader
INFO 2025-10-28 09:59:41,061 autoreload 13964 14528 Watching for file changes with StatReloader
INFO 2025-10-28 10:00:27,261 autoreload 10664 9768 Watching for file changes with StatReloader
INFO 2025-10-28 10:00:35,163 basehttp 13964 13168 "GET / HTTP/1.1" 200 23794
INFO 2025-10-28 10:00:35,227 basehttp 13964 13168 "GET /static/css/order.css HTTP/1.1" 304 0
INFO 2025-10-28 10:00:35,236 basehttp 13964 13368 "GET /static/css/style.css HTTP/1.1" 304 0
INFO 2025-10-28 10:00:35,242 basehttp 13964 13168 "GET /static/logo/logo.png HTTP/1.1" 304 0
INFO 2025-10-28 10:00:35,251 basehttp 13964 12252 "GET /media/products/Top_9_Hair_Care_Brands_in_India_For_Men_and_Women_1_x7hW9kP_yh5xxHt.jpg HTTP/1.1" 304 0
INFO 2025-10-28 10:00:40,499 basehttp 13964 15060 "GET /product/auraglow/ HTTP/1.1" 200 18557
INFO 2025-10-28 10:00:40,547 basehttp 13964 15060 "GET /media/products/WhatsApp_Image_2021-10-14_at_10_izt5HQ6.59.54_AM.webp HTTP/1.1" 304 0
INFO 2025-10-28 10:00:43,369 basehttp 13964 6836 "POST /cart/add/1/ HTTP/1.1" 302 0
INFO 2025-10-28 10:00:43,656 basehttp 13964 6836 "GET /cart/ HTTP/1.1" 200 20946
INFO 2025-10-28 10:00:48,000 logging 13964 15228 Starting checkout
INFO 2025-10-28 10:00:48,050 logging 13964 15228 Completed checkout successfully
INFO 2025-10-28 10:00:48,050 basehttp 13964 15228 "GET /checkout/ HTTP/1.1" 200 23454
INFO 2025-10-28 10:00:59,834 logging 13964 10312 Starting checkout
ERROR 2025-10-28 10:00:59,983 logging 13964 10312 Error in step create_order: column "state" of relation "shop_order" does not exist
LINE 1: ..."last_name", "email", "phone", "address", "city", "state", "...
                                                             ^

ERROR 2025-10-28 10:00:59,985 views 13964 10312 Critical error during checkout for user 1
INFO 2025-10-28 10:00:59,990 logging 13964 10312 Completed checkout successfully
INFO 2025-10-28 10:00:59,998 basehttp 13964 10312 "POST /checkout/ HTTP/1.1" 200 24060
INFO 2025-10-28 10:01:46,402 logging 13964 15216 Starting checkout
ERROR 2025-10-28 10:01:46,427 logging 13964 15216 Error in step create_order: column "state" of relation "shop_order" does not exist
LINE 1: ..."last_name", "email", "phone", "address", "city", "state", "...
                                                             ^

ERROR 2025-10-28 10:01:46,432 views 13964 15216 Critical error during checkout for user 1
INFO 2025-10-28 10:01:46,439 logging 13964 15216 Completed checkout successfully
INFO 2025-10-28 10:01:46,448 basehttp 13964 15216 "POST /checkout/ HTTP/1.1" 200 24060
INFO 2025-10-28 10:02:43,137 basehttp 13964 2824 "GET /accounts/logout/ HTTP/1.1" 302 0
INFO 2025-10-28 10:02:43,273 basehttp 13964 2824 "GET / HTTP/1.1" 200 22378
INFO 2025-10-28 10:02:53,501 basehttp 13964 2960 "GET /product/auraglow/ HTTP/1.1" 200 17141
INFO 2025-10-28 10:03:15,642 basehttp 13964 5040 "GET /product/auraglow/ HTTP/1.1" 200 17141
INFO 2025-10-28 10:04:05,258 basehttp 13964 9552 "POST /cart/add/1/ HTTP/1.1" 302 0
INFO 2025-10-28 10:04:05,363 basehttp 13964 9552 "GET /cart/ HTTP/1.1" 200 19527
INFO 2025-10-28 10:04:08,790 basehttp 13964 9552 "GET /checkout/ HTTP/1.1" 302 0
INFO 2025-10-28 10:04:09,004 basehttp 13964 9552 "GET /accounts/login/?next=/checkout/ HTTP/1.1" 200 18991
INFO 2025-10-28 10:04:17,396 basehttp 13964 776 "GET /checkout/ HTTP/1.1" 302 0
INFO 2025-10-28 10:04:17,651 basehttp 13964 776 "GET /accounts/login/?next=/checkout/ HTTP/1.1" 200 18991
INFO 2025-10-28 10:04:34,135 basehttp 13964 17144 "POST /accounts/login/ HTTP/1.1" 302 0
INFO 2025-10-28 10:04:34,254 basehttp 13964 17144 "GET / HTTP/1.1" 200 23794
INFO 2025-10-28 10:04:37,395 basehttp 13964 17144 "GET /product/auraglow/ HTTP/1.1" 200 18557
INFO 2025-10-28 10:04:40,923 basehttp 13964 17144 "POST /cart/add/1/ HTTP/1.1" 302 0
INFO 2025-10-28 10:04:41,140 basehttp 13964 17144 "GET /cart/ HTTP/1.1" 200 20943
INFO 2025-10-28 10:04:43,760 logging 13964 16960 Starting checkout
INFO 2025-10-28 10:04:43,769 logging 13964 16960 Completed checkout successfully
INFO 2025-10-28 10:04:43,778 basehttp 13964 16960 "GET /checkout/ HTTP/1.1" 200 23450
INFO 2025-10-28 10:04:52,585 logging 13964 8676 Starting checkout
ERROR 2025-10-28 10:04:52,606 logging 13964 8676 Error in step create_order: column "state" of relation "shop_order" does not exist
LINE 1: ..."last_name", "email", "phone", "address", "city", "state", "...
                                                             ^

ERROR 2025-10-28 10:04:52,608 views 13964 8676 Critical error during checkout for user 1
INFO 2025-10-28 10:04:52,614 logging 13964 8676 Completed checkout successfully
INFO 2025-10-28 10:04:52,621 basehttp 13964 8676 "POST /checkout/ HTTP/1.1" 200 24057
INFO 2025-10-28 10:09:29,161 basehttp 13964 11272 "GET / HTTP/1.1" 200 23794
INFO 2025-10-28 10:09:34,193 basehttp 13964 4460 "GET /product/auraglow/ HTTP/1.1" 200 18557
INFO 2025-10-28 10:09:37,409 basehttp 13964 4460 "POST /cart/add/1/ HTTP/1.1" 302 0
INFO 2025-10-28 10:09:37,571 basehttp 13964 4460 "GET /cart/ HTTP/1.1" 200 20946
INFO 2025-10-28 10:09:41,106 logging 13964 4460 Starting checkout
INFO 2025-10-28 10:09:41,118 logging 13964 4460 Completed checkout successfully
INFO 2025-10-28 10:09:41,118 basehttp 13964 4460 "GET /checkout/ HTTP/1.1" 200 23454
INFO 2025-10-28 10:09:49,247 logging 13964 14756 Starting checkout
ERROR 2025-10-28 10:09:49,262 logging 13964 14756 Error in step create_order: column "state" of relation "shop_order" does not exist
LINE 1: ..."last_name", "email", "phone", "address", "city", "state", "...
                                                             ^

ERROR 2025-10-28 10:09:49,265 views 13964 14756 Critical error during checkout for user 1
INFO 2025-10-28 10:09:49,278 logging 13964 14756 Completed checkout successfully
INFO 2025-10-28 10:09:49,278 basehttp 13964 14756 "POST /checkout/ HTTP/1.1" 200 24061
INFO 2025-10-28 10:10:48,185 logging 13964 10276 Starting checkout
ERROR 2025-10-28 10:10:48,202 logging 13964 10276 Error in step create_order: column "state" of relation "shop_order" does not exist
LINE 1: ..."last_name", "email", "phone", "address", "city", "state", "...
                                                             ^

ERROR 2025-10-28 10:10:48,236 views 13964 10276 Critical error during checkout for user 1
INFO 2025-10-28 10:10:48,289 logging 13964 10276 Completed checkout successfully
INFO 2025-10-28 10:10:48,329 basehttp 13964 10276 "POST /checkout/ HTTP/1.1" 200 24061
INFO 2025-10-28 10:11:31,058 logging 13964 9728 Starting checkout
ERROR 2025-10-28 10:11:31,079 logging 13964 9728 Error in step create_order: column "state" of relation "shop_order" does not exist
LINE 1: ..."last_name", "email", "phone", "address", "city", "state", "...
                                                             ^

ERROR 2025-10-28 10:11:31,081 views 13964 9728 Critical error during checkout for user 1
INFO 2025-10-28 10:11:31,093 logging 13964 9728 Completed checkout successfully
INFO 2025-10-28 10:11:31,095 basehttp 13964 9728 "POST /checkout/ HTTP/1.1" 200 24061
INFO 2025-10-28 10:11:48,502 logging 13964 8064 Starting checkout
ERROR 2025-10-28 10:11:48,534 logging 13964 8064 Error in step create_order: column "state" of relation "shop_order" does not exist
LINE 1: ..."last_name", "email", "phone", "address", "city", "state", "...
                                                             ^

ERROR 2025-10-28 10:11:48,554 views 13964 8064 Critical error during checkout for user 1
INFO 2025-10-28 10:11:48,568 logging 13964 8064 Completed checkout successfully
INFO 2025-10-28 10:11:48,570 basehttp 13964 8064 "POST /checkout/ HTTP/1.1" 200 24060
INFO 2025-10-28 10:12:24,367 autoreload 13964 14528 C:\Users\Dell\Downloads\ecom\ecommerce\ecommerce\shop\utils\order_processing.py changed, reloading.
INFO 2025-10-28 10:12:24,384 autoreload 10664 9768 C:\Users\Dell\Downloads\ecom\ecommerce\ecommerce\shop\utils\order_processing.py changed, reloading.
INFO 2025-10-28 10:12:24,484 autoreload 10604 16936 C:\Users\Dell\Downloads\ecom\ecommerce\ecommerce\shop\utils\order_processing.py changed, reloading.
INFO 2025-10-28 10:12:27,642 autoreload 13452 6396 Watching for file changes with StatReloader
INFO 2025-10-28 10:12:27,642 autoreload 8012 15616 Watching for file changes with StatReloader
INFO 2025-10-28 10:12:27,755 autoreload 2380 6988 Watching for file changes with StatReloader
INFO 2025-10-28 10:12:56,124 autoreload 13452 6396 C:\Users\Dell\Downloads\ecom\ecommerce\ecommerce\shop\utils\order_processing.py changed, reloading.
INFO 2025-10-28 10:12:56,142 autoreload 8012 15616 C:\Users\Dell\Downloads\ecom\ecommerce\ecommerce\shop\utils\order_processing.py changed, reloading.
INFO 2025-10-28 10:12:56,287 autoreload 2380 6988 C:\Users\Dell\Downloads\ecom\ecommerce\ecommerce\shop\utils\order_processing.py changed, reloading.
INFO 2025-10-28 10:12:58,477 autoreload 7792 9796 Watching for file changes with StatReloader
INFO 2025-10-28 10:12:58,492 autoreload 7768 12040 Watching for file changes with StatReloader
INFO 2025-10-28 10:12:58,616 autoreload 1184 7684 Watching for file changes with StatReloader
INFO 2025-10-28 10:13:20,865 autoreload 1184 7684 C:\Users\Dell\Downloads\ecom\ecommerce\ecommerce\shop\utils\order_processing.py changed, reloading.
INFO 2025-10-28 10:13:20,874 autoreload 7768 12040 C:\Users\Dell\Downloads\ecom\ecommerce\ecommerce\shop\utils\order_processing.py changed, reloading.
INFO 2025-10-28 10:13:20,882 autoreload 7792 9796 C:\Users\Dell\Downloads\ecom\ecommerce\ecommerce\shop\utils\order_processing.py changed, reloading.
INFO 2025-10-28 10:13:23,952 autoreload 6108 10220 Watching for file changes with StatReloader
INFO 2025-10-28 10:13:24,049 autoreload 9204 10864 Watching for file changes with StatReloader
INFO 2025-10-28 10:13:24,070 autoreload 12556 5224 Watching for file changes with StatReloader
INFO 2025-10-28 10:13:55,972 autoreload 12556 5224 C:\Users\Dell\Downloads\ecom\ecommerce\ecommerce\shop\utils\order_processing.py changed, reloading.
INFO 2025-10-28 10:13:57,011 autoreload 9204 10864 C:\Users\Dell\Downloads\ecom\ecommerce\ecommerce\shop\utils\order_processing.py changed, reloading.
INFO 2025-10-28 10:13:57,027 autoreload 6108 10220 C:\Users\Dell\Downloads\ecom\ecommerce\ecommerce\shop\utils\order_processing.py changed, reloading.
INFO 2025-10-28 10:13:59,169 autoreload 17012 14572 Watching for file changes with StatReloader
INFO 2025-10-28 10:13:59,651 autoreload 10908 6332 Watching for file changes with StatReloader
INFO 2025-10-28 10:13:59,741 autoreload 10404 3304 Watching for file changes with StatReloader
INFO 2025-10-28 10:16:58,236 autoreload 10404 3304 C:\Users\Dell\Downloads\ecom\ecommerce\ecommerce\shop\utils\order_processing.py changed, reloading.
INFO 2025-10-28 10:16:58,256 autoreload 17012 14572 C:\Users\Dell\Downloads\ecom\ecommerce\ecommerce\shop\utils\order_processing.py changed, reloading.
INFO 2025-10-28 10:16:58,289 autoreload 10908 6332 C:\Users\Dell\Downloads\ecom\ecommerce\ecommerce\shop\utils\order_processing.py changed, reloading.
INFO 2025-10-28 10:16:59,888 autoreload 15684 14456 Watching for file changes with StatReloader
INFO 2025-10-28 10:16:59,890 autoreload 6080 9072 Watching for file changes with StatReloader
INFO 2025-10-28 10:16:59,902 autoreload 4912 2736 Watching for file changes with StatReloader
INFO 2025-10-28 10:17:12,814 autoreload 3560 6964 Watching for file changes with StatReloader
INFO 2025-10-28 10:18:14,262 autoreload 15684 14456 C:\Users\Dell\Downloads\ecom\ecommerce\ecommerce\shop\utils\order_processing.py changed, reloading.
INFO 2025-10-28 10:18:14,287 autoreload 4912 2736 C:\Users\Dell\Downloads\ecom\ecommerce\ecommerce\shop\utils\order_processing.py changed, reloading.
INFO 2025-10-28 10:18:14,309 autoreload 6080 9072 C:\Users\Dell\Downloads\ecom\ecommerce\ecommerce\shop\utils\order_processing.py changed, reloading.
INFO 2025-10-28 10:18:14,325 autoreload 3560 6964 C:\Users\Dell\Downloads\ecom\ecommerce\ecommerce\shop\utils\order_processing.py changed, reloading.
INFO 2025-10-28 10:18:17,736 autoreload 1876 14008 Watching for file changes with StatReloader
INFO 2025-10-28 10:18:17,796 autoreload 9416 1348 Watching for file changes with StatReloader
INFO 2025-10-28 10:18:17,865 autoreload 2288 9276 Watching for file changes with StatReloader
INFO 2025-10-28 10:18:17,906 autoreload 2652 4008 Watching for file changes with StatReloader
INFO 2025-10-28 10:20:57,972 autoreload 1876 14008 C:\Users\Dell\Downloads\ecom\ecommerce\ecommerce\shop\utils\order_processing.py changed, reloading.
INFO 2025-10-28 10:20:58,055 autoreload 9416 1348 C:\Users\Dell\Downloads\ecom\ecommerce\ecommerce\shop\utils\order_processing.py changed, reloading.
INFO 2025-10-28 10:20:58,092 autoreload 2288 9276 C:\Users\Dell\Downloads\ecom\ecommerce\ecommerce\shop\utils\order_processing.py changed, reloading.
INFO 2025-10-28 10:20:58,126 autoreload 2652 4008 C:\Users\Dell\Downloads\ecom\ecommerce\ecommerce\shop\utils\order_processing.py changed, reloading.
INFO 2025-10-28 10:21:03,083 autoreload 5244 16772 Watching for file changes with StatReloader
INFO 2025-10-28 10:21:03,308 autoreload 13028 192 Watching for file changes with StatReloader
INFO 2025-10-28 10:21:03,427 autoreload 15016 14756 Watching for file changes with StatReloader
INFO 2025-10-28 10:21:03,870 autoreload 5312 10988 Watching for file changes with StatReloader
INFO 2025-10-28 10:22:25,186 autoreload 15016 14756 C:\Users\Dell\Downloads\ecom\ecommerce\ecommerce\shop\utils\order_processing.py changed, reloading.
INFO 2025-10-28 10:22:25,198 autoreload 5312 10988 C:\Users\Dell\Downloads\ecom\ecommerce\ecommerce\shop\utils\order_processing.py changed, reloading.
INFO 2025-10-28 10:22:25,264 autoreload 13028 192 C:\Users\Dell\Downloads\ecom\ecommerce\ecommerce\shop\utils\order_processing.py changed, reloading.
INFO 2025-10-28 10:22:25,517 autoreload 5244 16772 C:\Users\Dell\Downloads\ecom\ecommerce\ecommerce\shop\utils\order_processing.py changed, reloading.
INFO 2025-10-28 10:22:28,651 autoreload 11992 5680 Watching for file changes with StatReloader
INFO 2025-10-28 10:22:28,690 autoreload 12432 3884 Watching for file changes with StatReloader
INFO 2025-10-28 10:22:28,870 autoreload 13912 16548 Watching for file changes with StatReloader
INFO 2025-10-28 10:22:29,339 autoreload 3728 9376 Watching for file changes with StatReloader
INFO 2025-10-28 10:23:16,618 autoreload 3728 9376 C:\Users\Dell\Downloads\ecom\ecommerce\ecommerce\shop\utils\order_processing.py changed, reloading.
INFO 2025-10-28 10:23:16,635 autoreload 11992 5680 C:\Users\Dell\Downloads\ecom\ecommerce\ecommerce\shop\utils\order_processing.py changed, reloading.
INFO 2025-10-28 10:23:16,643 autoreload 12432 3884 C:\Users\Dell\Downloads\ecom\ecommerce\ecommerce\shop\utils\order_processing.py changed, reloading.
INFO 2025-10-28 10:23:16,712 autoreload 13912 16548 C:\Users\Dell\Downloads\ecom\ecommerce\ecommerce\shop\utils\order_processing.py changed, reloading.
INFO 2025-10-28 10:23:19,799 autoreload 14404 11888 Watching for file changes with StatReloader
INFO 2025-10-28 10:23:19,890 autoreload 11488 15728 Watching for file changes with StatReloader
INFO 2025-10-28 10:23:19,977 autoreload 3144 11048 Watching for file changes with StatReloader
INFO 2025-10-28 10:23:21,112 autoreload 13496 5500 Watching for file changes with StatReloader
INFO 2025-10-28 10:23:32,111 autoreload 7744 11660 Watching for file changes with StatReloader
INFO 2025-10-28 10:23:36,810 basehttp 11488 15620 "GET / HTTP/1.1" 200 23794
INFO 2025-10-28 10:23:40,874 basehttp 11488 15620 "GET /product/auraglow/ HTTP/1.1" 200 18557
INFO 2025-10-28 10:23:43,341 basehttp 11488 15620 "POST /cart/add/1/ HTTP/1.1" 302 0
INFO 2025-10-28 10:23:43,498 basehttp 11488 15620 "GET /cart/ HTTP/1.1" 200 20946
INFO 2025-10-28 10:23:46,088 logging 11488 12136 Starting checkout
INFO 2025-10-28 10:23:46,113 logging 11488 12136 Completed checkout successfully
INFO 2025-10-28 10:23:46,116 basehttp 11488 12136 "GET /checkout/ HTTP/1.1" 200 23454
INFO 2025-10-28 10:23:54,495 logging 11488 14848 Starting checkout
ERROR 2025-10-28 10:23:54,637 logging 11488 14848 Error in step create_order: column "state" of relation "shop_order" does not exist
LINE 1: ..."last_name", "email", "phone", "address", "city", "state", "...
                                                             ^

ERROR 2025-10-28 10:23:54,639 views 11488 14848 Critical error during checkout for user 1
INFO 2025-10-28 10:23:54,653 logging 11488 14848 Completed checkout successfully
INFO 2025-10-28 10:23:54,656 basehttp 11488 14848 "POST /checkout/ HTTP/1.1" 200 24060
INFO 2025-10-28 10:24:23,897 autoreload 17332 12152 Watching for file changes with StatReloader
INFO 2025-10-28 10:24:27,416 basehttp 11488 11536 "GET / HTTP/1.1" 200 23794
INFO 2025-10-28 10:24:30,284 basehttp 11488 11536 "GET /product/auraglow/ HTTP/1.1" 200 18557
INFO 2025-10-28 10:24:33,951 basehttp 11488 11536 "POST /cart/add/1/ HTTP/1.1" 302 0
INFO 2025-10-28 10:24:34,158 basehttp 11488 11536 "GET /cart/ HTTP/1.1" 200 20946
INFO 2025-10-28 10:24:47,514 logging 11488 15416 Starting checkout
INFO 2025-10-28 10:24:47,527 logging 11488 15416 Completed checkout successfully
INFO 2025-10-28 10:24:47,535 basehttp 11488 15416 "GET /checkout/ HTTP/1.1" 200 23454
INFO 2025-10-28 10:25:03,897 logging 11488 10996 Starting checkout
ERROR 2025-10-28 10:25:03,926 logging 11488 10996 Error in step create_order: column "state" of relation "shop_order" does not exist
LINE 1: ..."last_name", "email", "phone", "address", "city", "state", "...
                                                             ^

ERROR 2025-10-28 10:25:03,933 views 11488 10996 Critical error during checkout for user 1
INFO 2025-10-28 10:25:03,965 logging 11488 10996 Completed checkout successfully
INFO 2025-10-28 10:25:03,976 basehttp 11488 10996 "POST /checkout/ HTTP/1.1" 200 24060
INFO 2025-10-28 10:49:00,484 logging 11488 15252 Starting checkout
ERROR 2025-10-28 10:49:00,541 logging 11488 15252 Error in step create_order: column "state" of relation "shop_order" does not exist
LINE 1: ..."last_name", "email", "phone", "address", "city", "state", "...
                                                             ^

ERROR 2025-10-28 10:49:00,549 views 11488 15252 Critical error during checkout for user 1
INFO 2025-10-28 10:49:00,571 logging 11488 15252 Completed checkout successfully
INFO 2025-10-28 10:49:00,572 basehttp 11488 15252 "POST /checkout/ HTTP/1.1" 200 24060
INFO 2025-10-28 10:49:47,519 basehttp 11488 2652 "GET / HTTP/1.1" 200 23794
INFO 2025-10-28 10:49:50,999 basehttp 11488 8688 "GET /product/auraglow/ HTTP/1.1" 200 18557
INFO 2025-10-28 10:49:53,574 basehttp 11488 6420 "POST /cart/add/1/ HTTP/1.1" 302 0
INFO 2025-10-28 10:49:53,773 basehttp 11488 6420 "GET /cart/ HTTP/1.1" 200 20946
INFO 2025-10-28 10:49:57,310 logging 11488 6420 Starting checkout
INFO 2025-10-28 10:49:57,323 logging 11488 6420 Completed checkout successfully
INFO 2025-10-28 10:49:57,323 basehttp 11488 6420 "GET /checkout/ HTTP/1.1" 200 23454
INFO 2025-10-28 10:50:08,983 logging 11488 6420 Starting checkout
ERROR 2025-10-28 10:50:08,996 logging 11488 6420 Error in step create_order: column "state" of relation "shop_order" does not exist
LINE 1: ..."last_name", "email", "phone", "address", "city", "state", "...
                                                             ^

ERROR 2025-10-28 10:50:09,003 views 11488 6420 Critical error during checkout for user 1
INFO 2025-10-28 10:50:09,008 logging 11488 6420 Completed checkout successfully
INFO 2025-10-28 10:50:09,016 basehttp 11488 6420 "POST /checkout/ HTTP/1.1" 200 24060
INFO 2025-10-28 10:53:10,361 autoreload 13496 5500 C:\Users\Dell\Downloads\ecom\ecommerce\ecommerce\shop\utils\order_processing.py changed, reloading.
INFO 2025-10-28 10:53:10,453 autoreload 14404 11888 C:\Users\Dell\Downloads\ecom\ecommerce\ecommerce\shop\utils\order_processing.py changed, reloading.
INFO 2025-10-28 10:53:10,478 autoreload 7744 11660 C:\Users\Dell\Downloads\ecom\ecommerce\ecommerce\shop\utils\order_processing.py changed, reloading.
INFO 2025-10-28 10:53:10,544 autoreload 11488 15728 C:\Users\Dell\Downloads\ecom\ecommerce\ecommerce\shop\utils\order_processing.py changed, reloading.
INFO 2025-10-28 10:53:10,534 autoreload 3144 11048 C:\Users\Dell\Downloads\ecom\ecommerce\ecommerce\shop\utils\order_processing.py changed, reloading.
INFO 2025-10-28 10:53:10,619 autoreload 17332 12152 C:\Users\Dell\Downloads\ecom\ecommerce\ecommerce\shop\utils\order_processing.py changed, reloading.
INFO 2025-10-28 10:53:15,965 autoreload 5856 8548 Watching for file changes with StatReloader
INFO 2025-10-28 10:53:16,409 autoreload 14944 8408 Watching for file changes with StatReloader
INFO 2025-10-28 10:53:16,542 autoreload 8616 216 Watching for file changes with StatReloader
INFO 2025-10-28 10:53:16,855 autoreload 8976 14448 Watching for file changes with StatReloader
INFO 2025-10-28 10:53:17,262 autoreload 5784 13100 Watching for file changes with StatReloader
INFO 2025-10-28 10:53:17,529 autoreload 10264 1076 Watching for file changes with StatReloader
INFO 2025-10-28 10:54:43,256 basehttp 5856 10888 "GET / HTTP/1.1" 200 23794
INFO 2025-10-28 10:54:47,574 basehttp 5856 6124 "GET /product/auraglow/ HTTP/1.1" 200 18557
INFO 2025-10-28 10:54:50,646 basehttp 5856 6124 "POST /cart/add/1/ HTTP/1.1" 302 0
INFO 2025-10-28 10:54:50,750 basehttp 5856 6124 "GET /cart/ HTTP/1.1" 200 20946
INFO 2025-10-28 10:54:57,465 basehttp 5856 9244 "POST /cart/add/1/ HTTP/1.1" 302 0
INFO 2025-10-28 10:54:57,560 basehttp 5856 9244 "GET /cart/ HTTP/1.1" 200 20946
INFO 2025-10-28 10:55:01,440 logging 5856 9244 Starting checkout
INFO 2025-10-28 10:55:01,491 logging 5856 9244 Completed checkout successfully
INFO 2025-10-28 10:55:01,508 basehttp 5856 9244 "GET /checkout/ HTTP/1.1" 200 23454
INFO 2025-10-28 10:55:13,384 logging 5856 9244 Starting checkout
ERROR 2025-10-28 10:55:13,505 logging 5856 9244 Error in step create_order: column "state" of relation "shop_order" does not exist
LINE 1: ..."last_name", "email", "phone", "address", "city", "state", "...
                                                             ^

ERROR 2025-10-28 10:55:13,507 views 5856 9244 Critical error during checkout for user 1
INFO 2025-10-28 10:55:13,521 logging 5856 9244 Completed checkout successfully
INFO 2025-10-28 10:55:13,523 basehttp 5856 9244 "POST /checkout/ HTTP/1.1" 200 24060
INFO 2025-10-28 10:55:54,198 logging 5856 17128 Starting checkout
INFO 2025-10-28 10:55:54,208 logging 5856 17128 Completed checkout successfully
INFO 2025-10-28 10:55:54,208 basehttp 5856 17128 "GET /checkout/ HTTP/1.1" 200 23454
INFO 2025-10-28 10:55:59,759 logging 5856 12920 Starting checkout
INFO 2025-10-28 10:55:59,772 logging 5856 12920 Completed checkout successfully
INFO 2025-10-28 10:55:59,781 basehttp 5856 12920 "GET /checkout/ HTTP/1.1" 200 23454
INFO 2025-10-28 10:56:13,888 basehttp 5856 2380 "GET /?search=test&category=&brand=&price_range=&sort_by= HTTP/1.1" 200 21574
INFO 2025-10-28 10:56:18,839 basehttp 5856 2380 "GET /product/auraglow/ HTTP/1.1" 200 18557
INFO 2025-10-28 10:56:21,058 basehttp 5856 12968 "POST /cart/add/1/ HTTP/1.1" 302 0
INFO 2025-10-28 10:56:21,184 basehttp 5856 12968 "GET /cart/ HTTP/1.1" 200 20946
INFO 2025-10-28 10:56:28,401 basehttp 5856 12968 "POST /cart/add/1/ HTTP/1.1" 302 0
INFO 2025-10-28 10:56:28,580 basehttp 5856 12968 "GET /cart/ HTTP/1.1" 200 20946
INFO 2025-10-28 10:56:31,150 logging 5856 12968 Starting checkout
INFO 2025-10-28 10:56:31,168 logging 5856 12968 Completed checkout successfully
INFO 2025-10-28 10:56:31,170 basehttp 5856 12968 "GET /checkout/ HTTP/1.1" 200 23454
INFO 2025-10-28 10:56:43,872 basehttp 5856 12968 "GET /accounts/logout/ HTTP/1.1" 302 0
INFO 2025-10-28 10:56:44,051 basehttp 5856 12968 "GET / HTTP/1.1" 200 22378
INFO 2025-10-28 10:56:47,773 basehttp 5856 12968 "GET /accounts/login/ HTTP/1.1" 200 18991
INFO 2025-10-28 10:56:50,557 basehttp 5856 12968 "GET /accounts/register/ HTTP/1.1" 200 31096
ERROR 2025-10-28 10:57:46,347 log 5856 15884 Internal Server Error: /accounts/register/
Traceback (most recent call last):
  File "C:\Users\Dell\AppData\Local\Programs\Python\Python312\Lib\site-packages\django\core\handlers\exception.py", line 55, in inner
    response = get_response(request)
               ^^^^^^^^^^^^^^^^^^^^^
  File "C:\Users\Dell\AppData\Local\Programs\Python\Python312\Lib\site-packages\django\core\handlers\base.py", line 197, in _get_response
    response = wrapped_callback(request, *callback_args, **callback_kwargs)
               ^^^^^^^^^^^^^^^^^^^^^^^^^^^^^^^^^^^^^^^^^^^^^^^^^^^^^^^^^^^^
  File "C:\Users\Dell\Downloads\ecom\ecommerce\ecommerce\accounts\views\__init__.py", line 10, in register
    user = form.save()
           ^^^^^^^^^^^
  File "C:\Users\Dell\AppData\Local\Programs\Python\Python312\Lib\site-packages\django\contrib\auth\forms.py", line 265, in save
    user = self.set_password_and_save(user, commit=commit)
           ^^^^^^^^^^^^^^^^^^^^^^^^^^^^^^^^^^^^^^^^^^^^^^^
  File "C:\Users\Dell\AppData\Local\Programs\Python\Python312\Lib\site-packages\django\contrib\auth\forms.py", line 154, in set_password_and_save
    user.save()
  File "C:\Users\Dell\AppData\Local\Programs\Python\Python312\Lib\site-packages\django\contrib\auth\base_user.py", line 65, in save
    super().save(*args, **kwargs)
  File "C:\Users\Dell\AppData\Local\Programs\Python\Python312\Lib\site-packages\django\db\models\base.py", line 902, in save
    self.save_base(
  File "C:\Users\Dell\AppData\Local\Programs\Python\Python312\Lib\site-packages\django\db\models\base.py", line 1023, in save_base
    post_save.send(
  File "C:\Users\Dell\AppData\Local\Programs\Python\Python312\Lib\site-packages\django\dispatch\dispatcher.py", line 189, in send
    response = receiver(signal=self, sender=sender, **named)
               ^^^^^^^^^^^^^^^^^^^^^^^^^^^^^^^^^^^^^^^^^^^^^
  File "C:\Users\Dell\Downloads\ecom\ecommerce\ecommerce\accounts\signals.py", line 29, in send_welcome_email
    send_mail(
  File "C:\Users\Dell\AppData\Local\Programs\Python\Python312\Lib\site-packages\django\core\mail\__init__.py", line 92, in send_mail
    return mail.send()
           ^^^^^^^^^^^
  File "C:\Users\Dell\AppData\Local\Programs\Python\Python312\Lib\site-packages\django\core\mail\message.py", line 307, in send
    return self.get_connection(fail_silently).send_messages([self])
           ^^^^^^^^^^^^^^^^^^^^^^^^^^^^^^^^^^^^^^^^^^^^^^^^^^^^^^^^
  File "C:\Users\Dell\AppData\Local\Programs\Python\Python312\Lib\site-packages\django\core\mail\backends\smtp.py", line 128, in send_messages
    new_conn_created = self.open()
                       ^^^^^^^^^^^
  File "C:\Users\Dell\AppData\Local\Programs\Python\Python312\Lib\site-packages\django\core\mail\backends\smtp.py", line 86, in open
    self.connection = self.connection_class(
                      ^^^^^^^^^^^^^^^^^^^^^^
  File "C:\Users\Dell\AppData\Local\Programs\Python\Python312\Lib\smtplib.py", line 255, in __init__
    (code, msg) = self.connect(host, port)
                  ^^^^^^^^^^^^^^^^^^^^^^^^
  File "C:\Users\Dell\AppData\Local\Programs\Python\Python312\Lib\smtplib.py", line 341, in connect
    self.sock = self._get_socket(host, port, self.timeout)
                ^^^^^^^^^^^^^^^^^^^^^^^^^^^^^^^^^^^^^^^^^^
  File "C:\Users\Dell\AppData\Local\Programs\Python\Python312\Lib\smtplib.py", line 312, in _get_socket
    return socket.create_connection((host, port), timeout,
           ^^^^^^^^^^^^^^^^^^^^^^^^^^^^^^^^^^^^^^^^^^^^^^^
  File "C:\Users\Dell\AppData\Local\Programs\Python\Python312\Lib\socket.py", line 841, in create_connection
    for res in getaddrinfo(host, port, 0, SOCK_STREAM):
               ^^^^^^^^^^^^^^^^^^^^^^^^^^^^^^^^^^^^^^^
  File "C:\Users\Dell\AppData\Local\Programs\Python\Python312\Lib\socket.py", line 978, in getaddrinfo
    for res in _socket.getaddrinfo(host, port, family, type, proto, flags):
               ^^^^^^^^^^^^^^^^^^^^^^^^^^^^^^^^^^^^^^^^^^^^^^^^^^^^^^^^^^^
socket.gaierror: [Errno 11001] getaddrinfo failed
ERROR 2025-10-28 10:57:46,361 basehttp 5856 15884 "POST /accounts/register/ HTTP/1.1" 500 167297
WARNING 2025-10-28 10:57:46,607 basehttp 5856 15884 "GET /favicon.ico HTTP/1.1" 404 5716
INFO 2025-10-28 11:02:00,073 basehttp 5856 13868 "POST /accounts/register/ HTTP/1.1" 200 31631
INFO 2025-10-28 11:03:00,755 autoreload 10440 2600 Watching for file changes with StatReloader
INFO 2025-10-28 11:03:03,848 basehttp 5856 12360 "GET / HTTP/1.1" 200 22378
INFO 2025-10-28 11:03:08,386 basehttp 5856 12360 "GET /accounts/login/ HTTP/1.1" 200 18991
INFO 2025-10-28 11:03:17,299 basehttp 5856 14672 "GET /accounts/register/ HTTP/1.1" 200 31096
INFO 2025-10-28 11:03:58,969 basehttp 5856 1604 "POST /accounts/register/ HTTP/1.1" 200 31631
INFO 2025-10-28 11:04:29,246 autoreload 8616 216 C:\Users\Dell\Downloads\ecom\ecommerce\ecommerce\shop\utils\order_processing.py changed, reloading.
INFO 2025-10-28 11:04:29,253 autoreload 10440 2600 C:\Users\Dell\Downloads\ecom\ecommerce\ecommerce\shop\utils\order_processing.py changed, reloading.
INFO 2025-10-28 11:04:29,271 autoreload 14944 8408 C:\Users\Dell\Downloads\ecom\ecommerce\ecommerce\shop\utils\order_processing.py changed, reloading.
INFO 2025-10-28 11:04:29,271 autoreload 8976 14448 C:\Users\Dell\Downloads\ecom\ecommerce\ecommerce\shop\utils\order_processing.py changed, reloading.
INFO 2025-10-28 11:04:29,328 autoreload 5856 8548 C:\Users\Dell\Downloads\ecom\ecommerce\ecommerce\shop\utils\order_processing.py changed, reloading.
INFO 2025-10-28 11:04:29,335 autoreload 10264 1076 C:\Users\Dell\Downloads\ecom\ecommerce\ecommerce\shop\utils\order_processing.py changed, reloading.
INFO 2025-10-28 11:04:29,335 autoreload 5784 13100 C:\Users\Dell\Downloads\ecom\ecommerce\ecommerce\shop\utils\order_processing.py changed, reloading.
INFO 2025-10-28 11:04:35,071 autoreload 11444 9516 Watching for file changes with StatReloader
INFO 2025-10-28 11:04:35,349 autoreload 11780 15388 Watching for file changes with StatReloader
INFO 2025-10-28 11:04:35,406 autoreload 7980 15840 Watching for file changes with StatReloader
INFO 2025-10-28 11:04:36,437 autoreload 9896 6684 Watching for file changes with StatReloader
INFO 2025-10-28 11:04:36,702 autoreload 15528 1424 Watching for file changes with StatReloader
INFO 2025-10-28 11:04:37,200 autoreload 12968 10868 Watching for file changes with StatReloader
INFO 2025-10-28 11:04:37,454 autoreload 1684 16220 Watching for file changes with StatReloader
INFO 2025-10-28 11:08:14,703 autoreload 15528 1424 C:\Users\Dell\Downloads\ecom\ecommerce\ecommerce\shop\migrations\0001_initial.py changed, reloading.
INFO 2025-10-28 11:08:14,725 autoreload 9896 6684 C:\Users\Dell\Downloads\ecom\ecommerce\ecommerce\shop\migrations\0001_initial.py changed, reloading.
INFO 2025-10-28 11:08:15,168 autoreload 12968 10868 C:\Users\Dell\Downloads\ecom\ecommerce\ecommerce\shop\migrations\0001_initial.py changed, reloading.
INFO 2025-10-28 11:08:15,475 autoreload 7980 15840 C:\Users\Dell\Downloads\ecom\ecommerce\ecommerce\shop\migrations\0001_initial.py changed, reloading.
INFO 2025-10-28 11:08:15,522 autoreload 11780 15388 C:\Users\Dell\Downloads\ecom\ecommerce\ecommerce\shop\migrations\0001_initial.py changed, reloading.
INFO 2025-10-28 11:08:15,587 autoreload 1684 16220 C:\Users\Dell\Downloads\ecom\ecommerce\ecommerce\shop\migrations\0001_initial.py changed, reloading.
INFO 2025-10-28 11:08:15,559 autoreload 11444 9516 C:\Users\Dell\Downloads\ecom\ecommerce\ecommerce\shop\migrations\0001_initial.py changed, reloading.
INFO 2025-10-28 11:08:20,750 autoreload 13780 11576 Watching for file changes with StatReloader
INFO 2025-10-28 11:08:20,761 autoreload 9512 6088 Watching for file changes with StatReloader
INFO 2025-10-28 11:08:21,599 autoreload 11608 5928 Watching for file changes with StatReloader
INFO 2025-10-28 11:08:21,959 autoreload 5716 13160 Watching for file changes with StatReloader
INFO 2025-10-28 11:08:22,134 autoreload 15424 9144 Watching for file changes with StatReloader
INFO 2025-10-28 11:08:22,166 autoreload 13248 13452 Watching for file changes with StatReloader
INFO 2025-10-28 11:08:22,484 autoreload 12336 8364 Watching for file changes with StatReloader
INFO 2025-10-28 11:12:05,879 autoreload 16764 6820 Watching for file changes with StatReloader
INFO 2025-10-28 11:12:09,620 basehttp 13780 6296 "GET / HTTP/1.1" 200 22378
INFO 2025-10-28 11:12:12,826 basehttp 13780 6296 "GET /product/auraglow/ HTTP/1.1" 200 17141
INFO 2025-10-28 11:12:15,607 basehttp 13780 6296 "POST /cart/add/1/ HTTP/1.1" 302 0
INFO 2025-10-28 11:12:15,866 basehttp 13780 6296 "GET /cart/ HTTP/1.1" 200 19527
INFO 2025-10-28 11:12:19,459 basehttp 13780 14776 "GET /checkout/ HTTP/1.1" 302 0
INFO 2025-10-28 11:12:19,678 basehttp 13780 14776 "GET /accounts/login/?next=/checkout/ HTTP/1.1" 200 18991
INFO 2025-10-28 11:15:48,907 autoreload 15424 9144 C:\Users\Dell\Downloads\ecom\ecommerce\ecommerce\accounts\signals.py changed, reloading.
INFO 2025-10-28 11:15:48,990 autoreload 11608 5928 C:\Users\Dell\Downloads\ecom\ecommerce\ecommerce\accounts\signals.py changed, reloading.
INFO 2025-10-28 11:15:49,022 autoreload 16764 6820 C:\Users\Dell\Downloads\ecom\ecommerce\ecommerce\accounts\signals.py changed, reloading.
INFO 2025-10-28 11:15:49,107 autoreload 12336 8364 C:\Users\Dell\Downloads\ecom\ecommerce\ecommerce\accounts\signals.py changed, reloading.
INFO 2025-10-28 11:15:49,158 autoreload 5716 13160 C:\Users\Dell\Downloads\ecom\ecommerce\ecommerce\accounts\signals.py changed, reloading.
INFO 2025-10-28 11:15:49,175 autoreload 13248 13452 C:\Users\Dell\Downloads\ecom\ecommerce\ecommerce\accounts\signals.py changed, reloading.
INFO 2025-10-28 11:15:49,208 autoreload 13780 11576 C:\Users\Dell\Downloads\ecom\ecommerce\ecommerce\accounts\signals.py changed, reloading.
INFO 2025-10-28 11:15:49,244 autoreload 9512 6088 C:\Users\Dell\Downloads\ecom\ecommerce\ecommerce\accounts\signals.py changed, reloading.
INFO 2025-10-28 11:15:54,007 autoreload 10596 6756 Watching for file changes with StatReloader
INFO 2025-10-28 11:15:54,230 autoreload 5240 7272 Watching for file changes with StatReloader
INFO 2025-10-28 11:15:54,256 autoreload 12656 16404 Watching for file changes with StatReloader
INFO 2025-10-28 11:15:54,554 autoreload 5504 15180 Watching for file changes with StatReloader
INFO 2025-10-28 11:15:54,859 autoreload 3904 14888 Watching for file changes with StatReloader
INFO 2025-10-28 11:15:55,425 autoreload 13032 6952 Watching for file changes with StatReloader
INFO 2025-10-28 11:15:55,408 autoreload 9148 8804 Watching for file changes with StatReloader
INFO 2025-10-28 11:15:55,913 autoreload 13580 12016 Watching for file changes with StatReloader
INFO 2025-10-28 11:16:04,042 autoreload 9148 8804 C:\Users\Dell\Downloads\ecom\ecommerce\ecommerce\accounts\signals.py changed, reloading.
INFO 2025-10-28 11:16:04,107 autoreload 10596 6756 C:\Users\Dell\Downloads\ecom\ecommerce\ecommerce\accounts\signals.py changed, reloading.
INFO 2025-10-28 11:16:04,329 autoreload 12656 16404 C:\Users\Dell\Downloads\ecom\ecommerce\ecommerce\accounts\signals.py changed, reloading.
INFO 2025-10-28 11:16:04,318 autoreload 13032 6952 C:\Users\Dell\Downloads\ecom\ecommerce\ecommerce\accounts\signals.py changed, reloading.
INFO 2025-10-28 11:16:04,424 autoreload 13580 12016 C:\Users\Dell\Downloads\ecom\ecommerce\ecommerce\accounts\signals.py changed, reloading.
INFO 2025-10-28 11:16:04,452 autoreload 3904 14888 C:\Users\Dell\Downloads\ecom\ecommerce\ecommerce\accounts\signals.py changed, reloading.
INFO 2025-10-28 11:16:04,472 autoreload 5240 7272 C:\Users\Dell\Downloads\ecom\ecommerce\ecommerce\accounts\signals.py changed, reloading.
INFO 2025-10-28 11:16:04,750 autoreload 5504 15180 C:\Users\Dell\Downloads\ecom\ecommerce\ecommerce\accounts\signals.py changed, reloading.
INFO 2025-10-28 11:16:09,419 autoreload 7328 9884 Watching for file changes with StatReloader
INFO 2025-10-28 11:16:09,542 autoreload 12480 11260 Watching for file changes with StatReloader
INFO 2025-10-28 11:16:10,031 autoreload 15000 16892 Watching for file changes with StatReloader
INFO 2025-10-28 11:16:10,073 autoreload 5140 14200 Watching for file changes with StatReloader
INFO 2025-10-28 11:16:10,105 autoreload 8468 1492 Watching for file changes with StatReloader
INFO 2025-10-28 11:16:10,508 autoreload 10112 7732 Watching for file changes with StatReloader
INFO 2025-10-28 11:16:10,786 autoreload 15664 1596 Watching for file changes with StatReloader
INFO 2025-10-28 11:16:11,156 autoreload 6508 12212 Watching for file changes with StatReloader
INFO 2025-10-28 11:17:35,778 autoreload 8468 1492 C:\Users\Dell\Downloads\ecom\ecommerce\ecommerce\accounts\signals.py changed, reloading.
INFO 2025-10-28 11:17:35,905 autoreload 10112 7732 C:\Users\Dell\Downloads\ecom\ecommerce\ecommerce\accounts\signals.py changed, reloading.
INFO 2025-10-28 11:17:35,905 autoreload 15664 1596 C:\Users\Dell\Downloads\ecom\ecommerce\ecommerce\accounts\signals.py changed, reloading.
INFO 2025-10-28 11:17:35,918 autoreload 15000 16892 C:\Users\Dell\Downloads\ecom\ecommerce\ecommerce\accounts\signals.py changed, reloading.
INFO 2025-10-28 11:17:36,136 autoreload 12480 11260 C:\Users\Dell\Downloads\ecom\ecommerce\ecommerce\accounts\signals.py changed, reloading.
INFO 2025-10-28 11:17:36,162 autoreload 5140 14200 C:\Users\Dell\Downloads\ecom\ecommerce\ecommerce\accounts\signals.py changed, reloading.
INFO 2025-10-28 11:17:36,195 autoreload 7328 9884 C:\Users\Dell\Downloads\ecom\ecommerce\ecommerce\accounts\signals.py changed, reloading.
INFO 2025-10-28 11:17:36,246 autoreload 6508 12212 C:\Users\Dell\Downloads\ecom\ecommerce\ecommerce\accounts\signals.py changed, reloading.
INFO 2025-10-28 11:17:40,205 autoreload 9976 5796 Watching for file changes with StatReloader
INFO 2025-10-28 11:17:40,632 autoreload 8708 8656 Watching for file changes with StatReloader
INFO 2025-10-28 11:17:40,911 autoreload 13340 10020 Watching for file changes with StatReloader
INFO 2025-10-28 11:17:41,055 autoreload 9084 4144 Watching for file changes with StatReloader
INFO 2025-10-28 11:17:41,480 autoreload 11280 5412 Watching for file changes with StatReloader
INFO 2025-10-28 11:17:42,059 autoreload 15812 7156 Watching for file changes with StatReloader
INFO 2025-10-28 11:17:42,300 autoreload 14768 5800 Watching for file changes with StatReloader
INFO 2025-10-28 11:17:44,805 autoreload 11276 2644 Watching for file changes with StatReloader
INFO 2025-10-28 11:22:29,488 autoreload 14636 4364 Watching for file changes with StatReloader
INFO 2025-10-28 11:22:32,903 basehttp 9976 1660 "GET / HTTP/1.1" 200 22378
INFO 2025-10-28 11:22:44,764 basehttp 9976 8276 "GET /accounts/login/ HTTP/1.1" 200 18991
INFO 2025-10-28 11:22:47,485 basehttp 9976 8276 "GET /accounts/register/ HTTP/1.1" 200 31096
INFO 2025-10-28 11:23:37,685 basehttp 9976 15884 "POST /accounts/register/ HTTP/1.1" 302 0
INFO 2025-10-28 11:23:37,931 basehttp 9976 15884 "GET / HTTP/1.1" 200 23796
INFO 2025-10-28 11:26:28,025 basehttp 9976 8936 "GET / HTTP/1.1" 200 23796
INFO 2025-10-28 11:27:37,853 basehttp 9976 2936 "GET /product/auraglow/ HTTP/1.1" 200 18559
INFO 2025-10-28 11:27:40,789 basehttp 9976 2936 "POST /cart/add/1/ HTTP/1.1" 302 0
INFO 2025-10-28 11:27:40,903 basehttp 9976 2936 "GET /cart/ HTTP/1.1" 200 20945
INFO 2025-10-28 11:27:47,440 logging 9976 3996 Starting checkout
INFO 2025-10-28 11:27:47,469 logging 9976 3996 Completed checkout successfully
INFO 2025-10-28 11:27:47,469 basehttp 9976 3996 "GET /checkout/ HTTP/1.1" 200 23475
INFO 2025-10-28 11:28:18,606 logging 9976 8904 Starting checkout
ERROR 2025-10-28 11:28:18,644 logging 9976 8904 Error in step create_order: column "state" of relation "shop_order" does not exist
LINE 1: ..."last_name", "email", "phone", "address", "city", "state", "...
                                                             ^

ERROR 2025-10-28 11:28:18,646 views 9976 8904 Critical error during checkout for user 18
INFO 2025-10-28 11:28:18,663 logging 9976 8904 Completed checkout successfully
INFO 2025-10-28 11:28:18,666 basehttp 9976 8904 "POST /checkout/ HTTP/1.1" 200 24050
INFO 2025-10-28 11:28:31,405 logging 9976 6668 Starting checkout
INFO 2025-10-28 11:28:31,434 logging 9976 6668 Completed checkout successfully
INFO 2025-10-28 11:28:31,434 basehttp 9976 6668 "GET /checkout/ HTTP/1.1" 200 23475
INFO 2025-10-28 11:28:39,036 basehttp 9976 836 "GET /cart/ HTTP/1.1" 200 20945
INFO 2025-10-28 11:29:49,924 basehttp 9976 13092 "GET / HTTP/1.1" 200 23796
INFO 2025-10-28 11:30:00,067 basehttp 9976 12484 "GET /cart/ HTTP/1.1" 200 20945
INFO 2025-10-28 11:30:12,974 basehttp 9976 17240 "GET /track-order/ HTTP/1.1" 200 17787
ERROR 2025-10-28 11:30:24,750 log 9976 15784 Internal Server Error: /orders/
Traceback (most recent call last):
  File "C:\Users\Dell\AppData\Local\Programs\Python\Python312\Lib\site-packages\django\db\backends\utils.py", line 105, in _execute
    return self.cursor.execute(sql, params)
           ^^^^^^^^^^^^^^^^^^^^^^^^^^^^^^^^
psycopg2.errors.UndefinedColumn: column shop_order.state does not exist
LINE 1: ...ne", "shop_order"."address", "shop_order"."city", "shop_orde...
                                                             ^
HINT:  Perhaps you meant to reference the column "shop_order.status".


The above exception was the direct cause of the following exception:

Traceback (most recent call last):
  File "C:\Users\Dell\AppData\Local\Programs\Python\Python312\Lib\site-packages\django\core\handlers\exception.py", line 55, in inner
    response = get_response(request)
               ^^^^^^^^^^^^^^^^^^^^^
  File "C:\Users\Dell\AppData\Local\Programs\Python\Python312\Lib\site-packages\django\core\handlers\base.py", line 197, in _get_response
    response = wrapped_callback(request, *callback_args, **callback_kwargs)
               ^^^^^^^^^^^^^^^^^^^^^^^^^^^^^^^^^^^^^^^^^^^^^^^^^^^^^^^^^^^^
  File "C:\Users\Dell\AppData\Local\Programs\Python\Python312\Lib\site-packages\django\contrib\auth\decorators.py", line 59, in _view_wrapper
    return view_func(request, *args, **kwargs)
           ^^^^^^^^^^^^^^^^^^^^^^^^^^^^^^^^^^^
  File "C:\Users\Dell\Downloads\ecom\ecommerce\ecommerce\shop\views.py", line 429, in order_list
    return render(request, 'shop/order_list.html', {'orders': orders})
           ^^^^^^^^^^^^^^^^^^^^^^^^^^^^^^^^^^^^^^^^^^^^^^^^^^^^^^^^^^^
  File "C:\Users\Dell\AppData\Local\Programs\Python\Python312\Lib\site-packages\django\shortcuts.py", line 25, in render
    content = loader.render_to_string(template_name, context, request, using=using)
              ^^^^^^^^^^^^^^^^^^^^^^^^^^^^^^^^^^^^^^^^^^^^^^^^^^^^^^^^^^^^^^^^^^^^^
  File "C:\Users\Dell\AppData\Local\Programs\Python\Python312\Lib\site-packages\django\template\loader.py", line 62, in render_to_string
    return template.render(context, request)
           ^^^^^^^^^^^^^^^^^^^^^^^^^^^^^^^^^
  File "C:\Users\Dell\AppData\Local\Programs\Python\Python312\Lib\site-packages\django\template\backends\django.py", line 107, in render
    return self.template.render(context)
           ^^^^^^^^^^^^^^^^^^^^^^^^^^^^^
  File "C:\Users\Dell\AppData\Local\Programs\Python\Python312\Lib\site-packages\django\template\base.py", line 171, in render
    return self._render(context)
           ^^^^^^^^^^^^^^^^^^^^^
  File "C:\Users\Dell\AppData\Local\Programs\Python\Python312\Lib\site-packages\django\template\base.py", line 163, in _render
    return self.nodelist.render(context)
           ^^^^^^^^^^^^^^^^^^^^^^^^^^^^^
  File "C:\Users\Dell\AppData\Local\Programs\Python\Python312\Lib\site-packages\django\template\base.py", line 1016, in render
    return SafeString("".join([node.render_annotated(context) for node in self]))
                               ^^^^^^^^^^^^^^^^^^^^^^^^^^^^^^
  File "C:\Users\Dell\AppData\Local\Programs\Python\Python312\Lib\site-packages\django\template\base.py", line 977, in render_annotated
    return self.render(context)
           ^^^^^^^^^^^^^^^^^^^^
  File "C:\Users\Dell\AppData\Local\Programs\Python\Python312\Lib\site-packages\django\template\loader_tags.py", line 159, in render
    return compiled_parent._render(context)
           ^^^^^^^^^^^^^^^^^^^^^^^^^^^^^^^^
  File "C:\Users\Dell\AppData\Local\Programs\Python\Python312\Lib\site-packages\django\template\base.py", line 163, in _render
    return self.nodelist.render(context)
           ^^^^^^^^^^^^^^^^^^^^^^^^^^^^^
  File "C:\Users\Dell\AppData\Local\Programs\Python\Python312\Lib\site-packages\django\template\base.py", line 1016, in render
    return SafeString("".join([node.render_annotated(context) for node in self]))
                               ^^^^^^^^^^^^^^^^^^^^^^^^^^^^^^
  File "C:\Users\Dell\AppData\Local\Programs\Python\Python312\Lib\site-packages\django\template\base.py", line 977, in render_annotated
    return self.render(context)
           ^^^^^^^^^^^^^^^^^^^^
  File "C:\Users\Dell\AppData\Local\Programs\Python\Python312\Lib\site-packages\django\template\loader_tags.py", line 65, in render
    result = block.nodelist.render(context)
             ^^^^^^^^^^^^^^^^^^^^^^^^^^^^^^
  File "C:\Users\Dell\AppData\Local\Programs\Python\Python312\Lib\site-packages\django\template\base.py", line 1016, in render
    return SafeString("".join([node.render_annotated(context) for node in self]))
                               ^^^^^^^^^^^^^^^^^^^^^^^^^^^^^^
  File "C:\Users\Dell\AppData\Local\Programs\Python\Python312\Lib\site-packages\django\template\base.py", line 977, in render_annotated
    return self.render(context)
           ^^^^^^^^^^^^^^^^^^^^
  File "C:\Users\Dell\AppData\Local\Programs\Python\Python312\Lib\site-packages\django\template\defaulttags.py", line 326, in render
    if match:
       ^^^^^
  File "C:\Users\Dell\AppData\Local\Programs\Python\Python312\Lib\site-packages\django\db\models\query.py", line 398, in __bool__
    self._fetch_all()
  File "C:\Users\Dell\AppData\Local\Programs\Python\Python312\Lib\site-packages\django\db\models\query.py", line 1949, in _fetch_all
    self._result_cache = list(self._iterable_class(self))
                         ^^^^^^^^^^^^^^^^^^^^^^^^^^^^^^^^
  File "C:\Users\Dell\AppData\Local\Programs\Python\Python312\Lib\site-packages\django\db\models\query.py", line 91, in __iter__
    results = compiler.execute_sql(
              ^^^^^^^^^^^^^^^^^^^^^
  File "C:\Users\Dell\AppData\Local\Programs\Python\Python312\Lib\site-packages\django\db\models\sql\compiler.py", line 1623, in execute_sql
    cursor.execute(sql, params)
  File "C:\Users\Dell\AppData\Local\Programs\Python\Python312\Lib\site-packages\django\db\backends\utils.py", line 122, in execute
    return super().execute(sql, params)
           ^^^^^^^^^^^^^^^^^^^^^^^^^^^^
  File "C:\Users\Dell\AppData\Local\Programs\Python\Python312\Lib\site-packages\django\db\backends\utils.py", line 79, in execute
    return self._execute_with_wrappers(
           ^^^^^^^^^^^^^^^^^^^^^^^^^^^^
  File "C:\Users\Dell\AppData\Local\Programs\Python\Python312\Lib\site-packages\django\db\backends\utils.py", line 92, in _execute_with_wrappers
    return executor(sql, params, many, context)
           ^^^^^^^^^^^^^^^^^^^^^^^^^^^^^^^^^^^^
  File "C:\Users\Dell\AppData\Local\Programs\Python\Python312\Lib\site-packages\django\db\backends\utils.py", line 100, in _execute
    with self.db.wrap_database_errors:
         ^^^^^^^^^^^^^^^^^^^^^^^^^^^^
  File "C:\Users\Dell\AppData\Local\Programs\Python\Python312\Lib\site-packages\django\db\utils.py", line 91, in __exit__
    raise dj_exc_value.with_traceback(traceback) from exc_value
  File "C:\Users\Dell\AppData\Local\Programs\Python\Python312\Lib\site-packages\django\db\backends\utils.py", line 105, in _execute
    return self.cursor.execute(sql, params)
           ^^^^^^^^^^^^^^^^^^^^^^^^^^^^^^^^
django.db.utils.ProgrammingError: column shop_order.state does not exist
LINE 1: ...ne", "shop_order"."address", "shop_order"."city", "shop_orde...
                                                             ^
HINT:  Perhaps you meant to reference the column "shop_order.status".

ERROR 2025-10-28 11:30:24,768 basehttp 9976 15784 "GET /orders/ HTTP/1.1" 500 215559
INFO 2025-10-28 11:36:21,997 basehttp 9976 15152 "GET / HTTP/1.1" 200 23796
INFO 2025-10-28 11:36:25,208 basehttp 9976 17356 "GET /product/auraglow/ HTTP/1.1" 200 18559
INFO 2025-10-28 11:36:27,920 basehttp 9976 17356 "POST /cart/add/1/ HTTP/1.1" 302 0
INFO 2025-10-28 11:36:28,097 basehttp 9976 17356 "GET /cart/ HTTP/1.1" 200 20948
INFO 2025-10-28 11:36:30,807 logging 9976 17356 Starting checkout
INFO 2025-10-28 11:36:30,846 logging 9976 17356 Completed checkout successfully
INFO 2025-10-28 11:36:30,856 basehttp 9976 17356 "GET /checkout/ HTTP/1.1" 200 23479
INFO 2025-10-28 11:36:38,302 logging 9976 9636 Starting checkout
ERROR 2025-10-28 11:36:38,320 logging 9976 9636 Error in step create_order: column "state" of relation "shop_order" does not exist
LINE 1: ..."last_name", "email", "phone", "address", "city", "state", "...
                                                             ^

ERROR 2025-10-28 11:36:38,320 views 9976 9636 Critical error during checkout for user 18
INFO 2025-10-28 11:36:38,328 logging 9976 9636 Completed checkout successfully
INFO 2025-10-28 11:36:38,328 basehttp 9976 9636 "POST /checkout/ HTTP/1.1" 200 24055
INFO 2025-10-28 11:37:24,163 basehttp 9976 15088 "GET / HTTP/1.1" 200 23796
INFO 2025-10-28 11:37:40,590 basehttp 9976 14944 "GET /product/auraglow/ HTTP/1.1" 200 18559
INFO 2025-10-28 11:37:43,375 basehttp 9976 14944 "POST /cart/add/1/ HTTP/1.1" 302 0
INFO 2025-10-28 11:37:43,475 basehttp 9976 14944 "GET /cart/ HTTP/1.1" 200 20948
INFO 2025-10-28 11:37:46,530 logging 9976 17152 Starting checkout
INFO 2025-10-28 11:37:46,560 logging 9976 17152 Completed checkout successfully
INFO 2025-10-28 11:37:46,560 basehttp 9976 17152 "GET /checkout/ HTTP/1.1" 200 23479
INFO 2025-10-28 11:37:58,836 logging 9976 15560 Starting checkout
ERROR 2025-10-28 11:37:58,852 logging 9976 15560 Error in step create_order: column "state" of relation "shop_order" does not exist
LINE 1: ..."last_name", "email", "phone", "address", "city", "state", "...
                                                             ^

ERROR 2025-10-28 11:37:58,856 views 9976 15560 Critical error during checkout for user 18
INFO 2025-10-28 11:37:58,861 logging 9976 15560 Completed checkout successfully
INFO 2025-10-28 11:37:58,861 basehttp 9976 15560 "POST /checkout/ HTTP/1.1" 200 24055
INFO 2025-10-28 11:39:46,010 basehttp 9976 15508 "GET / HTTP/1.1" 200 23796
INFO 2025-10-28 11:40:17,161 basehttp 9976 13632 "GET /product/auraglow/ HTTP/1.1" 200 18559
INFO 2025-10-28 11:40:19,652 basehttp 9976 13632 "POST /cart/add/1/ HTTP/1.1" 302 0
INFO 2025-10-28 11:40:19,748 basehttp 9976 13632 "GET /cart/ HTTP/1.1" 200 20948
INFO 2025-10-28 11:40:22,167 logging 9976 13632 Starting checkout
INFO 2025-10-28 11:40:22,189 logging 9976 13632 Completed checkout successfully
INFO 2025-10-28 11:40:22,191 basehttp 9976 13632 "GET /checkout/ HTTP/1.1" 200 23479
INFO 2025-10-28 11:45:38,986 basehttp 9976 12200 "GET / HTTP/1.1" 200 23796
INFO 2025-10-28 14:19:12,288 autoreload 10384 7052 Watching for file changes with StatReloader
INFO 2025-10-28 14:19:34,565 basehttp 10384 1924 "GET / HTTP/1.1" 200 23796
INFO 2025-10-28 14:19:59,090 basehttp 10384 772 "GET /?search=auraglow&category=&brand=&price_range=&sort_by= HTTP/1.1" 200 21778
INFO 2025-10-28 14:20:10,158 basehttp 10384 1192 "GET / HTTP/1.1" 200 23796
INFO 2025-10-28 14:20:20,478 basehttp 10384 9992 "GET /?search=&category=&brand=&price_range=0-50&sort_by= HTTP/1.1" 200 19745
INFO 2025-10-28 14:20:28,740 basehttp 10384 10380 "GET /?search=&category=&brand=&price_range=50-100&sort_by= HTTP/1.1" 200 21563
INFO 2025-10-28 14:20:37,290 basehttp 10384 10380 "GET /?search=&category=&brand=1&price_range=50-100&sort_by= HTTP/1.1" 200 19745
INFO 2025-10-28 14:20:42,927 basehttp 10384 10380 "GET /?search=&category=&brand=1&price_range=&sort_by= HTTP/1.1" 200 21761
INFO 2025-10-28 14:20:52,689 basehttp 10384 10608 "GET /product/auraglow/ HTTP/1.1" 200 18559
INFO 2025-10-28 14:21:08,637 basehttp 10384 11076 "POST /cart/add/1/ HTTP/1.1" 302 0
INFO 2025-10-28 14:21:08,855 basehttp 10384 11076 "GET /cart/ HTTP/1.1" 200 20948
INFO 2025-10-28 14:21:23,691 basehttp 10384 11728 "POST /cart/add/1/ HTTP/1.1" 302 0
INFO 2025-10-28 14:21:23,805 basehttp 10384 11728 "GET /cart/ HTTP/1.1" 200 20948
INFO 2025-10-28 14:21:30,422 logging 10384 2684 Starting checkout
INFO 2025-10-28 14:21:30,491 logging 10384 2684 Completed checkout successfully
INFO 2025-10-28 14:21:30,492 basehttp 10384 2684 "GET /checkout/ HTTP/1.1" 200 23479
INFO 2025-10-28 14:22:05,552 basehttp 10384 11004 "GET /track-order/ HTTP/1.1" 200 17787
INFO 2025-10-28 14:22:20,052 basehttp 10384 7312 "GET /accounts/logout/ HTTP/1.1" 302 0
INFO 2025-10-28 14:22:20,151 basehttp 10384 7312 "GET / HTTP/1.1" 200 22378
INFO 2025-10-28 14:22:22,968 basehttp 10384 7312 "GET /accounts/login/ HTTP/1.1" 200 18991
INFO 2025-10-28 14:22:25,934 basehttp 10384 7312 "GET /accounts/register/ HTTP/1.1" 200 31096
INFO 2025-10-28 14:23:49,634 basehttp 10384 12240 "POST /accounts/register/ HTTP/1.1" 302 0
INFO 2025-10-28 14:23:49,788 basehttp 10384 12240 "GET / HTTP/1.1" 200 23798
INFO 2025-10-28 14:31:04,174 basehttp 10384 9700 "GET /product/auraglow/ HTTP/1.1" 200 18561
INFO 2025-10-28 14:31:28,092 basehttp 10384 10276 "GET /product/auraglow/ HTTP/1.1" 200 18561
INFO 2025-10-28 14:32:51,272 basehttp 10384 3836 "GET / HTTP/1.1" 200 23795
INFO 2025-10-28 14:32:51,502 basehttp 10384 3836 "GET /static/css/order.css HTTP/1.1" 304 0
INFO 2025-10-28 14:32:51,519 basehttp 10384 9556 "GET /static/css/style.css HTTP/1.1" 304 0
INFO 2025-10-28 14:32:51,530 basehttp 10384 11796 "GET /static/logo/logo.png HTTP/1.1" 304 0
INFO 2025-10-28 14:32:51,549 basehttp 10384 7636 "GET /media/products/Top_9_Hair_Care_Brands_in_India_For_Men_and_Women_1_x7hW9kP_yh5xxHt.jpg HTTP/1.1" 304 0
INFO 2025-10-28 16:40:03,620 autoreload 11764 9520 Watching for file changes with StatReloader
INFO 2025-10-28 16:40:09,888 basehttp 10384 6608 "GET / HTTP/1.1" 200 23795
INFO 2025-10-28 16:40:21,759 basehttp 10384 1620 "GET /cart/ HTTP/1.1" 200 20947
INFO 2025-10-28 16:40:33,187 basehttp 10384 1620 "GET /accounts/logout/ HTTP/1.1" 302 0
INFO 2025-10-28 16:40:33,307 basehttp 10384 1620 "GET / HTTP/1.1" 200 22378
INFO 2025-10-28 16:40:36,828 basehttp 10384 1620 "GET /accounts/login/ HTTP/1.1" 200 18991
INFO 2025-10-28 16:40:43,619 basehttp 10384 1620 "GET /accounts/register/ HTTP/1.1" 200 31096
INFO 2025-10-28 16:42:00,137 basehttp 10384 1620 "POST /accounts/register/ HTTP/1.1" 302 0
INFO 2025-10-28 16:42:00,323 basehttp 10384 1620 "GET / HTTP/1.1" 200 23797
INFO 2025-10-29 17:03:06,200 autoreload 2784 11664 Watching for file changes with StatReloader
INFO 2025-10-29 17:03:17,648 basehttp 2784 2676 "GET / HTTP/1.1" 200 23797
INFO 2025-10-29 17:03:18,943 basehttp 2784 11840 "GET /static/css/order.css HTTP/1.1" 304 0
INFO 2025-10-29 17:03:18,994 basehttp 2784 2676 "GET /static/css/style.css HTTP/1.1" 304 0
INFO 2025-10-29 17:03:19,288 basehttp 2784 2676 "GET /media/products/Top_9_Hair_Care_Brands_in_India_For_Men_and_Women_1_x7hW9kP_yh5xxHt.jpg HTTP/1.1" 304 0
INFO 2025-10-29 17:03:38,528 basehttp 2784 3796 "GET /product/auraglow/ HTTP/1.1" 200 18560
INFO 2025-10-29 17:03:38,872 basehttp 2784 3796 "GET /media/products/WhatsApp_Image_2021-10-14_at_10_izt5HQ6.59.54_AM.webp HTTP/1.1" 304 0
INFO 2025-10-29 17:03:57,537 basehttp 2784 5128 "POST /cart/add/1/ HTTP/1.1" 302 0
INFO 2025-10-29 17:03:57,729 basehttp 2784 5128 "GET /cart/ HTTP/1.1" 200 20946
INFO 2025-10-29 17:04:08,622 logging 2784 6348 Starting checkout
INFO 2025-10-29 17:04:08,943 logging 2784 6348 Completed checkout successfully
INFO 2025-10-29 17:04:08,948 basehttp 2784 6348 "GET /checkout/ HTTP/1.1" 200 23480
INFO 2025-10-29 17:04:13,621 basehttp 2784 5468 "GET /accounts/logout/ HTTP/1.1" 302 0
INFO 2025-10-29 17:04:13,784 basehttp 2784 5468 "GET / HTTP/1.1" 200 22378
INFO 2025-10-29 17:04:17,843 basehttp 2784 5468 "GET /accounts/login/ HTTP/1.1" 200 18991
INFO 2025-10-29 17:04:23,746 basehttp 2784 6196 "GET /accounts/register/ HTTP/1.1" 200 31096
ERROR 2025-10-29 17:06:18,052 log 2784 6560 Internal Server Error: /accounts/register/
Traceback (most recent call last):
  File "C:\Users\Dell\AppData\Local\Programs\Python\Python312\Lib\smtplib.py", line 360, in send
    self.sock.sendall(s)
  File "C:\Users\Dell\AppData\Local\Programs\Python\Python312\Lib\ssl.py", line 1210, in sendall
    v = self.send(byte_view[count:])
        ^^^^^^^^^^^^^^^^^^^^^^^^^^^^
  File "C:\Users\Dell\AppData\Local\Programs\Python\Python312\Lib\ssl.py", line 1179, in send
    return self._sslobj.write(data)
           ^^^^^^^^^^^^^^^^^^^^^^^^
TimeoutError: The write operation timed out

During handling of the above exception, another exception occurred:

Traceback (most recent call last):
  File "C:\Users\Dell\AppData\Local\Programs\Python\Python312\Lib\site-packages\django\core\handlers\exception.py", line 55, in inner
    response = get_response(request)
               ^^^^^^^^^^^^^^^^^^^^^
  File "C:\Users\Dell\AppData\Local\Programs\Python\Python312\Lib\site-packages\django\core\handlers\base.py", line 197, in _get_response
    response = wrapped_callback(request, *callback_args, **callback_kwargs)
               ^^^^^^^^^^^^^^^^^^^^^^^^^^^^^^^^^^^^^^^^^^^^^^^^^^^^^^^^^^^^
  File "C:\Users\Dell\Downloads\ecom\ecommerce\ecommerce\accounts\views\__init__.py", line 10, in register
    user = form.save()
           ^^^^^^^^^^^
  File "C:\Users\Dell\AppData\Local\Programs\Python\Python312\Lib\site-packages\django\contrib\auth\forms.py", line 265, in save
    user = self.set_password_and_save(user, commit=commit)
           ^^^^^^^^^^^^^^^^^^^^^^^^^^^^^^^^^^^^^^^^^^^^^^^
  File "C:\Users\Dell\AppData\Local\Programs\Python\Python312\Lib\site-packages\django\contrib\auth\forms.py", line 154, in set_password_and_save
    user.save()
  File "C:\Users\Dell\AppData\Local\Programs\Python\Python312\Lib\site-packages\django\contrib\auth\base_user.py", line 65, in save
    super().save(*args, **kwargs)
  File "C:\Users\Dell\AppData\Local\Programs\Python\Python312\Lib\site-packages\django\db\models\base.py", line 902, in save
    self.save_base(
  File "C:\Users\Dell\AppData\Local\Programs\Python\Python312\Lib\site-packages\django\db\models\base.py", line 1023, in save_base
    post_save.send(
  File "C:\Users\Dell\AppData\Local\Programs\Python\Python312\Lib\site-packages\django\dispatch\dispatcher.py", line 189, in send
    response = receiver(signal=self, sender=sender, **named)
               ^^^^^^^^^^^^^^^^^^^^^^^^^^^^^^^^^^^^^^^^^^^^^
  File "C:\Users\Dell\Downloads\ecom\ecommerce\ecommerce\accounts\signals.py", line 52, in send_welcome_email
    email.send()
  File "C:\Users\Dell\AppData\Local\Programs\Python\Python312\Lib\site-packages\django\core\mail\message.py", line 307, in send
    return self.get_connection(fail_silently).send_messages([self])
           ^^^^^^^^^^^^^^^^^^^^^^^^^^^^^^^^^^^^^^^^^^^^^^^^^^^^^^^^
  File "C:\Users\Dell\AppData\Local\Programs\Python\Python312\Lib\site-packages\django\core\mail\backends\smtp.py", line 136, in send_messages
    sent = self._send(message)
           ^^^^^^^^^^^^^^^^^^^
  File "C:\Users\Dell\AppData\Local\Programs\Python\Python312\Lib\site-packages\django\core\mail\backends\smtp.py", line 155, in _send
    self.connection.sendmail(
  File "C:\Users\Dell\AppData\Local\Programs\Python\Python312\Lib\smtplib.py", line 891, in sendmail
    (code, resp) = self.data(msg)
                   ^^^^^^^^^^^^^^
  File "C:\Users\Dell\AppData\Local\Programs\Python\Python312\Lib\smtplib.py", line 579, in data
    self.send(q)
  File "C:\Users\Dell\AppData\Local\Programs\Python\Python312\Lib\smtplib.py", line 363, in send
    raise SMTPServerDisconnected('Server not connected')
smtplib.SMTPServerDisconnected: Server not connected
ERROR 2025-10-29 17:06:18,073 basehttp 2784 6560 "POST /accounts/register/ HTTP/1.1" 500 184792
WARNING 2025-10-29 17:06:18,368 basehttp 2784 6560 "GET /favicon.ico HTTP/1.1" 404 5716
INFO 2025-10-30 09:47:34,950 autoreload 15452 2740 Watching for file changes with StatReloader
INFO 2025-10-30 09:47:38,885 basehttp 15452 3656 "GET / HTTP/1.1" 200 22378
INFO 2025-10-30 09:47:39,270 basehttp 15452 3656 "GET /static/css/order.css HTTP/1.1" 200 3219
INFO 2025-10-30 09:47:39,275 basehttp 15452 9284 "GET /static/css/style.css HTTP/1.1" 200 7883
INFO 2025-10-30 09:47:54,108 basehttp 15452 3112 "GET /media/products/Top_9_Hair_Care_Brands_in_India_For_Men_and_Women_1_x7hW9kP_yh5xxHt.jpg HTTP/1.1" 200 138606
INFO 2025-10-30 09:47:54,142 basehttp 15452 12812 "GET /static/logo/logo.png HTTP/1.1" 200 576407
INFO 2025-10-30 09:54:32,073 basehttp 15452 4532 "GET / HTTP/1.1" 200 22378
INFO 2025-10-30 09:54:39,890 basehttp 15452 4532 "GET /product/auraglow/ HTTP/1.1" 200 17141
INFO 2025-10-30 09:54:39,993 basehttp 15452 4532 "GET /media/products/WhatsApp_Image_2021-10-14_at_10_izt5HQ6.59.54_AM.webp HTTP/1.1" 200 230364
INFO 2025-10-30 09:54:43,026 basehttp 15452 4532 "POST /cart/add/1/ HTTP/1.1" 302 0
INFO 2025-10-30 09:54:43,195 basehttp 15452 4532 "GET /cart/ HTTP/1.1" 200 19527
INFO 2025-10-30 09:55:01,532 basehttp 15452 4532 "GET /checkout/ HTTP/1.1" 302 0
INFO 2025-10-30 09:55:01,671 basehttp 15452 4532 "GET /accounts/login/?next=/checkout/ HTTP/1.1" 200 18991
INFO 2025-10-30 09:55:35,967 basehttp 15452 4532 "GET / HTTP/1.1" 200 22378
INFO 2025-10-30 09:55:39,848 basehttp 15452 4532 "GET /admin HTTP/1.1" 301 0
INFO 2025-10-30 09:55:40,004 basehttp 15452 16036 "GET /admin/ HTTP/1.1" 302 0
INFO 2025-10-30 09:55:40,330 basehttp 15452 16036 "GET /admin/login/?next=/admin/ HTTP/1.1" 200 4178
INFO 2025-10-30 09:55:40,410 basehttp 15452 13516 "GET /static/admin/css/dark_mode.css HTTP/1.1" 200 2808
INFO 2025-10-30 09:55:40,413 basehttp 15452 16036 "GET /static/admin/css/base.css HTTP/1.1" 200 22120
INFO 2025-10-30 09:55:40,414 basehttp 15452 1104 "GET /static/admin/css/login.css HTTP/1.1" 200 951
INFO 2025-10-30 09:55:40,453 basehttp 15452 13188 "GET /static/admin/css/nav_sidebar.css HTTP/1.1" 200 2810
INFO 2025-10-30 09:55:40,473 basehttp 15452 10020 "GET /static/admin/js/theme.js HTTP/1.1" 200 1653
INFO 2025-10-30 09:55:40,497 basehttp 15452 14544 "GET /static/admin/css/responsive.css HTTP/1.1" 200 16565
INFO 2025-10-30 09:55:40,560 basehttp 15452 10020 "GET /static/admin/js/nav_sidebar.js HTTP/1.1" 200 3063
WARNING 2025-10-30 09:55:40,613 basehttp 15452 10020 "GET /favicon.ico HTTP/1.1" 404 5716
INFO 2025-10-30 09:55:50,772 basehttp 15452 10020 "POST /admin/login/?next=/admin/ HTTP/1.1" 302 0
INFO 2025-10-30 09:55:50,956 basehttp 15452 10020 "GET /admin/ HTTP/1.1" 200 11818
INFO 2025-10-30 09:55:51,006 basehttp 15452 10020 "GET /static/admin/css/dashboard.css HTTP/1.1" 200 441
INFO 2025-10-30 09:55:51,038 basehttp 15452 10020 "GET /static/admin/img/icon-addlink.svg HTTP/1.1" 200 331
INFO 2025-10-30 09:55:51,039 basehttp 15452 14544 "GET /static/admin/img/icon-changelink.svg HTTP/1.1" 200 380
INFO 2025-10-30 09:56:00,037 basehttp 15452 14544 "GET / HTTP/1.1" 200 23794
INFO 2025-10-30 09:56:28,472 basehttp 15452 14544 "GET /product/auraglow/ HTTP/1.1" 200 18557
INFO 2025-10-30 09:56:41,795 basehttp 15452 14544 "GET /track-order/ HTTP/1.1" 200 17785
ERROR 2025-10-30 09:56:49,468 log 15452 14544 Internal Server Error: /orders/
Traceback (most recent call last):
  File "C:\Users\Dell\AppData\Local\Programs\Python\Python312\Lib\site-packages\django\db\backends\utils.py", line 105, in _execute
    return self.cursor.execute(sql, params)
           ^^^^^^^^^^^^^^^^^^^^^^^^^^^^^^^^
psycopg2.errors.UndefinedColumn: column shop_order.state does not exist
LINE 1: ...ne", "shop_order"."address", "shop_order"."city", "shop_orde...
                                                             ^
HINT:  Perhaps you meant to reference the column "shop_order.status".


The above exception was the direct cause of the following exception:

Traceback (most recent call last):
  File "C:\Users\Dell\AppData\Local\Programs\Python\Python312\Lib\site-packages\django\core\handlers\exception.py", line 55, in inner
    response = get_response(request)
               ^^^^^^^^^^^^^^^^^^^^^
  File "C:\Users\Dell\AppData\Local\Programs\Python\Python312\Lib\site-packages\django\core\handlers\base.py", line 197, in _get_response
    response = wrapped_callback(request, *callback_args, **callback_kwargs)
               ^^^^^^^^^^^^^^^^^^^^^^^^^^^^^^^^^^^^^^^^^^^^^^^^^^^^^^^^^^^^
  File "C:\Users\Dell\AppData\Local\Programs\Python\Python312\Lib\site-packages\django\contrib\auth\decorators.py", line 59, in _view_wrapper
    return view_func(request, *args, **kwargs)
           ^^^^^^^^^^^^^^^^^^^^^^^^^^^^^^^^^^^
  File "C:\Users\Dell\Downloads\ecom\ecommerce\ecommerce\shop\views.py", line 429, in order_list
    return render(request, 'shop/order_list.html', {'orders': orders})
           ^^^^^^^^^^^^^^^^^^^^^^^^^^^^^^^^^^^^^^^^^^^^^^^^^^^^^^^^^^^
  File "C:\Users\Dell\AppData\Local\Programs\Python\Python312\Lib\site-packages\django\shortcuts.py", line 25, in render
    content = loader.render_to_string(template_name, context, request, using=using)
              ^^^^^^^^^^^^^^^^^^^^^^^^^^^^^^^^^^^^^^^^^^^^^^^^^^^^^^^^^^^^^^^^^^^^^
  File "C:\Users\Dell\AppData\Local\Programs\Python\Python312\Lib\site-packages\django\template\loader.py", line 62, in render_to_string
    return template.render(context, request)
           ^^^^^^^^^^^^^^^^^^^^^^^^^^^^^^^^^
  File "C:\Users\Dell\AppData\Local\Programs\Python\Python312\Lib\site-packages\django\template\backends\django.py", line 107, in render
    return self.template.render(context)
           ^^^^^^^^^^^^^^^^^^^^^^^^^^^^^
  File "C:\Users\Dell\AppData\Local\Programs\Python\Python312\Lib\site-packages\django\template\base.py", line 171, in render
    return self._render(context)
           ^^^^^^^^^^^^^^^^^^^^^
  File "C:\Users\Dell\AppData\Local\Programs\Python\Python312\Lib\site-packages\django\template\base.py", line 163, in _render
    return self.nodelist.render(context)
           ^^^^^^^^^^^^^^^^^^^^^^^^^^^^^
  File "C:\Users\Dell\AppData\Local\Programs\Python\Python312\Lib\site-packages\django\template\base.py", line 1016, in render
    return SafeString("".join([node.render_annotated(context) for node in self]))
                               ^^^^^^^^^^^^^^^^^^^^^^^^^^^^^^
  File "C:\Users\Dell\AppData\Local\Programs\Python\Python312\Lib\site-packages\django\template\base.py", line 977, in render_annotated
    return self.render(context)
           ^^^^^^^^^^^^^^^^^^^^
  File "C:\Users\Dell\AppData\Local\Programs\Python\Python312\Lib\site-packages\django\template\loader_tags.py", line 159, in render
    return compiled_parent._render(context)
           ^^^^^^^^^^^^^^^^^^^^^^^^^^^^^^^^
  File "C:\Users\Dell\AppData\Local\Programs\Python\Python312\Lib\site-packages\django\template\base.py", line 163, in _render
    return self.nodelist.render(context)
           ^^^^^^^^^^^^^^^^^^^^^^^^^^^^^
  File "C:\Users\Dell\AppData\Local\Programs\Python\Python312\Lib\site-packages\django\template\base.py", line 1016, in render
    return SafeString("".join([node.render_annotated(context) for node in self]))
                               ^^^^^^^^^^^^^^^^^^^^^^^^^^^^^^
  File "C:\Users\Dell\AppData\Local\Programs\Python\Python312\Lib\site-packages\django\template\base.py", line 977, in render_annotated
    return self.render(context)
           ^^^^^^^^^^^^^^^^^^^^
  File "C:\Users\Dell\AppData\Local\Programs\Python\Python312\Lib\site-packages\django\template\loader_tags.py", line 65, in render
    result = block.nodelist.render(context)
             ^^^^^^^^^^^^^^^^^^^^^^^^^^^^^^
  File "C:\Users\Dell\AppData\Local\Programs\Python\Python312\Lib\site-packages\django\template\base.py", line 1016, in render
    return SafeString("".join([node.render_annotated(context) for node in self]))
                               ^^^^^^^^^^^^^^^^^^^^^^^^^^^^^^
  File "C:\Users\Dell\AppData\Local\Programs\Python\Python312\Lib\site-packages\django\template\base.py", line 977, in render_annotated
    return self.render(context)
           ^^^^^^^^^^^^^^^^^^^^
  File "C:\Users\Dell\AppData\Local\Programs\Python\Python312\Lib\site-packages\django\template\defaulttags.py", line 326, in render
    if match:
       ^^^^^
  File "C:\Users\Dell\AppData\Local\Programs\Python\Python312\Lib\site-packages\django\db\models\query.py", line 398, in __bool__
    self._fetch_all()
  File "C:\Users\Dell\AppData\Local\Programs\Python\Python312\Lib\site-packages\django\db\models\query.py", line 1949, in _fetch_all
    self._result_cache = list(self._iterable_class(self))
                         ^^^^^^^^^^^^^^^^^^^^^^^^^^^^^^^^
  File "C:\Users\Dell\AppData\Local\Programs\Python\Python312\Lib\site-packages\django\db\models\query.py", line 91, in __iter__
    results = compiler.execute_sql(
              ^^^^^^^^^^^^^^^^^^^^^
  File "C:\Users\Dell\AppData\Local\Programs\Python\Python312\Lib\site-packages\django\db\models\sql\compiler.py", line 1623, in execute_sql
    cursor.execute(sql, params)
  File "C:\Users\Dell\AppData\Local\Programs\Python\Python312\Lib\site-packages\django\db\backends\utils.py", line 122, in execute
    return super().execute(sql, params)
           ^^^^^^^^^^^^^^^^^^^^^^^^^^^^
  File "C:\Users\Dell\AppData\Local\Programs\Python\Python312\Lib\site-packages\django\db\backends\utils.py", line 79, in execute
    return self._execute_with_wrappers(
           ^^^^^^^^^^^^^^^^^^^^^^^^^^^^
  File "C:\Users\Dell\AppData\Local\Programs\Python\Python312\Lib\site-packages\django\db\backends\utils.py", line 92, in _execute_with_wrappers
    return executor(sql, params, many, context)
           ^^^^^^^^^^^^^^^^^^^^^^^^^^^^^^^^^^^^
  File "C:\Users\Dell\AppData\Local\Programs\Python\Python312\Lib\site-packages\django\db\backends\utils.py", line 100, in _execute
    with self.db.wrap_database_errors:
         ^^^^^^^^^^^^^^^^^^^^^^^^^^^^
  File "C:\Users\Dell\AppData\Local\Programs\Python\Python312\Lib\site-packages\django\db\utils.py", line 91, in __exit__
    raise dj_exc_value.with_traceback(traceback) from exc_value
  File "C:\Users\Dell\AppData\Local\Programs\Python\Python312\Lib\site-packages\django\db\backends\utils.py", line 105, in _execute
    return self.cursor.execute(sql, params)
           ^^^^^^^^^^^^^^^^^^^^^^^^^^^^^^^^
django.db.utils.ProgrammingError: column shop_order.state does not exist
LINE 1: ...ne", "shop_order"."address", "shop_order"."city", "shop_orde...
                                                             ^
HINT:  Perhaps you meant to reference the column "shop_order.status".

ERROR 2025-10-30 09:56:49,482 basehttp 15452 14544 "GET /orders/ HTTP/1.1" 500 215551
INFO 2025-10-30 10:05:59,638 basehttp 15452 8924 "GET / HTTP/1.1" 200 23794
INFO 2025-10-30 15:26:04,185 autoreload 14388 12420 Watching for file changes with StatReloader
INFO 2025-10-30 15:26:45,482 basehttp 14388 14608 "GET / HTTP/1.1" 200 23794
INFO 2025-10-30 17:18:55,378 basehttp 14388 2744 "GET / HTTP/1.1" 200 22378
INFO 2025-10-30 17:18:55,707 basehttp 14388 13696 "GET /static/css/order.css HTTP/1.1" 304 0
INFO 2025-10-30 17:18:55,738 basehttp 14388 14996 "GET /static/css/style.css HTTP/1.1" 304 0
INFO 2025-10-30 17:18:55,764 basehttp 14388 14452 "GET /media/products/Top_9_Hair_Care_Brands_in_India_For_Men_and_Women_1_x7hW9kP_yh5xxHt.jpg HTTP/1.1" 304 0
INFO 2025-10-30 17:19:05,471 basehttp 14388 13640 "GET /product/auraglow/ HTTP/1.1" 200 17141
INFO 2025-10-30 17:19:05,525 basehttp 14388 13640 "GET /media/products/WhatsApp_Image_2021-10-14_at_10_izt5HQ6.59.54_AM.webp HTTP/1.1" 304 0
INFO 2025-10-30 17:19:09,181 basehttp 14388 13640 "POST /cart/add/1/ HTTP/1.1" 302 0
INFO 2025-10-30 17:19:09,312 basehttp 14388 13640 "GET /cart/ HTTP/1.1" 200 19527
INFO 2025-10-30 17:19:12,103 basehttp 14388 13640 "GET /checkout/ HTTP/1.1" 302 0
INFO 2025-10-30 17:19:13,021 basehttp 14388 13640 "GET /accounts/login/?next=/checkout/ HTTP/1.1" 200 18991
INFO 2025-10-31 09:53:16,034 autoreload 12524 8844 Watching for file changes with StatReloader
INFO 2025-10-31 09:53:20,474 basehttp 14388 6440 "GET / HTTP/1.1" 200 23794
INFO 2025-10-31 09:53:20,614 basehttp 14388 6440 "GET /static/css/order.css HTTP/1.1" 304 0
INFO 2025-10-31 09:53:20,615 basehttp 14388 8744 "GET /static/css/style.css HTTP/1.1" 304 0
INFO 2025-10-31 09:53:20,624 basehttp 14388 9324 "GET /media/products/Top_9_Hair_Care_Brands_in_India_For_Men_and_Women_1_x7hW9kP_yh5xxHt.jpg HTTP/1.1" 304 0
INFO 2025-10-31 09:55:35,943 basehttp 14388 13120 "GET /product/auraglow/ HTTP/1.1" 200 18557
INFO 2025-10-31 09:55:36,000 basehttp 14388 13120 "GET /media/products/WhatsApp_Image_2021-10-14_at_10_izt5HQ6.59.54_AM.webp HTTP/1.1" 304 0
ERROR 2025-10-31 09:55:48,367 log 14388 13120 Internal Server Error: /category/auraglow/
Traceback (most recent call last):
  File "C:\Users\Dell\AppData\Local\Programs\Python\Python312\Lib\site-packages\django\core\handlers\exception.py", line 55, in inner
    response = get_response(request)
               ^^^^^^^^^^^^^^^^^^^^^
  File "C:\Users\Dell\AppData\Local\Programs\Python\Python312\Lib\site-packages\django\core\handlers\base.py", line 197, in _get_response
    response = wrapped_callback(request, *callback_args, **callback_kwargs)
               ^^^^^^^^^^^^^^^^^^^^^^^^^^^^^^^^^^^^^^^^^^^^^^^^^^^^^^^^^^^^
  File "C:\Users\Dell\Downloads\ecom\ecommerce\ecommerce\shop\views.py", line 127, in category_products
    return render(request, 'shop/category_products.html', context)
           ^^^^^^^^^^^^^^^^^^^^^^^^^^^^^^^^^^^^^^^^^^^^^^^^^^^^^^^
  File "C:\Users\Dell\AppData\Local\Programs\Python\Python312\Lib\site-packages\django\shortcuts.py", line 25, in render
    content = loader.render_to_string(template_name, context, request, using=using)
              ^^^^^^^^^^^^^^^^^^^^^^^^^^^^^^^^^^^^^^^^^^^^^^^^^^^^^^^^^^^^^^^^^^^^^
  File "C:\Users\Dell\AppData\Local\Programs\Python\Python312\Lib\site-packages\django\template\loader.py", line 61, in render_to_string
    template = get_template(template_name, using=using)
               ^^^^^^^^^^^^^^^^^^^^^^^^^^^^^^^^^^^^^^^^
  File "C:\Users\Dell\AppData\Local\Programs\Python\Python312\Lib\site-packages\django\template\loader.py", line 19, in get_template
    raise TemplateDoesNotExist(template_name, chain=chain)
django.template.exceptions.TemplateDoesNotExist: shop/category_products.html
ERROR 2025-10-31 09:55:48,377 basehttp 14388 13120 "GET /category/auraglow/ HTTP/1.1" 500 87410
WARNING 2025-10-31 09:55:48,593 basehttp 14388 13120 "GET /favicon.ico HTTP/1.1" 404 5716
INFO 2025-10-31 09:55:53,285 basehttp 14388 13120 "POST /cart/add/1/ HTTP/1.1" 302 0
INFO 2025-10-31 09:55:53,382 basehttp 14388 13120 "GET /cart/ HTTP/1.1" 200 20943
INFO 2025-10-31 09:57:15,121 basehttp 14388 13120 "GET /track-order/ HTTP/1.1" 200 17785
INFO 2025-10-31 09:58:13,877 basehttp 14388 13120 "GET /cart/ HTTP/1.1" 200 20943
INFO 2025-10-31 10:52:09,678 autoreload 12012 6616 Watching for file changes with StatReloader
INFO 2025-10-31 10:52:22,645 basehttp 12012 9968 "GET / HTTP/1.1" 200 22378
INFO 2025-10-31 10:52:33,134 basehttp 12012 4816 "GET /accounts/login/ HTTP/1.1" 200 18991
INFO 2025-10-31 10:52:40,330 basehttp 12012 4116 "GET /accounts/register/ HTTP/1.1" 200 31096
INFO 2025-10-31 10:54:05,526 basehttp 12012 15516 "POST /accounts/register/ HTTP/1.1" 302 0
INFO 2025-10-31 10:54:05,772 basehttp 12012 15616 "GET / HTTP/1.1" 200 23801
INFO 2025-10-31 10:54:29,526 basehttp 12012 8904 "GET /cart/ HTTP/1.1" 200 16995
INFO 2025-10-31 10:54:32,555 basehttp 12012 8904 "GET /accounts/logout/ HTTP/1.1" 302 0
INFO 2025-10-31 10:54:32,704 basehttp 12012 8904 "GET / HTTP/1.1" 200 22378
INFO 2025-10-31 10:54:36,647 basehttp 12012 13084 "GET /accounts/login/ HTTP/1.1" 200 18991
INFO 2025-10-31 10:54:40,852 basehttp 12012 13084 "GET /accounts/register/ HTTP/1.1" 200 31096
INFO 2025-10-31 10:56:45,404 basehttp 12012 9288 "POST /accounts/register/ HTTP/1.1" 302 0
INFO 2025-10-31 10:56:45,630 basehttp 12012 9288 "GET / HTTP/1.1" 200 23797
INFO 2025-10-31 10:56:54,375 basehttp 12012 9288 "GET /cart/ HTTP/1.1" 200 16991
INFO 2025-10-31 10:56:57,644 basehttp 12012 9288 "GET /accounts/logout/ HTTP/1.1" 302 0
INFO 2025-10-31 10:56:57,792 basehttp 12012 9288 "GET / HTTP/1.1" 200 22378
INFO 2025-10-31 10:56:59,624 basehttp 12012 9288 "GET /accounts/login/ HTTP/1.1" 200 18991
INFO 2025-10-31 10:57:02,945 basehttp 12012 9288 "GET /accounts/login/ HTTP/1.1" 200 18991
INFO 2025-10-31 10:57:05,805 basehttp 12012 9288 "GET /accounts/register/ HTTP/1.1" 200 31096
INFO 2025-10-31 10:58:14,163 basehttp 12012 9288 "POST /accounts/register/ HTTP/1.1" 302 0
INFO 2025-10-31 10:58:14,408 basehttp 12012 9288 "GET / HTTP/1.1" 200 23796
INFO 2025-10-31 11:07:50,229 basehttp 12012 7848 "GET / HTTP/1.1" 200 23796
INFO 2025-10-31 11:22:34,646 basehttp 12012 748 "GET / HTTP/1.1" 200 22378
INFO 2025-10-31 11:22:34,872 basehttp 12012 748 "GET /static/logo/logo.png HTTP/1.1" 304 0
INFO 2025-10-31 12:15:54,776 basehttp 12012 9752 "GET / HTTP/1.1" 200 22378
INFO 2025-10-31 12:15:59,809 basehttp 12012 12412 "GET /accounts/login/ HTTP/1.1" 200 18991
INFO 2025-10-31 12:16:13,085 basehttp 12012 12412 "GET /accounts/register/ HTTP/1.1" 200 31096
INFO 2025-10-31 12:17:38,190 basehttp 12012 12412 "POST /accounts/register/ HTTP/1.1" 302 0
INFO 2025-10-31 12:17:38,400 basehttp 12012 12412 "GET / HTTP/1.1" 200 23806
INFO 2025-10-31 12:18:59,861 basehttp 12012 12412 "GET /cart/ HTTP/1.1" 200 20955
INFO 2025-10-31 12:19:03,236 basehttp 12012 12412 "GET /accounts/logout/ HTTP/1.1" 302 0
INFO 2025-10-31 12:19:03,384 basehttp 12012 12412 "GET / HTTP/1.1" 200 22378
INFO 2025-10-31 12:19:05,343 basehttp 12012 12412 "GET /accounts/login/ HTTP/1.1" 200 18991
INFO 2025-10-31 12:19:10,098 basehttp 12012 12412 "GET /accounts/register/ HTTP/1.1" 200 31096
INFO 2025-10-31 12:20:37,603 basehttp 12012 12412 "POST /accounts/register/ HTTP/1.1" 302 0
INFO 2025-10-31 12:20:37,891 basehttp 12012 12412 "GET / HTTP/1.1" 200 23801
INFO 2025-10-31 12:20:47,623 basehttp 12012 12412 "GET /cart/ HTTP/1.1" 200 16995
INFO 2025-10-31 12:20:50,276 basehttp 12012 12412 "GET /accounts/logout/ HTTP/1.1" 302 0
INFO 2025-10-31 12:20:50,435 basehttp 12012 12412 "GET / HTTP/1.1" 200 22378
INFO 2025-10-31 12:20:53,536 basehttp 12012 12412 "GET /accounts/login/ HTTP/1.1" 200 18991
INFO 2025-10-31 12:21:08,952 basehttp 12012 12412 "GET /accounts/register/ HTTP/1.1" 200 31096
INFO 2025-10-31 12:22:11,372 basehttp 12012 12412 "POST /accounts/register/ HTTP/1.1" 302 0
INFO 2025-10-31 12:22:11,622 basehttp 12012 12412 "GET / HTTP/1.1" 200 23796
INFO 2025-10-31 12:28:19,987 basehttp 12012 7196 "GET / HTTP/1.1" 200 23796
INFO 2025-10-31 12:28:45,246 basehttp 12012 6496 "GET /product/auraglow/ HTTP/1.1" 200 18559
INFO 2025-10-31 12:28:47,933 basehttp 12012 6496 "POST /cart/add/1/ HTTP/1.1" 302 0
INFO 2025-10-31 12:28:48,161 basehttp 12012 6496 "GET /cart/ HTTP/1.1" 200 20945
INFO 2025-10-31 12:29:05,995 basehttp 12012 6496 "GET /?search=auroglow&category=&brand=&price_range=&sort_by= HTTP/1.1" 200 19762
INFO 2025-10-31 12:29:13,612 basehttp 12012 6496 "GET /?search=auraglow&category=&brand=&price_range=&sort_by= HTTP/1.1" 200 21778
INFO 2025-10-31 12:29:24,739 basehttp 12012 6496 "GET /?search=&category=2&brand=&price_range=&sort_by= HTTP/1.1" 200 21563
INFO 2025-10-31 12:29:32,265 basehttp 12012 6496 "GET /?search=&category=2&brand=&price_range=50-100&sort_by= HTTP/1.1" 200 21563
INFO 2025-10-31 12:29:39,536 basehttp 12012 6496 "GET /?search=&category=2&brand=&price_range=&sort_by= HTTP/1.1" 200 21563
INFO 2025-10-31 12:29:50,990 basehttp 12012 6496 "GET /product/auraglow/ HTTP/1.1" 200 18559
INFO 2025-10-31 12:29:53,589 basehttp 12012 6496 "POST /cart/add/1/ HTTP/1.1" 302 0
INFO 2025-10-31 12:29:53,729 basehttp 12012 6496 "GET /cart/ HTTP/1.1" 200 20945
INFO 2025-10-31 12:29:59,828 basehttp 12012 6496 "POST /cart/add/1/ HTTP/1.1" 302 0
INFO 2025-10-31 12:30:00,010 basehttp 12012 6496 "GET /cart/ HTTP/1.1" 200 20948
INFO 2025-10-31 12:30:04,366 logging 12012 6496 Starting checkout
INFO 2025-10-31 12:30:04,471 logging 12012 6496 Completed checkout successfully
INFO 2025-10-31 12:30:04,473 basehttp 12012 6496 "GET /checkout/ HTTP/1.1" 200 23477
INFO 2025-10-31 12:30:17,258 basehttp 12012 6496 "GET /track-order/ HTTP/1.1" 200 17787
INFO 2025-10-31 15:35:13,831 basehttp 12012 12532 "GET / HTTP/1.1" 200 23796
INFO 2025-11-01 10:10:43,169 autoreload 3392 1280 Watching for file changes with StatReloader
INFO 2025-11-01 10:10:50,708 basehttp 3392 5308 "GET / HTTP/1.1" 200 23796
INFO 2025-11-01 10:10:51,209 basehttp 3392 11044 "GET /static/css/style.css HTTP/1.1" 200 7883
INFO 2025-11-01 10:10:51,214 basehttp 3392 5308 "GET /static/css/order.css HTTP/1.1" 200 3219
INFO 2025-11-01 10:11:03,208 basehttp 3392 7132 "GET /static/logo/logo.png HTTP/1.1" 200 576407
INFO 2025-11-01 10:11:03,369 basehttp 3392 10236 "GET /media/products/Top_9_Hair_Care_Brands_in_India_For_Men_and_Women_1_x7hW9kP_yh5xxHt.jpg HTTP/1.1" 200 138606
INFO 2025-11-01 10:11:43,971 basehttp 3392 9968 "GET /?search=aura&category=&brand=&price_range=&sort_by= HTTP/1.1" 200 21774
INFO 2025-11-01 10:11:47,353 basehttp 3392 10900 "GET /product/auraglow/ HTTP/1.1" 200 18559
INFO 2025-11-01 10:11:47,427 basehttp 3392 10900 "GET /media/products/WhatsApp_Image_2021-10-14_at_10_izt5HQ6.59.54_AM.webp HTTP/1.1" 200 230364
INFO 2025-11-01 10:11:50,472 basehttp 3392 5688 "POST /cart/add/1/ HTTP/1.1" 302 0
INFO 2025-11-01 10:11:50,672 basehttp 3392 5688 "GET /cart/ HTTP/1.1" 200 20945
INFO 2025-11-01 10:11:58,170 logging 3392 12192 Starting checkout
INFO 2025-11-01 10:11:58,329 logging 3392 12192 Completed checkout successfully
INFO 2025-11-01 10:11:58,329 basehttp 3392 12192 "GET /checkout/ HTTP/1.1" 200 23478
INFO 2025-11-01 10:14:17,859 basehttp 3392 8136 "GET /track-order/ HTTP/1.1" 200 17787
ERROR 2025-11-01 10:17:20,940 log 3392 3972 Internal Server Error: /category/auraglow/
Traceback (most recent call last):
  File "C:\Users\Dell\AppData\Local\Programs\Python\Python312\Lib\site-packages\django\core\handlers\exception.py", line 55, in inner
    response = get_response(request)
               ^^^^^^^^^^^^^^^^^^^^^
  File "C:\Users\Dell\AppData\Local\Programs\Python\Python312\Lib\site-packages\django\core\handlers\base.py", line 197, in _get_response
    response = wrapped_callback(request, *callback_args, **callback_kwargs)
               ^^^^^^^^^^^^^^^^^^^^^^^^^^^^^^^^^^^^^^^^^^^^^^^^^^^^^^^^^^^^
  File "C:\Users\Dell\Downloads\ecom\ecommerce\ecommerce\shop\views.py", line 127, in category_products
    return render(request, 'shop/category_products.html', context)
           ^^^^^^^^^^^^^^^^^^^^^^^^^^^^^^^^^^^^^^^^^^^^^^^^^^^^^^^
  File "C:\Users\Dell\AppData\Local\Programs\Python\Python312\Lib\site-packages\django\shortcuts.py", line 25, in render
    content = loader.render_to_string(template_name, context, request, using=using)
              ^^^^^^^^^^^^^^^^^^^^^^^^^^^^^^^^^^^^^^^^^^^^^^^^^^^^^^^^^^^^^^^^^^^^^
  File "C:\Users\Dell\AppData\Local\Programs\Python\Python312\Lib\site-packages\django\template\loader.py", line 61, in render_to_string
    template = get_template(template_name, using=using)
               ^^^^^^^^^^^^^^^^^^^^^^^^^^^^^^^^^^^^^^^^
  File "C:\Users\Dell\AppData\Local\Programs\Python\Python312\Lib\site-packages\django\template\loader.py", line 19, in get_template
    raise TemplateDoesNotExist(template_name, chain=chain)
django.template.exceptions.TemplateDoesNotExist: shop/category_products.html
ERROR 2025-11-01 10:17:20,944 basehttp 3392 3972 "GET /category/auraglow/ HTTP/1.1" 500 87411
WARNING 2025-11-01 10:17:21,152 basehttp 3392 3972 "GET /favicon.ico HTTP/1.1" 404 5716
INFO 2025-11-01 10:17:25,822 basehttp 3392 3972 "GET / HTTP/1.1" 200 23796
INFO 2025-11-01 10:17:34,473 basehttp 3392 6120 "GET /product/auraglow/ HTTP/1.1" 200 18559
INFO 2025-11-01 14:19:05,597 autoreload 13176 11940 Watching for file changes with StatReloader
INFO 2025-11-01 14:19:12,664 basehttp 13176 4904 "GET / HTTP/1.1" 200 23796
INFO 2025-11-01 14:19:37,913 basehttp 13176 1256 "GET /product/auraglow/ HTTP/1.1" 200 18559
INFO 2025-11-01 14:19:40,867 basehttp 13176 1256 "POST /cart/add/1/ HTTP/1.1" 302 0
INFO 2025-11-01 14:19:41,041 basehttp 13176 1256 "GET /cart/ HTTP/1.1" 200 20945
INFO 2025-11-01 14:19:46,675 basehttp 13176 6280 "POST /cart/add/1/ HTTP/1.1" 302 0
INFO 2025-11-01 14:19:46,804 basehttp 13176 6280 "GET /cart/ HTTP/1.1" 200 20948
INFO 2025-11-01 14:19:49,930 logging 13176 6280 Starting checkout
INFO 2025-11-01 14:19:49,980 logging 13176 6280 Completed checkout successfully
INFO 2025-11-01 14:19:49,980 basehttp 13176 6280 "GET /checkout/ HTTP/1.1" 200 23482
INFO 2025-11-01 14:19:56,679 basehttp 13176 10508 "GET /cart/ HTTP/1.1" 200 20948
INFO 2025-11-01 14:20:14,995 basehttp 13176 1244 "GET /?search=auraglow&category=&brand=&price_range=&sort_by= HTTP/1.1" 200 21778
INFO 2025-11-01 14:20:21,658 basehttp 13176 3200 "GET /product/auraglow/ HTTP/1.1" 200 18559
INFO 2025-11-01 14:21:09,432 basehttp 13176 11620 "GET /track-order/ HTTP/1.1" 200 17787
INFO 2025-11-01 14:36:30,057 basehttp 13176 8468 "GET /accounts/logout/ HTTP/1.1" 302 0
INFO 2025-11-01 14:36:30,272 basehttp 13176 8468 "GET / HTTP/1.1" 200 22378
INFO 2025-11-01 14:36:44,863 basehttp 13176 8468 "GET /cart/ HTTP/1.1" 200 15572
INFO 2025-11-01 14:36:48,229 basehttp 13176 8468 "GET / HTTP/1.1" 200 22378
INFO 2025-11-01 14:37:32,516 basehttp 13176 8468 "GET /accounts/login/ HTTP/1.1" 200 18991
INFO 2026-01-04 10:27:49,283 autoreload 11676 16964 Watching for file changes with StatReloader
INFO 2026-01-04 10:28:07,588 basehttp 11676 7936 "GET / HTTP/1.1" 200 26091
INFO 2026-01-04 10:28:09,153 basehttp 11676 15732 "GET / HTTP/1.1" 200 26091
INFO 2026-01-04 10:28:10,341 basehttp 11676 15732 "GET / HTTP/1.1" 200 26091
INFO 2026-01-04 10:28:25,987 basehttp 11676 6012 "GET /product/garnier/ HTTP/1.1" 200 18457
INFO 2026-01-04 10:28:28,849 basehttp 11676 12108 "POST /cart/add/4/ HTTP/1.1" 302 0
INFO 2026-01-04 10:28:29,118 basehttp 11676 12108 "GET /cart/ HTTP/1.1" 200 20896
INFO 2026-01-04 10:28:31,691 logging 11676 12108 Starting checkout
INFO 2026-01-04 10:28:31,743 logging 11676 12108 Completed checkout successfully
INFO 2026-01-04 10:28:31,751 basehttp 11676 12108 "GET /checkout/ HTTP/1.1" 200 23453
INFO 2026-01-04 10:28:42,674 logging 11676 16456 Starting checkout
ERROR 2026-01-04 10:28:43,043 logging 11676 16456 Error in step create_order: column "state" of relation "shop_order" does not exist
LINE 1: ..."last_name", "email", "phone", "address", "city", "state", "...
                                                             ^

ERROR 2026-01-04 10:28:43,051 views 11676 16456 Critical error during checkout for user 1
INFO 2026-01-04 10:28:43,074 logging 11676 16456 Completed checkout successfully
INFO 2026-01-04 10:28:43,086 basehttp 11676 16456 "POST /checkout/ HTTP/1.1" 200 24059
INFO 2026-01-04 10:32:10,233 basehttp 11676 14536 "GET / HTTP/1.1" 200 26091
INFO 2026-01-04 10:33:03,694 basehttp 11676 4124 "GET /track-order/ HTTP/1.1" 200 17785
INFO 2026-01-04 10:39:56,322 basehttp 11676 14896 "GET /cart/ HTTP/1.1" 200 20896
INFO 2026-01-04 10:45:01,707 logging 11676 9588 Starting checkout
INFO 2026-01-04 10:45:02,292 logging 11676 9588 Completed checkout successfully
INFO 2026-01-04 10:45:02,406 basehttp 11676 9588 "GET /checkout/ HTTP/1.1" 200 23453
INFO 2026-01-04 10:47:33,431 logging 11676 16656 Starting checkout
ERROR 2026-01-04 10:47:33,759 logging 11676 16656 Error in step create_order: column "state" of relation "shop_order" does not exist
LINE 1: ..."last_name", "email", "phone", "address", "city", "state", "...
                                                             ^

ERROR 2026-01-04 10:47:33,859 views 11676 16656 Critical error during checkout for user 1
INFO 2026-01-04 10:47:33,959 logging 11676 16656 Completed checkout successfully
INFO 2026-01-04 10:47:34,018 basehttp 11676 16656 "POST /checkout/ HTTP/1.1" 200 23989
INFO 2026-01-04 10:53:18,520 logging 11676 3876 Starting checkout
ERROR 2026-01-04 10:53:18,838 logging 11676 3876 Error in step create_order: column "state" of relation "shop_order" does not exist
LINE 1: ..."last_name", "email", "phone", "address", "city", "state", "...
                                                             ^

ERROR 2026-01-04 10:53:18,860 views 11676 3876 Critical error during checkout for user 1
INFO 2026-01-04 10:53:18,991 logging 11676 3876 Completed checkout successfully
INFO 2026-01-04 10:53:19,040 basehttp 11676 3876 "POST /checkout/ HTTP/1.1" 200 23989
INFO 2026-01-04 10:54:59,745 basehttp 11676 16656 "GET /track-order/ HTTP/1.1" 200 17785
INFO 2026-01-04 10:55:41,702 basehttp 11676 9816 "GET / HTTP/1.1" 200 26091
INFO 2026-01-04 10:55:59,053 basehttp 11676 1136 "GET / HTTP/1.1" 200 26091
INFO 2026-01-04 10:56:32,342 basehttp 11676 10712 "GET /product/garnier/ HTTP/1.1" 200 18457
INFO 2026-01-04 10:57:24,714 basehttp 11676 18208 "POST /cart/add/4/ HTTP/1.1" 302 0
INFO 2026-01-04 10:57:25,579 basehttp 11676 18208 "GET /cart/ HTTP/1.1" 200 20896
INFO 2026-01-04 10:58:10,741 logging 11676 12324 Starting checkout
INFO 2026-01-04 10:58:10,860 logging 11676 12324 Completed checkout successfully
INFO 2026-01-04 10:58:10,863 basehttp 11676 12324 "GET /checkout/ HTTP/1.1" 200 23453
INFO 2026-01-04 10:58:38,527 logging 11676 17700 Starting checkout
ERROR 2026-01-04 10:58:38,600 logging 11676 17700 Error in step create_order: column "state" of relation "shop_order" does not exist
LINE 1: ..."last_name", "email", "phone", "address", "city", "state", "...
                                                             ^

ERROR 2026-01-04 10:58:38,626 views 11676 17700 Critical error during checkout for user 1
INFO 2026-01-04 10:58:38,647 logging 11676 17700 Completed checkout successfully
INFO 2026-01-04 10:58:38,649 basehttp 11676 17700 "POST /checkout/ HTTP/1.1" 200 23989
INFO 2026-01-04 10:58:56,210 basehttp 11676 7492 "GET /track-order/ HTTP/1.1" 200 17785
INFO 2026-01-04 10:59:13,677 logging 11676 4916 Starting checkout
INFO 2026-01-04 10:59:13,755 logging 11676 4916 Completed checkout successfully
INFO 2026-01-04 10:59:13,763 basehttp 11676 4916 "GET /checkout/ HTTP/1.1" 200 23453
INFO 2026-01-04 10:59:40,567 logging 11676 7152 Starting checkout
ERROR 2026-01-04 10:59:40,621 logging 11676 7152 Error in step create_order: column "state" of relation "shop_order" does not exist
LINE 1: ..."last_name", "email", "phone", "address", "city", "state", "...
                                                             ^

ERROR 2026-01-04 10:59:40,643 views 11676 7152 Critical error during checkout for user 1
INFO 2026-01-04 10:59:40,673 logging 11676 7152 Completed checkout successfully
INFO 2026-01-04 10:59:40,689 basehttp 11676 7152 "POST /checkout/ HTTP/1.1" 200 23989
INFO 2026-01-04 11:00:32,823 basehttp 11676 11364 "GET /track-order/ HTTP/1.1" 200 17785
INFO 2026-01-04 11:00:50,670 logging 11676 10380 Starting checkout
INFO 2026-01-04 11:00:50,721 logging 11676 10380 Completed checkout successfully
INFO 2026-01-04 11:00:50,723 basehttp 11676 10380 "GET /checkout/ HTTP/1.1" 200 23453
INFO 2026-01-04 11:01:03,548 logging 11676 13524 Starting checkout
INFO 2026-01-04 11:01:03,593 logging 11676 13524 Completed checkout successfully
INFO 2026-01-04 11:01:03,598 basehttp 11676 13524 "GET /checkout/ HTTP/1.1" 200 23453
INFO 2026-01-04 11:01:53,210 logging 11676 228 Starting checkout
ERROR 2026-01-04 11:01:53,350 logging 11676 228 Error in step create_order: column "state" of relation "shop_order" does not exist
LINE 1: ..."last_name", "email", "phone", "address", "city", "state", "...
                                                             ^

ERROR 2026-01-04 11:01:53,513 views 11676 228 Critical error during checkout for user 1
INFO 2026-01-04 11:01:53,550 logging 11676 228 Completed checkout successfully
INFO 2026-01-04 11:01:53,628 basehttp 11676 228 "POST /checkout/ HTTP/1.1" 200 23991
INFO 2026-01-04 11:04:16,059 basehttp 11676 220 "GET /track-order/ HTTP/1.1" 200 17785
INFO 2026-01-04 11:04:45,874 basehttp 11676 7088 "POST /track-order/ HTTP/1.1" 200 18046
INFO 2026-01-04 11:08:26,112 logging 11676 3412 Starting checkout
INFO 2026-01-04 11:08:26,323 logging 11676 3412 Completed checkout successfully
INFO 2026-01-04 11:08:26,330 basehttp 11676 3412 "GET /checkout/ HTTP/1.1" 200 23453
INFO 2026-01-04 11:13:18,384 logging 11676 7680 Starting checkout
ERROR 2026-01-04 11:13:18,535 logging 11676 7680 Error in step create_order: column "state" of relation "shop_order" does not exist
LINE 1: ..."last_name", "email", "phone", "address", "city", "state", "...
                                                             ^

ERROR 2026-01-04 11:13:18,549 views 11676 7680 Critical error during checkout for user 1
INFO 2026-01-04 11:13:18,599 logging 11676 7680 Completed checkout successfully
INFO 2026-01-04 11:13:18,613 basehttp 11676 7680 "POST /checkout/ HTTP/1.1" 200 23989
INFO 2026-01-04 11:17:23,769 autoreload 7212 12480 Watching for file changes with StatReloader
INFO 2026-01-04 11:17:33,479 logging 7212 17908 Starting checkout
INFO 2026-01-04 11:17:33,670 logging 7212 17908 Completed checkout successfully
INFO 2026-01-04 11:17:33,737 basehttp 7212 17908 "GET /checkout/ HTTP/1.1" 200 23453
INFO 2026-01-04 11:17:35,942 basehttp 7212 17908 "GET /static/css/order.css HTTP/1.1" 200 3219
INFO 2026-01-04 11:17:35,973 basehttp 7212 10000 "GET /static/css/style.css HTTP/1.1" 200 7883
INFO 2026-01-04 11:17:36,026 basehttp 7212 16916 "GET /static/logo/logo.png HTTP/1.1" 200 576407
INFO 2026-01-04 11:17:38,459 basehttp 7212 11000 "GET /static/logo/logo.png HTTP/1.1" 200 576407
INFO 2026-01-04 11:27:07,745 logging 7212 9444 Starting checkout
ERROR 2026-01-04 11:27:08,311 logging 7212 9444 Error in step create_order: column "state" of relation "shop_order" does not exist
LINE 1: ..."last_name", "email", "phone", "address", "city", "state", "...
                                                             ^

ERROR 2026-01-04 11:27:08,335 views 7212 9444 Critical error during checkout for user 1
INFO 2026-01-04 11:27:08,373 logging 7212 9444 Completed checkout successfully
INFO 2026-01-04 11:27:08,419 basehttp 7212 9444 "POST /checkout/ HTTP/1.1" 200 23993
INFO 2026-01-04 11:46:30,704 logging 11676 4116 Starting checkout
INFO 2026-01-04 11:46:30,933 logging 11676 4116 Completed checkout successfully
INFO 2026-01-04 11:46:30,950 basehttp 11676 4116 "GET /checkout/ HTTP/1.1" 200 23453
INFO 2026-01-04 11:57:38,836 logging 11676 13976 Starting checkout
ERROR 2026-01-04 11:57:39,088 logging 11676 13976 Error in step create_order: null value in column "id" of relation "shop_order" violates not-null constraint
DETAIL:  Failing row contains (null, test@example.com, Test, User, 1234567890, 123 Test Street, Test City, null, null, 3305.50, pending, pending, cash_on_delivery, null, 2026-01-04 06:27:39.040403+00, 2026-01-04 06:27:39.040403+00, 1, 3000.00, 5.00, 300.50, Test State, 12345, WSC6JW3QWJ, 2026-01-11, standard, , , null, null, null).

ERROR 2026-01-04 11:57:39,094 views 11676 13976 Critical error during checkout for user 1
INFO 2026-01-04 11:57:39,176 logging 11676 13976 Completed checkout successfully
INFO 2026-01-04 11:57:39,297 basehttp 11676 13976 "POST /checkout/ HTTP/1.1" 200 23993
INFO 2026-01-04 11:59:29,148 logging 11676 14960 Starting checkout
INFO 2026-01-04 11:59:29,210 logging 11676 14960 Completed checkout successfully
INFO 2026-01-04 11:59:29,260 basehttp 11676 14960 "GET /checkout/ HTTP/1.1" 200 23453
INFO 2026-01-04 12:00:56,105 basehttp 11676 6476 "GET / HTTP/1.1" 200 26091
INFO 2026-01-04 12:02:28,466 logging 11676 16788 Starting checkout
INFO 2026-01-04 12:02:28,514 logging 11676 16788 Completed checkout successfully
INFO 2026-01-04 12:02:28,523 basehttp 11676 16788 "GET /checkout/ HTTP/1.1" 200 23453
INFO 2026-01-04 12:03:27,852 logging 11676 7968 Starting checkout
INFO 2026-01-04 12:03:27,886 logging 11676 7968 Completed checkout successfully
INFO 2026-01-04 12:03:27,893 basehttp 11676 7968 "GET /checkout/ HTTP/1.1" 200 23453
INFO 2026-01-04 12:05:45,847 logging 11676 11636 Starting checkout
INFO 2026-01-04 12:05:46,232 logging 11676 11636 Completed checkout successfully
INFO 2026-01-04 12:05:46,299 basehttp 11676 11636 "GET /checkout/ HTTP/1.1" 200 23453
INFO 2026-01-04 12:09:44,057 logging 11676 12400 Starting checkout
INFO 2026-01-04 12:09:44,105 logging 11676 12400 Completed checkout successfully
INFO 2026-01-04 12:09:44,109 basehttp 11676 12400 "GET /checkout/ HTTP/1.1" 200 23453
INFO 2026-01-04 12:12:11,823 basehttp 11676 1552 "GET /checkout/ HTTP/1.1" 302 0
INFO 2026-01-04 12:12:13,390 basehttp 11676 1552 "GET /accounts/login/?next=/checkout/ HTTP/1.1" 200 18991
INFO 2026-01-04 12:12:14,980 basehttp 11676 11296 "GET /static/css/style.css HTTP/1.1" 200 7883
INFO 2026-01-04 12:12:14,997 basehttp 11676 5724 "GET /static/logo/logo.png HTTP/1.1" 200 576407
INFO 2026-01-04 12:12:15,023 basehttp 11676 1552 "GET /static/css/order.css HTTP/1.1" 200 3219
INFO 2026-01-04 12:12:30,070 basehttp 11676 18136 "GET /static/logo/logo.png HTTP/1.1" 200 576407
INFO 2026-01-04 12:13:43,499 basehttp 11676 15372 "GET /accounts/login/? HTTP/1.1" 200 18991
INFO 2026-01-04 12:33:08,263 basehttp 11676 2668 "GET /track-order/ HTTP/1.1" 200 17785
INFO 2026-01-04 12:33:12,666 basehttp 11676 2668 "GET /orders/ HTTP/1.1" 200 15355
INFO 2026-01-04 12:41:42,961 basehttp 11676 7644 "GET /track-order/ HTTP/1.1" 200 17785
INFO 2026-01-04 12:41:51,014 basehttp 11676 13836 "GET /orders/ HTTP/1.1" 200 15355
INFO 2026-01-04 13:03:37,035 signals 16908 5496 Triggering notification for Order #1. Created: True, Status changed: False
INFO 2026-01-04 13:03:37,044 signals 16908 5496 Order #1 is new. Confirmation email should be handled by views/utils.
INFO 2026-01-04 13:03:37,063 signals 16908 5496 Triggering notification for Order #1. Created: False, Status changed: True
INFO 2026-01-04 13:03:37,066 signals 16908 5496 Sending status update email for Order #1 to krishnananbu99@gmail.com. New status: processing
INFO 2026-01-04 13:03:41,277 signals 16908 5496 Status update email sent successfully for Order #1
INFO 2026-01-04 13:03:41,289 signals 16908 5496 Triggering notification for Order #1. Created: False, Status changed: True
INFO 2026-01-04 13:03:41,295 signals 16908 5496 Sending status update email for Order #1 to krishnananbu99@gmail.com. New status: shipped
INFO 2026-01-04 13:03:44,049 signals 16908 5496 Status update email sent successfully for Order #1
INFO 2026-01-05 09:37:15,195 autoreload 17648 7436 Watching for file changes with StatReloader
INFO 2026-01-05 09:37:28,088 basehttp 17648 13516 "GET / HTTP/1.1" 200 21490
INFO 2026-01-05 09:37:44,469 basehttp 17648 12456 "GET /track-order/ HTTP/1.1" 200 17785
INFO 2026-01-05 09:38:37,373 basehttp 17648 18424 "POST /track-order/ HTTP/1.1" 200 24315
INFO 2026-01-05 09:40:07,870 basehttp 17648 16396 "GET /admin HTTP/1.1" 301 0
INFO 2026-01-05 09:40:09,310 basehttp 17648 16488 "GET /admin/ HTTP/1.1" 200 11804
INFO 2026-01-05 09:40:10,261 basehttp 17648 12768 "GET /static/admin/css/nav_sidebar.css HTTP/1.1" 200 2810
INFO 2026-01-05 09:40:10,262 basehttp 17648 16292 "GET /static/admin/css/responsive.css HTTP/1.1" 200 16565
INFO 2026-01-05 09:40:10,288 basehttp 17648 4820 "GET /static/admin/css/dashboard.css HTTP/1.1" 200 441
INFO 2026-01-05 09:40:10,304 basehttp 17648 3872 "GET /static/admin/css/dark_mode.css HTTP/1.1" 200 2808
INFO 2026-01-05 09:40:10,312 basehttp 17648 16488 "GET /static/admin/css/base.css HTTP/1.1" 200 22120
INFO 2026-01-05 09:40:10,520 basehttp 17648 15564 "GET /static/admin/js/theme.js HTTP/1.1" 200 1653
INFO 2026-01-05 09:40:10,526 basehttp 17648 16488 "GET /static/admin/js/nav_sidebar.js HTTP/1.1" 200 3063
INFO 2026-01-05 09:40:10,706 basehttp 17648 15564 "GET /static/admin/img/icon-changelink.svg HTTP/1.1" 200 380
INFO 2026-01-05 09:40:10,708 basehttp 17648 16488 "GET /static/admin/img/icon-addlink.svg HTTP/1.1" 200 331
WARNING 2026-01-05 09:40:10,854 basehttp 17648 16488 "GET /favicon.ico HTTP/1.1" 404 5716
INFO 2026-01-05 09:40:20,117 basehttp 17648 16932 "GET /admin/auth/user/ HTTP/1.1" 200 21512
INFO 2026-01-05 09:40:20,259 basehttp 17648 16932 "GET /static/admin/css/changelists.css HTTP/1.1" 200 6878
INFO 2026-01-05 09:40:20,384 basehttp 17648 19428 "GET /static/admin/js/jquery.init.js HTTP/1.1" 200 347
INFO 2026-01-05 09:40:20,490 basehttp 17648 19428 "GET /static/admin/js/urlify.js HTTP/1.1" 200 7887
INFO 2026-01-05 09:40:20,497 basehttp 17648 16932 "GET /static/admin/js/actions.js HTTP/1.1" 200 8076
INFO 2026-01-05 09:40:20,591 basehttp 17648 3056 "GET /static/admin/js/core.js HTTP/1.1" 200 6208
INFO 2026-01-05 09:40:20,790 basehttp 17648 15800 "GET /static/admin/js/admin/RelatedObjectLookups.js HTTP/1.1" 200 9777
INFO 2026-01-05 09:40:20,790 basehttp 17648 19428 "GET /static/admin/js/prepopulate.js HTTP/1.1" 200 1531
INFO 2026-01-05 09:40:20,826 basehttp 17648 8544 "GET /static/admin/js/vendor/jquery/jquery.js HTTP/1.1" 200 285314
INFO 2026-01-05 09:40:21,029 basehttp 17648 15800 "GET /static/admin/img/icon-no.svg HTTP/1.1" 200 560
INFO 2026-01-05 09:40:21,038 basehttp 17648 14432 "GET /admin/jsi18n/ HTTP/1.1" 200 3342
INFO 2026-01-05 09:40:21,043 basehttp 17648 19428 "GET /static/admin/img/search.svg HTTP/1.1" 200 458
INFO 2026-01-05 09:40:21,139 basehttp 17648 15800 "GET /static/admin/img/icon-yes.svg HTTP/1.1" 200 436
INFO 2026-01-05 09:40:21,200 basehttp 17648 16932 "GET /static/admin/js/vendor/xregexp/xregexp.js HTTP/1.1" 200 325171
INFO 2026-01-05 09:40:21,321 basehttp 17648 15800 "GET /static/admin/js/filters.js HTTP/1.1" 200 978
INFO 2026-01-05 09:40:21,438 basehttp 17648 16932 "GET /static/admin/img/tooltag-add.svg HTTP/1.1" 200 331
INFO 2026-01-05 09:40:21,441 basehttp 17648 19428 "GET /static/admin/img/sorting-icons.svg HTTP/1.1" 200 1097
INFO 2026-01-05 09:40:21,489 basehttp 17648 14432 "GET /static/admin/img/icon-viewlink.svg HTTP/1.1" 200 581
INFO 2026-01-05 09:40:24,508 basehttp 17648 14460 "GET /admin/auth/group/ HTTP/1.1" 200 9430
INFO 2026-01-05 09:40:24,944 basehttp 17648 14460 "GET /admin/jsi18n/ HTTP/1.1" 200 3342
INFO 2026-01-05 09:40:27,137 basehttp 17648 14460 "GET /admin/shop/brand/ HTTP/1.1" 200 10522
INFO 2026-01-05 09:40:27,417 basehttp 17648 14460 "GET /admin/jsi18n/ HTTP/1.1" 200 3342
INFO 2026-01-05 09:40:30,840 basehttp 17648 14704 "GET /admin/shop/category/ HTTP/1.1" 200 10560
INFO 2026-01-05 09:40:31,121 basehttp 17648 14704 "GET /admin/jsi18n/ HTTP/1.1" 200 3342
INFO 2026-01-05 09:40:34,298 basehttp 17648 15508 "GET /admin/shop/product/ HTTP/1.1" 200 14903
INFO 2026-01-05 09:40:34,536 basehttp 17648 15508 "GET /static/admin/css/forms.css HTTP/1.1" 200 8525
INFO 2026-01-05 09:40:34,673 basehttp 17648 15508 "GET /static/admin/css/widgets.css HTTP/1.1" 200 11991
INFO 2026-01-05 09:40:34,925 basehttp 17648 9000 "GET /admin/jsi18n/ HTTP/1.1" 200 3342
INFO 2026-01-05 09:41:42,879 basehttp 17648 4340 "GET /admin/shop/product/1/change/ HTTP/1.1" 200 21765
INFO 2026-01-05 09:41:43,152 basehttp 17648 8060 "GET /static/admin/js/prepopulate_init.js HTTP/1.1" 200 586
INFO 2026-01-05 09:41:43,231 basehttp 17648 4340 "GET /static/admin/js/inlines.js HTTP/1.1" 200 15628
INFO 2026-01-05 09:41:43,468 basehttp 17648 7488 "GET /admin/jsi18n/ HTTP/1.1" 200 3342
INFO 2026-01-05 09:41:43,544 basehttp 17648 4340 "GET /static/admin/js/change_form.js HTTP/1.1" 200 606
INFO 2026-01-05 09:41:43,765 basehttp 17648 7488 "GET /static/admin/img/tooltag-arrowright.svg HTTP/1.1" 200 280
INFO 2026-01-05 09:41:43,903 basehttp 17648 4340 "GET /static/admin/img/inline-delete.svg HTTP/1.1" 200 537
INFO 2026-01-05 09:51:35,386 basehttp 17648 6304 "GET /admin/shop/category/ HTTP/1.1" 200 10560
INFO 2026-01-05 09:51:37,316 basehttp 17648 6304 "GET /admin/jsi18n/ HTTP/1.1" 200 3342
INFO 2026-01-05 09:51:41,003 basehttp 17648 4796 "GET /admin/shop/brand/ HTTP/1.1" 200 10522
INFO 2026-01-05 09:51:41,770 basehttp 17648 4796 "GET /admin/jsi18n/ HTTP/1.1" 200 3342
INFO 2026-01-05 09:51:46,748 basehttp 17648 10680 "GET /admin/auth/user/ HTTP/1.1" 200 21512
INFO 2026-01-05 09:51:47,954 basehttp 17648 10680 "GET /admin/jsi18n/ HTTP/1.1" 200 3342
INFO 2026-01-05 09:56:41,283 autoreload 17648 7436 C:\Users\Dell\OneDrive\Desktop\git\ecom\ecommerce\ecommerce\shop\admin.py changed, reloading.
INFO 2026-01-05 09:56:47,239 autoreload 11196 9364 Watching for file changes with StatReloader
INFO 2026-01-05 09:57:44,075 autoreload 11196 9364 C:\Users\Dell\OneDrive\Desktop\git\ecom\ecommerce\ecommerce\accounts\admin.py changed, reloading.
INFO 2026-01-05 09:57:49,995 autoreload 6600 1164 Watching for file changes with StatReloader
INFO 2026-01-05 09:58:57,831 autoreload 6600 1164 C:\Users\Dell\OneDrive\Desktop\git\ecom\ecommerce\ecommerce\shop\views.py changed, reloading.
INFO 2026-01-05 09:59:01,950 autoreload 18804 11568 Watching for file changes with StatReloader
INFO 2026-01-05 09:59:09,348 autoreload 18804 11568 C:\Users\Dell\OneDrive\Desktop\git\ecom\ecommerce\ecommerce\shop\views.py changed, reloading.
INFO 2026-01-05 09:59:15,376 autoreload 972 5556 Watching for file changes with StatReloader
INFO 2026-01-05 09:59:20,528 autoreload 972 5556 C:\Users\Dell\OneDrive\Desktop\git\ecom\ecommerce\ecommerce\shop\urls.py changed, reloading.
INFO 2026-01-05 09:59:24,684 autoreload 12924 19016 Watching for file changes with StatReloader
INFO 2026-01-05 09:59:28,396 autoreload 12924 19016 C:\Users\Dell\OneDrive\Desktop\git\ecom\ecommerce\ecommerce\shop\admin.py changed, reloading.
INFO 2026-01-05 09:59:32,242 autoreload 6096 6476 Watching for file changes with StatReloader
INFO 2026-01-05 09:59:37,092 autoreload 6096 6476 C:\Users\Dell\OneDrive\Desktop\git\ecom\ecommerce\ecommerce\shop\admin.py changed, reloading.
INFO 2026-01-05 09:59:43,443 autoreload 15172 5592 Watching for file changes with StatReloader
INFO 2026-01-05 09:59:51,676 autoreload 15172 5592 C:\Users\Dell\OneDrive\Desktop\git\ecom\ecommerce\ecommerce\shop\models.py changed, reloading.
INFO 2026-01-05 09:59:58,252 autoreload 9516 3096 Watching for file changes with StatReloader
INFO 2026-01-05 10:00:37,662 autoreload 9516 3096 C:\Users\Dell\OneDrive\Desktop\git\ecom\ecommerce\ecommerce\accounts\admin.py changed, reloading.
INFO 2026-01-05 10:00:46,241 autoreload 3300 2420 Watching for file changes with StatReloader
INFO 2026-01-05 10:01:16,182 autoreload 3300 2420 C:\Users\Dell\OneDrive\Desktop\git\ecom\ecommerce\ecommerce\shop\admin.py changed, reloading.
INFO 2026-01-05 10:01:22,118 autoreload 15708 7612 Watching for file changes with StatReloader
INFO 2026-01-05 10:01:30,988 autoreload 15708 7612 C:\Users\Dell\OneDrive\Desktop\git\ecom\ecommerce\ecommerce\shop\admin.py changed, reloading.
INFO 2026-01-05 10:01:42,696 autoreload 16168 14876 Watching for file changes with StatReloader
INFO 2026-01-05 10:04:40,587 basehttp 16168 11816 "GET / HTTP/1.1" 200 21490
INFO 2026-01-05 10:04:52,635 basehttp 16168 7480 "GET /admin/ HTTP/1.1" 200 12992
INFO 2026-01-05 10:04:59,956 basehttp 16168 4120 "GET /admin/shop/orderstatus/ HTTP/1.1" 200 14388
INFO 2026-01-05 10:05:01,739 basehttp 16168 4120 "GET /admin/jsi18n/ HTTP/1.1" 200 3342
INFO 2026-01-05 10:05:06,605 basehttp 16168 4120 "GET /admin/shop/orderstatus/1/change/ HTTP/1.1" 200 16485
INFO 2026-01-05 10:05:07,017 basehttp 16168 4120 "GET /admin/jsi18n/ HTTP/1.1" 200 3342
INFO 2026-01-05 10:05:07,428 basehttp 16168 11744 "GET /static/admin/img/icon-deletelink.svg HTTP/1.1" 200 392
INFO 2026-01-05 10:05:24,692 basehttp 16168 16324 "POST /admin/shop/orderstatus/1/change/ HTTP/1.1" 200 16725
INFO 2026-01-05 10:05:25,019 basehttp 16168 16324 "GET /admin/jsi18n/ HTTP/1.1" 200 3342
INFO 2026-01-05 10:05:34,511 basehttp 16168 16324 "POST /admin/shop/orderstatus/1/change/ HTTP/1.1" 302 0
INFO 2026-01-05 10:05:34,776 basehttp 16168 16324 "GET /admin/shop/orderstatus/ HTTP/1.1" 200 14623
INFO 2026-01-05 10:05:35,311 basehttp 16168 13100 "GET /admin/jsi18n/ HTTP/1.1" 200 3342
INFO 2026-01-05 10:06:59,516 basehttp 16168 18744 "GET /admin/shop/orderstatus/1/change/ HTTP/1.1" 200 16491
INFO 2026-01-05 10:07:00,006 basehttp 16168 18744 "GET /admin/jsi18n/ HTTP/1.1" 200 3342
INFO 2026-01-05 10:07:47,730 basehttp 16168 13504 "GET /admin/shop/brand/ HTTP/1.1" 200 11368
INFO 2026-01-05 10:07:48,069 basehttp 16168 13504 "GET /admin/jsi18n/ HTTP/1.1" 200 3342
INFO 2026-01-05 10:07:50,396 basehttp 16168 16456 "GET /admin/shop/orderstatus/1/change/ HTTP/1.1" 200 16491
INFO 2026-01-05 10:07:54,188 basehttp 16168 16456 "GET /admin/shop/order/ HTTP/1.1" 200 18558
INFO 2026-01-05 10:07:54,936 basehttp 16168 16456 "GET /admin/jsi18n/ HTTP/1.1" 200 3342
INFO 2026-01-05 10:08:13,464 signals 16168 9312 Triggering notification for Order #1. Created: False, Status changed: True
INFO 2026-01-05 10:08:13,520 signals 16168 9312 Sending status update email for Order #1 to krishnananbu99@gmail.com. New status: confirmed
INFO 2026-01-05 10:08:20,611 signals 16168 9312 Status update email sent successfully for Order #1
INFO 2026-01-05 10:08:20,673 basehttp 16168 9312 "POST /admin/shop/order/ HTTP/1.1" 302 0
INFO 2026-01-05 10:08:21,091 basehttp 16168 9312 "GET /admin/shop/order/ HTTP/1.1" 200 18697
INFO 2026-01-05 10:08:21,585 basehttp 16168 9312 "GET /admin/jsi18n/ HTTP/1.1" 200 3342
INFO 2026-01-05 10:08:26,788 basehttp 16168 14608 "GET /order/1/invoice/ HTTP/1.1" 200 19958
INFO 2026-01-05 10:10:19,927 basehttp 16168 14460 "GET /admin/auth/user/ HTTP/1.1" 200 25289
INFO 2026-01-05 10:10:24,380 basehttp 16168 4136 "GET / HTTP/1.1" 200 21490
INFO 2026-01-05 10:10:28,384 basehttp 16168 8328 "GET /track-order/ HTTP/1.1" 200 17785
INFO 2026-01-05 10:10:35,688 basehttp 16168 9824 "POST /track-order/ HTTP/1.1" 200 24309
INFO 2026-01-05 10:15:59,712 basehttp 16168 13772 "GET /admin/ HTTP/1.1" 200 13036
ERROR 2026-01-05 10:16:07,248 log 16168 17972 Internal Server Error: /admin/shop/order/1/change/
Traceback (most recent call last):
  File "C:\Users\Dell\AppData\Local\Programs\Python\Python312\Lib\site-packages\django\db\models\options.py", line 683, in get_field
    return self.fields_map[field_name]
           ~~~~~~~~~~~~~~~^^^^^^^^^^^^
KeyError: 'get_total_price'

During handling of the above exception, another exception occurred:

Traceback (most recent call last):
  File "C:\Users\Dell\AppData\Local\Programs\Python\Python312\Lib\site-packages\django\contrib\admin\utils.py", line 290, in lookup_field
    f = _get_non_gfk_field(opts, name)
        ^^^^^^^^^^^^^^^^^^^^^^^^^^^^^^
  File "C:\Users\Dell\AppData\Local\Programs\Python\Python312\Lib\site-packages\django\contrib\admin\utils.py", line 330, in _get_non_gfk_field
    field = opts.get_field(name)
            ^^^^^^^^^^^^^^^^^^^^
  File "C:\Users\Dell\AppData\Local\Programs\Python\Python312\Lib\site-packages\django\db\models\options.py", line 685, in get_field
    raise FieldDoesNotExist(
django.core.exceptions.FieldDoesNotExist: OrderItem has no field named 'get_total_price'

During handling of the above exception, another exception occurred:

Traceback (most recent call last):
  File "C:\Users\Dell\AppData\Local\Programs\Python\Python312\Lib\site-packages\django\core\handlers\exception.py", line 55, in inner
    response = get_response(request)
               ^^^^^^^^^^^^^^^^^^^^^
  File "C:\Users\Dell\AppData\Local\Programs\Python\Python312\Lib\site-packages\django\core\handlers\base.py", line 220, in _get_response
    response = response.render()
               ^^^^^^^^^^^^^^^^^
  File "C:\Users\Dell\AppData\Local\Programs\Python\Python312\Lib\site-packages\django\template\response.py", line 114, in render
    self.content = self.rendered_content
                   ^^^^^^^^^^^^^^^^^^^^^
  File "C:\Users\Dell\AppData\Local\Programs\Python\Python312\Lib\site-packages\django\template\response.py", line 92, in rendered_content
    return template.render(context, self._request)
           ^^^^^^^^^^^^^^^^^^^^^^^^^^^^^^^^^^^^^^^
  File "C:\Users\Dell\AppData\Local\Programs\Python\Python312\Lib\site-packages\django\template\backends\django.py", line 107, in render
    return self.template.render(context)
           ^^^^^^^^^^^^^^^^^^^^^^^^^^^^^
  File "C:\Users\Dell\AppData\Local\Programs\Python\Python312\Lib\site-packages\django\template\base.py", line 171, in render
    return self._render(context)
           ^^^^^^^^^^^^^^^^^^^^^
  File "C:\Users\Dell\AppData\Local\Programs\Python\Python312\Lib\site-packages\django\template\base.py", line 163, in _render
    return self.nodelist.render(context)
           ^^^^^^^^^^^^^^^^^^^^^^^^^^^^^
  File "C:\Users\Dell\AppData\Local\Programs\Python\Python312\Lib\site-packages\django\template\base.py", line 1016, in render
    return SafeString("".join([node.render_annotated(context) for node in self]))
                               ^^^^^^^^^^^^^^^^^^^^^^^^^^^^^^
  File "C:\Users\Dell\AppData\Local\Programs\Python\Python312\Lib\site-packages\django\template\base.py", line 977, in render_annotated
    return self.render(context)
           ^^^^^^^^^^^^^^^^^^^^
  File "C:\Users\Dell\AppData\Local\Programs\Python\Python312\Lib\site-packages\django\template\loader_tags.py", line 159, in render
    return compiled_parent._render(context)
           ^^^^^^^^^^^^^^^^^^^^^^^^^^^^^^^^
  File "C:\Users\Dell\AppData\Local\Programs\Python\Python312\Lib\site-packages\django\template\base.py", line 163, in _render
    return self.nodelist.render(context)
           ^^^^^^^^^^^^^^^^^^^^^^^^^^^^^
  File "C:\Users\Dell\AppData\Local\Programs\Python\Python312\Lib\site-packages\django\template\base.py", line 1016, in render
    return SafeString("".join([node.render_annotated(context) for node in self]))
                               ^^^^^^^^^^^^^^^^^^^^^^^^^^^^^^
  File "C:\Users\Dell\AppData\Local\Programs\Python\Python312\Lib\site-packages\django\template\base.py", line 977, in render_annotated
    return self.render(context)
           ^^^^^^^^^^^^^^^^^^^^
  File "C:\Users\Dell\AppData\Local\Programs\Python\Python312\Lib\site-packages\django\template\loader_tags.py", line 159, in render
    return compiled_parent._render(context)
           ^^^^^^^^^^^^^^^^^^^^^^^^^^^^^^^^
  File "C:\Users\Dell\AppData\Local\Programs\Python\Python312\Lib\site-packages\django\template\base.py", line 163, in _render
    return self.nodelist.render(context)
           ^^^^^^^^^^^^^^^^^^^^^^^^^^^^^
  File "C:\Users\Dell\AppData\Local\Programs\Python\Python312\Lib\site-packages\django\template\base.py", line 1016, in render
    return SafeString("".join([node.render_annotated(context) for node in self]))
                               ^^^^^^^^^^^^^^^^^^^^^^^^^^^^^^
  File "C:\Users\Dell\AppData\Local\Programs\Python\Python312\Lib\site-packages\django\template\base.py", line 977, in render_annotated
    return self.render(context)
           ^^^^^^^^^^^^^^^^^^^^
  File "C:\Users\Dell\AppData\Local\Programs\Python\Python312\Lib\site-packages\django\template\loader_tags.py", line 65, in render
    result = block.nodelist.render(context)
             ^^^^^^^^^^^^^^^^^^^^^^^^^^^^^^
  File "C:\Users\Dell\AppData\Local\Programs\Python\Python312\Lib\site-packages\django\template\base.py", line 1016, in render
    return SafeString("".join([node.render_annotated(context) for node in self]))
                               ^^^^^^^^^^^^^^^^^^^^^^^^^^^^^^
  File "C:\Users\Dell\AppData\Local\Programs\Python\Python312\Lib\site-packages\django\template\base.py", line 977, in render_annotated
    return self.render(context)
           ^^^^^^^^^^^^^^^^^^^^
  File "C:\Users\Dell\AppData\Local\Programs\Python\Python312\Lib\site-packages\django\template\loader_tags.py", line 65, in render
    result = block.nodelist.render(context)
             ^^^^^^^^^^^^^^^^^^^^^^^^^^^^^^
  File "C:\Users\Dell\AppData\Local\Programs\Python\Python312\Lib\site-packages\django\template\base.py", line 1016, in render
    return SafeString("".join([node.render_annotated(context) for node in self]))
                               ^^^^^^^^^^^^^^^^^^^^^^^^^^^^^^
  File "C:\Users\Dell\AppData\Local\Programs\Python\Python312\Lib\site-packages\django\template\base.py", line 977, in render_annotated
    return self.render(context)
           ^^^^^^^^^^^^^^^^^^^^
  File "C:\Users\Dell\AppData\Local\Programs\Python\Python312\Lib\site-packages\django\template\defaulttags.py", line 243, in render
    nodelist.append(node.render_annotated(context))
                    ^^^^^^^^^^^^^^^^^^^^^^^^^^^^^^
  File "C:\Users\Dell\AppData\Local\Programs\Python\Python312\Lib\site-packages\django\template\base.py", line 977, in render_annotated
    return self.render(context)
           ^^^^^^^^^^^^^^^^^^^^
  File "C:\Users\Dell\AppData\Local\Programs\Python\Python312\Lib\site-packages\django\template\loader_tags.py", line 210, in render
    return template.render(context)
           ^^^^^^^^^^^^^^^^^^^^^^^^
  File "C:\Users\Dell\AppData\Local\Programs\Python\Python312\Lib\site-packages\django\template\base.py", line 173, in render
    return self._render(context)
           ^^^^^^^^^^^^^^^^^^^^^
  File "C:\Users\Dell\AppData\Local\Programs\Python\Python312\Lib\site-packages\django\template\base.py", line 163, in _render
    return self.nodelist.render(context)
           ^^^^^^^^^^^^^^^^^^^^^^^^^^^^^
  File "C:\Users\Dell\AppData\Local\Programs\Python\Python312\Lib\site-packages\django\template\base.py", line 1016, in render
    return SafeString("".join([node.render_annotated(context) for node in self]))
                               ^^^^^^^^^^^^^^^^^^^^^^^^^^^^^^
  File "C:\Users\Dell\AppData\Local\Programs\Python\Python312\Lib\site-packages\django\template\base.py", line 977, in render_annotated
    return self.render(context)
           ^^^^^^^^^^^^^^^^^^^^
  File "C:\Users\Dell\AppData\Local\Programs\Python\Python312\Lib\site-packages\django\template\defaulttags.py", line 243, in render
    nodelist.append(node.render_annotated(context))
                    ^^^^^^^^^^^^^^^^^^^^^^^^^^^^^^
  File "C:\Users\Dell\AppData\Local\Programs\Python\Python312\Lib\site-packages\django\template\base.py", line 977, in render_annotated
    return self.render(context)
           ^^^^^^^^^^^^^^^^^^^^
  File "C:\Users\Dell\AppData\Local\Programs\Python\Python312\Lib\site-packages\django\template\defaulttags.py", line 243, in render
    nodelist.append(node.render_annotated(context))
                    ^^^^^^^^^^^^^^^^^^^^^^^^^^^^^^
  File "C:\Users\Dell\AppData\Local\Programs\Python\Python312\Lib\site-packages\django\template\base.py", line 977, in render_annotated
    return self.render(context)
           ^^^^^^^^^^^^^^^^^^^^
  File "C:\Users\Dell\AppData\Local\Programs\Python\Python312\Lib\site-packages\django\template\defaulttags.py", line 243, in render
    nodelist.append(node.render_annotated(context))
                    ^^^^^^^^^^^^^^^^^^^^^^^^^^^^^^
  File "C:\Users\Dell\AppData\Local\Programs\Python\Python312\Lib\site-packages\django\template\base.py", line 977, in render_annotated
    return self.render(context)
           ^^^^^^^^^^^^^^^^^^^^
  File "C:\Users\Dell\AppData\Local\Programs\Python\Python312\Lib\site-packages\django\template\defaulttags.py", line 243, in render
    nodelist.append(node.render_annotated(context))
                    ^^^^^^^^^^^^^^^^^^^^^^^^^^^^^^
  File "C:\Users\Dell\AppData\Local\Programs\Python\Python312\Lib\site-packages\django\template\base.py", line 977, in render_annotated
    return self.render(context)
           ^^^^^^^^^^^^^^^^^^^^
  File "C:\Users\Dell\AppData\Local\Programs\Python\Python312\Lib\site-packages\django\template\defaulttags.py", line 327, in render
    return nodelist.render(context)
           ^^^^^^^^^^^^^^^^^^^^^^^^
  File "C:\Users\Dell\AppData\Local\Programs\Python\Python312\Lib\site-packages\django\template\base.py", line 1016, in render
    return SafeString("".join([node.render_annotated(context) for node in self]))
                               ^^^^^^^^^^^^^^^^^^^^^^^^^^^^^^
  File "C:\Users\Dell\AppData\Local\Programs\Python\Python312\Lib\site-packages\django\template\base.py", line 977, in render_annotated
    return self.render(context)
           ^^^^^^^^^^^^^^^^^^^^
  File "C:\Users\Dell\AppData\Local\Programs\Python\Python312\Lib\site-packages\django\template\base.py", line 1075, in render
    output = self.filter_expression.resolve(context)
             ^^^^^^^^^^^^^^^^^^^^^^^^^^^^^^^^^^^^^^^
  File "C:\Users\Dell\AppData\Local\Programs\Python\Python312\Lib\site-packages\django\template\base.py", line 722, in resolve
    obj = self.var.resolve(context)
          ^^^^^^^^^^^^^^^^^^^^^^^^^
  File "C:\Users\Dell\AppData\Local\Programs\Python\Python312\Lib\site-packages\django\template\base.py", line 854, in resolve
    value = self._resolve_lookup(context)
            ^^^^^^^^^^^^^^^^^^^^^^^^^^^^^
  File "C:\Users\Dell\AppData\Local\Programs\Python\Python312\Lib\site-packages\django\template\base.py", line 925, in _resolve_lookup
    current = current()
              ^^^^^^^^^
  File "C:\Users\Dell\AppData\Local\Programs\Python\Python312\Lib\site-packages\django\contrib\admin\helpers.py", line 275, in contents
    f, attr, value = lookup_field(field, obj, model_admin)
                     ^^^^^^^^^^^^^^^^^^^^^^^^^^^^^^^^^^^^^
  File "C:\Users\Dell\AppData\Local\Programs\Python\Python312\Lib\site-packages\django\contrib\admin\utils.py", line 299, in lookup_field
    value = attr(obj)
            ^^^^^^^^^
  File "C:\Users\Dell\OneDrive\Desktop\git\ecom\ecommerce\ecommerce\shop\admin.py", line 36, in get_total_price
    return instance.get_total_price() or 0.00
           ^^^^^^^^^^^^^^^^^^^^^^^^^^
  File "C:\Users\Dell\OneDrive\Desktop\git\ecom\ecommerce\ecommerce\shop\models.py", line 161, in get_total_price
    return self.price * self.quantity
           ~~~~~~~~~~~^~~~~~~~~~~~~~~
TypeError: unsupported operand type(s) for *: 'NoneType' and 'int'
ERROR 2026-01-05 10:16:07,293 basehttp 16168 17972 "GET /admin/shop/order/1/change/ HTTP/1.1" 500 608006
INFO 2026-01-05 10:16:11,139 basehttp 16168 17972 "GET /admin/ HTTP/1.1" 200 13036
INFO 2026-01-05 10:16:13,908 basehttp 16168 4724 "GET /admin/shop/orderstatus/1/change/ HTTP/1.1" 200 16491
INFO 2026-01-05 10:16:14,980 basehttp 16168 4724 "GET /admin/jsi18n/ HTTP/1.1" 200 3342
INFO 2026-01-05 10:16:39,525 basehttp 16168 1028 "GET /admin/shop/orderstatus/ HTTP/1.1" 200 14395
INFO 2026-01-05 10:16:39,924 basehttp 16168 1028 "GET /admin/jsi18n/ HTTP/1.1" 200 3342
INFO 2026-01-05 10:16:47,653 basehttp 16168 8020 "GET /admin/shop/orderstatus/1/change/ HTTP/1.1" 200 16491
INFO 2026-01-05 10:16:48,036 basehttp 16168 8020 "GET /admin/jsi18n/ HTTP/1.1" 200 3342
INFO 2026-01-05 10:17:15,038 basehttp 16168 5484 "POST /admin/shop/orderstatus/1/change/ HTTP/1.1" 302 0
INFO 2026-01-05 10:17:15,390 basehttp 16168 5484 "GET /admin/shop/orderstatus/ HTTP/1.1" 200 14623
INFO 2026-01-05 10:17:15,695 basehttp 16168 5484 "GET /admin/jsi18n/ HTTP/1.1" 200 3342
INFO 2026-01-05 10:21:04,330 autoreload 16168 14876 C:\Users\Dell\OneDrive\Desktop\git\ecom\ecommerce\ecommerce\shop\models.py changed, reloading.
INFO 2026-01-05 10:21:10,451 autoreload 10856 11540 Watching for file changes with StatReloader
INFO 2026-01-05 10:22:28,695 autoreload 10856 11540 C:\Users\Dell\OneDrive\Desktop\git\ecom\ecommerce\ecommerce\shop\admin.py changed, reloading.
INFO 2026-01-05 10:22:33,377 autoreload 18968 18884 Watching for file changes with StatReloader
INFO 2026-01-05 10:23:12,360 autoreload 18968 18884 C:\Users\Dell\OneDrive\Desktop\git\ecom\ecommerce\ecommerce\shop\views.py changed, reloading.
INFO 2026-01-05 10:23:15,841 autoreload 7844 15776 Watching for file changes with StatReloader
INFO 2026-01-05 10:23:23,278 autoreload 7844 15776 C:\Users\Dell\OneDrive\Desktop\git\ecom\ecommerce\ecommerce\shop\urls.py changed, reloading.
INFO 2026-01-05 10:23:27,795 autoreload 4792 19140 Watching for file changes with StatReloader
INFO 2026-01-05 10:23:41,718 autoreload 4792 19140 C:\Users\Dell\OneDrive\Desktop\git\ecom\ecommerce\ecommerce\shop\signals.py changed, reloading.
INFO 2026-01-05 10:23:45,033 autoreload 7892 9988 Watching for file changes with StatReloader
WARNING 2026-01-05 10:24:49,976 basehttp 7892 6328 "GET /admin/shop/orderstatus/ HTTP/1.1" 404 8508
WARNING 2026-01-05 10:24:52,785 basehttp 7892 6328 "GET /admin/shop/orderstatus/1/change/ HTTP/1.1" 404 8535
INFO 2026-01-05 10:25:02,807 basehttp 7892 16684 "GET /admin/ HTTP/1.1" 200 17300
INFO 2026-01-05 10:25:11,488 basehttp 7892 11904 "GET /admin/shop/transaction/ HTTP/1.1" 200 15084
INFO 2026-01-05 10:25:11,839 basehttp 7892 11904 "GET /admin/jsi18n/ HTTP/1.1" 200 3342
INFO 2026-01-05 10:25:15,392 basehttp 7892 11904 "GET /admin/shop/supportticket/ HTTP/1.1" 200 14586
INFO 2026-01-05 10:25:15,705 basehttp 7892 11904 "GET /admin/jsi18n/ HTTP/1.1" 200 3342
INFO 2026-01-05 10:25:18,522 basehttp 7892 1180 "GET /admin/shop/shippingcourier/ HTTP/1.1" 200 13086
INFO 2026-01-05 10:25:18,882 basehttp 7892 1180 "GET /admin/jsi18n/ HTTP/1.1" 200 3342
INFO 2026-01-05 10:25:22,025 basehttp 7892 1180 "GET /admin/shop/homepagebanner/ HTTP/1.1" 200 13511
INFO 2026-01-05 10:25:22,493 basehttp 7892 1180 "GET /admin/jsi18n/ HTTP/1.1" 200 3342
INFO 2026-01-05 10:25:25,326 basehttp 7892 1180 "GET /admin/shop/brand/ HTTP/1.1" 200 14456
INFO 2026-01-05 10:25:25,513 basehttp 7892 1180 "GET /admin/jsi18n/ HTTP/1.1" 200 3342
INFO 2026-01-05 10:25:28,152 basehttp 7892 16292 "GET /admin/shop/category/ HTTP/1.1" 200 15360
INFO 2026-01-05 10:25:28,672 basehttp 7892 16292 "GET /admin/jsi18n/ HTTP/1.1" 200 3342
INFO 2026-01-05 10:25:31,331 basehttp 7892 16292 "GET /admin/shop/homepagebanner/ HTTP/1.1" 200 13511
INFO 2026-01-05 10:25:31,779 basehttp 7892 16292 "GET /admin/jsi18n/ HTTP/1.1" 200 3342
INFO 2026-01-05 10:25:34,084 basehttp 7892 16292 "GET /admin/shop/order/ HTTP/1.1" 200 21491
INFO 2026-01-05 10:25:34,569 basehttp 7892 16292 "GET /admin/jsi18n/ HTTP/1.1" 200 3342
INFO 2026-01-05 10:25:38,247 basehttp 7892 13068 "GET /admin/shop/review/ HTTP/1.1" 200 13880
INFO 2026-01-05 10:25:38,595 basehttp 7892 13068 "GET /admin/jsi18n/ HTTP/1.1" 200 3342
INFO 2026-01-05 10:25:41,891 basehttp 7892 13068 "GET /admin/shop/shippingcourier/add/ HTTP/1.1" 200 15644
INFO 2026-01-05 10:25:42,240 basehttp 7892 13068 "GET /admin/jsi18n/ HTTP/1.1" 200 3342
INFO 2026-01-05 10:25:48,972 basehttp 7892 13584 "GET /admin/shop/shippingzone/ HTTP/1.1" 200 13065
INFO 2026-01-05 10:25:49,440 basehttp 7892 13584 "GET /admin/jsi18n/ HTTP/1.1" 200 3342
INFO 2026-01-05 10:25:59,813 basehttp 7892 19116 "GET /admin/shop/transaction/add/ HTTP/1.1" 200 18247
INFO 2026-01-05 10:26:00,317 basehttp 7892 19116 "GET /admin/jsi18n/ HTTP/1.1" 200 3342
INFO 2026-01-05 10:26:16,048 basehttp 7892 1104 "GET /admin/shop/sitesettings/ HTTP/1.1" 200 13063
INFO 2026-01-05 10:26:16,501 basehttp 7892 1104 "GET /admin/jsi18n/ HTTP/1.1" 200 3342
INFO 2026-01-05 10:26:26,092 basehttp 7892 18576 "GET / HTTP/1.1" 200 21490
INFO 2026-01-05 10:26:36,452 basehttp 7892 9680 "GET /orders/ HTTP/1.1" 200 15355
ERROR 2026-01-05 10:26:57,583 log 7892 9248 Internal Server Error: /cart/
Traceback (most recent call last):
  File "C:\Users\Dell\AppData\Local\Programs\Python\Python312\Lib\site-packages\django\core\handlers\exception.py", line 55, in inner
    response = get_response(request)
               ^^^^^^^^^^^^^^^^^^^^^
  File "C:\Users\Dell\AppData\Local\Programs\Python\Python312\Lib\site-packages\django\core\handlers\base.py", line 197, in _get_response
    response = wrapped_callback(request, *callback_args, **callback_kwargs)
               ^^^^^^^^^^^^^^^^^^^^^^^^^^^^^^^^^^^^^^^^^^^^^^^^^^^^^^^^^^^^
  File "C:\Users\Dell\OneDrive\Desktop\git\ecom\ecommerce\ecommerce\shop\views.py", line 153, in cart_detail
    return render(request, 'shop/cart/detail.html', {'cart': cart})
           ^^^^^^^^^^^^^^^^^^^^^^^^^^^^^^^^^^^^^^^^^^^^^^^^^^^^^^^^
  File "C:\Users\Dell\AppData\Local\Programs\Python\Python312\Lib\site-packages\django\shortcuts.py", line 25, in render
    content = loader.render_to_string(template_name, context, request, using=using)
              ^^^^^^^^^^^^^^^^^^^^^^^^^^^^^^^^^^^^^^^^^^^^^^^^^^^^^^^^^^^^^^^^^^^^^
  File "C:\Users\Dell\AppData\Local\Programs\Python\Python312\Lib\site-packages\django\template\loader.py", line 62, in render_to_string
    return template.render(context, request)
           ^^^^^^^^^^^^^^^^^^^^^^^^^^^^^^^^^
  File "C:\Users\Dell\AppData\Local\Programs\Python\Python312\Lib\site-packages\django\template\backends\django.py", line 107, in render
    return self.template.render(context)
           ^^^^^^^^^^^^^^^^^^^^^^^^^^^^^
  File "C:\Users\Dell\AppData\Local\Programs\Python\Python312\Lib\site-packages\django\template\base.py", line 171, in render
    return self._render(context)
           ^^^^^^^^^^^^^^^^^^^^^
  File "C:\Users\Dell\AppData\Local\Programs\Python\Python312\Lib\site-packages\django\template\base.py", line 163, in _render
    return self.nodelist.render(context)
           ^^^^^^^^^^^^^^^^^^^^^^^^^^^^^
  File "C:\Users\Dell\AppData\Local\Programs\Python\Python312\Lib\site-packages\django\template\base.py", line 1016, in render
    return SafeString("".join([node.render_annotated(context) for node in self]))
                               ^^^^^^^^^^^^^^^^^^^^^^^^^^^^^^
  File "C:\Users\Dell\AppData\Local\Programs\Python\Python312\Lib\site-packages\django\template\base.py", line 977, in render_annotated
    return self.render(context)
           ^^^^^^^^^^^^^^^^^^^^
  File "C:\Users\Dell\AppData\Local\Programs\Python\Python312\Lib\site-packages\django\template\loader_tags.py", line 159, in render
    return compiled_parent._render(context)
           ^^^^^^^^^^^^^^^^^^^^^^^^^^^^^^^^
  File "C:\Users\Dell\AppData\Local\Programs\Python\Python312\Lib\site-packages\django\template\base.py", line 163, in _render
    return self.nodelist.render(context)
           ^^^^^^^^^^^^^^^^^^^^^^^^^^^^^
  File "C:\Users\Dell\AppData\Local\Programs\Python\Python312\Lib\site-packages\django\template\base.py", line 1016, in render
    return SafeString("".join([node.render_annotated(context) for node in self]))
                               ^^^^^^^^^^^^^^^^^^^^^^^^^^^^^^
  File "C:\Users\Dell\AppData\Local\Programs\Python\Python312\Lib\site-packages\django\template\base.py", line 977, in render_annotated
    return self.render(context)
           ^^^^^^^^^^^^^^^^^^^^
  File "C:\Users\Dell\AppData\Local\Programs\Python\Python312\Lib\site-packages\django\template\loader_tags.py", line 65, in render
    result = block.nodelist.render(context)
             ^^^^^^^^^^^^^^^^^^^^^^^^^^^^^^
  File "C:\Users\Dell\AppData\Local\Programs\Python\Python312\Lib\site-packages\django\template\base.py", line 1016, in render
    return SafeString("".join([node.render_annotated(context) for node in self]))
                               ^^^^^^^^^^^^^^^^^^^^^^^^^^^^^^
  File "C:\Users\Dell\AppData\Local\Programs\Python\Python312\Lib\site-packages\django\template\base.py", line 977, in render_annotated
    return self.render(context)
           ^^^^^^^^^^^^^^^^^^^^
  File "C:\Users\Dell\AppData\Local\Programs\Python\Python312\Lib\site-packages\django\template\defaulttags.py", line 327, in render
    return nodelist.render(context)
           ^^^^^^^^^^^^^^^^^^^^^^^^
  File "C:\Users\Dell\AppData\Local\Programs\Python\Python312\Lib\site-packages\django\template\base.py", line 1016, in render
    return SafeString("".join([node.render_annotated(context) for node in self]))
                               ^^^^^^^^^^^^^^^^^^^^^^^^^^^^^^
  File "C:\Users\Dell\AppData\Local\Programs\Python\Python312\Lib\site-packages\django\template\base.py", line 977, in render_annotated
    return self.render(context)
           ^^^^^^^^^^^^^^^^^^^^
  File "C:\Users\Dell\AppData\Local\Programs\Python\Python312\Lib\site-packages\django\template\defaulttags.py", line 243, in render
    nodelist.append(node.render_annotated(context))
                    ^^^^^^^^^^^^^^^^^^^^^^^^^^^^^^
  File "C:\Users\Dell\AppData\Local\Programs\Python\Python312\Lib\site-packages\django\template\base.py", line 977, in render_annotated
    return self.render(context)
           ^^^^^^^^^^^^^^^^^^^^
  File "C:\Users\Dell\AppData\Local\Programs\Python\Python312\Lib\site-packages\django\template\defaulttags.py", line 550, in render
    return self.nodelist.render(context)
           ^^^^^^^^^^^^^^^^^^^^^^^^^^^^^
  File "C:\Users\Dell\AppData\Local\Programs\Python\Python312\Lib\site-packages\django\template\base.py", line 1016, in render
    return SafeString("".join([node.render_annotated(context) for node in self]))
                               ^^^^^^^^^^^^^^^^^^^^^^^^^^^^^^
  File "C:\Users\Dell\AppData\Local\Programs\Python\Python312\Lib\site-packages\django\template\base.py", line 977, in render_annotated
    return self.render(context)
           ^^^^^^^^^^^^^^^^^^^^
  File "C:\Users\Dell\AppData\Local\Programs\Python\Python312\Lib\site-packages\django\template\defaulttags.py", line 480, in render
    url = reverse(view_name, args=args, kwargs=kwargs, current_app=current_app)
          ^^^^^^^^^^^^^^^^^^^^^^^^^^^^^^^^^^^^^^^^^^^^^^^^^^^^^^^^^^^^^^^^^^^^^
  File "C:\Users\Dell\AppData\Local\Programs\Python\Python312\Lib\site-packages\django\urls\base.py", line 98, in reverse
    resolved_url = resolver._reverse_with_prefix(view, prefix, *args, **kwargs)
                   ^^^^^^^^^^^^^^^^^^^^^^^^^^^^^^^^^^^^^^^^^^^^^^^^^^^^^^^^^^^^
  File "C:\Users\Dell\AppData\Local\Programs\Python\Python312\Lib\site-packages\django\urls\resolvers.py", line 831, in _reverse_with_prefix
    raise NoReverseMatch(msg)
django.urls.exceptions.NoReverseMatch: Reverse for 'cart_add' with arguments '('',)' not found. 1 pattern(s) tried: ['cart/add/(?P<product_id>[0-9]+)/\\Z']
ERROR 2026-01-05 10:26:57,735 basehttp 7892 9248 "GET /cart/ HTTP/1.1" 500 200446
ERROR 2026-01-05 10:27:05,298 log 7892 14144 Internal Server Error: /cart/
Traceback (most recent call last):
  File "C:\Users\Dell\AppData\Local\Programs\Python\Python312\Lib\site-packages\django\core\handlers\exception.py", line 55, in inner
    response = get_response(request)
               ^^^^^^^^^^^^^^^^^^^^^
  File "C:\Users\Dell\AppData\Local\Programs\Python\Python312\Lib\site-packages\django\core\handlers\base.py", line 197, in _get_response
    response = wrapped_callback(request, *callback_args, **callback_kwargs)
               ^^^^^^^^^^^^^^^^^^^^^^^^^^^^^^^^^^^^^^^^^^^^^^^^^^^^^^^^^^^^
  File "C:\Users\Dell\OneDrive\Desktop\git\ecom\ecommerce\ecommerce\shop\views.py", line 153, in cart_detail
    return render(request, 'shop/cart/detail.html', {'cart': cart})
           ^^^^^^^^^^^^^^^^^^^^^^^^^^^^^^^^^^^^^^^^^^^^^^^^^^^^^^^^
  File "C:\Users\Dell\AppData\Local\Programs\Python\Python312\Lib\site-packages\django\shortcuts.py", line 25, in render
    content = loader.render_to_string(template_name, context, request, using=using)
              ^^^^^^^^^^^^^^^^^^^^^^^^^^^^^^^^^^^^^^^^^^^^^^^^^^^^^^^^^^^^^^^^^^^^^
  File "C:\Users\Dell\AppData\Local\Programs\Python\Python312\Lib\site-packages\django\template\loader.py", line 62, in render_to_string
    return template.render(context, request)
           ^^^^^^^^^^^^^^^^^^^^^^^^^^^^^^^^^
  File "C:\Users\Dell\AppData\Local\Programs\Python\Python312\Lib\site-packages\django\template\backends\django.py", line 107, in render
    return self.template.render(context)
           ^^^^^^^^^^^^^^^^^^^^^^^^^^^^^
  File "C:\Users\Dell\AppData\Local\Programs\Python\Python312\Lib\site-packages\django\template\base.py", line 171, in render
    return self._render(context)
           ^^^^^^^^^^^^^^^^^^^^^
  File "C:\Users\Dell\AppData\Local\Programs\Python\Python312\Lib\site-packages\django\template\base.py", line 163, in _render
    return self.nodelist.render(context)
           ^^^^^^^^^^^^^^^^^^^^^^^^^^^^^
  File "C:\Users\Dell\AppData\Local\Programs\Python\Python312\Lib\site-packages\django\template\base.py", line 1016, in render
    return SafeString("".join([node.render_annotated(context) for node in self]))
                               ^^^^^^^^^^^^^^^^^^^^^^^^^^^^^^
  File "C:\Users\Dell\AppData\Local\Programs\Python\Python312\Lib\site-packages\django\template\base.py", line 977, in render_annotated
    return self.render(context)
           ^^^^^^^^^^^^^^^^^^^^
  File "C:\Users\Dell\AppData\Local\Programs\Python\Python312\Lib\site-packages\django\template\loader_tags.py", line 159, in render
    return compiled_parent._render(context)
           ^^^^^^^^^^^^^^^^^^^^^^^^^^^^^^^^
  File "C:\Users\Dell\AppData\Local\Programs\Python\Python312\Lib\site-packages\django\template\base.py", line 163, in _render
    return self.nodelist.render(context)
           ^^^^^^^^^^^^^^^^^^^^^^^^^^^^^
  File "C:\Users\Dell\AppData\Local\Programs\Python\Python312\Lib\site-packages\django\template\base.py", line 1016, in render
    return SafeString("".join([node.render_annotated(context) for node in self]))
                               ^^^^^^^^^^^^^^^^^^^^^^^^^^^^^^
  File "C:\Users\Dell\AppData\Local\Programs\Python\Python312\Lib\site-packages\django\template\base.py", line 977, in render_annotated
    return self.render(context)
           ^^^^^^^^^^^^^^^^^^^^
  File "C:\Users\Dell\AppData\Local\Programs\Python\Python312\Lib\site-packages\django\template\loader_tags.py", line 65, in render
    result = block.nodelist.render(context)
             ^^^^^^^^^^^^^^^^^^^^^^^^^^^^^^
  File "C:\Users\Dell\AppData\Local\Programs\Python\Python312\Lib\site-packages\django\template\base.py", line 1016, in render
    return SafeString("".join([node.render_annotated(context) for node in self]))
                               ^^^^^^^^^^^^^^^^^^^^^^^^^^^^^^
  File "C:\Users\Dell\AppData\Local\Programs\Python\Python312\Lib\site-packages\django\template\base.py", line 977, in render_annotated
    return self.render(context)
           ^^^^^^^^^^^^^^^^^^^^
  File "C:\Users\Dell\AppData\Local\Programs\Python\Python312\Lib\site-packages\django\template\defaulttags.py", line 327, in render
    return nodelist.render(context)
           ^^^^^^^^^^^^^^^^^^^^^^^^
  File "C:\Users\Dell\AppData\Local\Programs\Python\Python312\Lib\site-packages\django\template\base.py", line 1016, in render
    return SafeString("".join([node.render_annotated(context) for node in self]))
                               ^^^^^^^^^^^^^^^^^^^^^^^^^^^^^^
  File "C:\Users\Dell\AppData\Local\Programs\Python\Python312\Lib\site-packages\django\template\base.py", line 977, in render_annotated
    return self.render(context)
           ^^^^^^^^^^^^^^^^^^^^
  File "C:\Users\Dell\AppData\Local\Programs\Python\Python312\Lib\site-packages\django\template\defaulttags.py", line 243, in render
    nodelist.append(node.render_annotated(context))
                    ^^^^^^^^^^^^^^^^^^^^^^^^^^^^^^
  File "C:\Users\Dell\AppData\Local\Programs\Python\Python312\Lib\site-packages\django\template\base.py", line 977, in render_annotated
    return self.render(context)
           ^^^^^^^^^^^^^^^^^^^^
  File "C:\Users\Dell\AppData\Local\Programs\Python\Python312\Lib\site-packages\django\template\defaulttags.py", line 550, in render
    return self.nodelist.render(context)
           ^^^^^^^^^^^^^^^^^^^^^^^^^^^^^
  File "C:\Users\Dell\AppData\Local\Programs\Python\Python312\Lib\site-packages\django\template\base.py", line 1016, in render
    return SafeString("".join([node.render_annotated(context) for node in self]))
                               ^^^^^^^^^^^^^^^^^^^^^^^^^^^^^^
  File "C:\Users\Dell\AppData\Local\Programs\Python\Python312\Lib\site-packages\django\template\base.py", line 977, in render_annotated
    return self.render(context)
           ^^^^^^^^^^^^^^^^^^^^
  File "C:\Users\Dell\AppData\Local\Programs\Python\Python312\Lib\site-packages\django\template\defaulttags.py", line 480, in render
    url = reverse(view_name, args=args, kwargs=kwargs, current_app=current_app)
          ^^^^^^^^^^^^^^^^^^^^^^^^^^^^^^^^^^^^^^^^^^^^^^^^^^^^^^^^^^^^^^^^^^^^^
  File "C:\Users\Dell\AppData\Local\Programs\Python\Python312\Lib\site-packages\django\urls\base.py", line 98, in reverse
    resolved_url = resolver._reverse_with_prefix(view, prefix, *args, **kwargs)
                   ^^^^^^^^^^^^^^^^^^^^^^^^^^^^^^^^^^^^^^^^^^^^^^^^^^^^^^^^^^^^
  File "C:\Users\Dell\AppData\Local\Programs\Python\Python312\Lib\site-packages\django\urls\resolvers.py", line 831, in _reverse_with_prefix
    raise NoReverseMatch(msg)
django.urls.exceptions.NoReverseMatch: Reverse for 'cart_add' with arguments '('',)' not found. 1 pattern(s) tried: ['cart/add/(?P<product_id>[0-9]+)/\\Z']
ERROR 2026-01-05 10:27:05,303 basehttp 7892 14144 "GET /cart/ HTTP/1.1" 500 200446
INFO 2026-01-05 10:28:34,865 autoreload 7892 9988 C:\Users\Dell\OneDrive\Desktop\git\ecom\ecommerce\ecommerce\shop\cart.py changed, reloading.
INFO 2026-01-05 10:28:40,517 autoreload 14076 11948 Watching for file changes with StatReloader
INFO 2026-01-05 10:29:09,859 autoreload 14076 11948 C:\Users\Dell\OneDrive\Desktop\git\ecom\ecommerce\ecommerce\shop\cart.py changed, reloading.
INFO 2026-01-05 10:29:14,067 autoreload 13632 6008 Watching for file changes with StatReloader
INFO 2026-01-05 10:29:34,836 basehttp 13632 7160 "GET /cart/ HTTP/1.1" 200 16988
INFO 2026-01-05 10:29:44,852 basehttp 13632 2804 "GET /track-order/ HTTP/1.1" 200 17785
INFO 2026-01-05 10:29:54,292 basehttp 13632 18620 "GET /orders/ HTTP/1.1" 200 15355
INFO 2026-01-05 10:30:11,750 basehttp 13632 12376 "GET / HTTP/1.1" 200 21490
INFO 2026-01-05 13:55:53,269 autoreload 1988 11864 Watching for file changes with StatReloader
INFO 2026-01-05 13:58:53,888 autoreload 1988 11864 C:\Users\Dell\OneDrive\Desktop\git\ecom\ecommerce\ecommerce\accounts\views\__init__.py changed, reloading.
INFO 2026-01-05 13:58:58,716 autoreload 7640 6592 Watching for file changes with StatReloader
INFO 2026-01-05 13:59:40,258 basehttp 7640 456 "GET / HTTP/1.1" 200 21562
INFO 2026-01-05 13:59:41,980 basehttp 7640 456 "GET /static/css/order.css HTTP/1.1" 200 3219
INFO 2026-01-05 13:59:41,981 basehttp 7640 11684 "GET /static/logo/logo.png HTTP/1.1" 200 576407
INFO 2026-01-05 13:59:41,983 basehttp 7640 3816 "GET /static/css/style.css HTTP/1.1" 200 7883
INFO 2026-01-05 14:01:06,957 basehttp 7640 13208 "GET /accounts/logout/ HTTP/1.1" 302 0
INFO 2026-01-05 14:01:07,245 basehttp 7640 13208 "GET / HTTP/1.1" 200 21404
INFO 2026-01-05 14:04:45,008 basehttp 7640 6984 "GET /accounts/register/ HTTP/1.1" 200 32921
INFO 2026-01-05 14:09:38,754 basehttp 7640 13384 "GET / HTTP/1.1" 200 21404
INFO 2026-01-05 14:09:45,100 basehttp 7640 12572 "GET /accounts/admin-login/ HTTP/1.1" 200 21309
INFO 2026-01-05 14:53:46,820 basehttp 7640 8844 "POST /accounts/admin-login/ HTTP/1.1" 302 0
WARNING 2026-01-05 14:53:48,733 basehttp 7640 8844 "GET /admin/dashboard/ HTTP/1.1" 404 8487
WARNING 2026-01-05 14:53:49,218 basehttp 7640 8844 "GET /favicon.ico HTTP/1.1" 404 6279
INFO 2026-01-05 15:00:29,635 autoreload 7640 6592 C:\Users\Dell\OneDrive\Desktop\git\ecom\ecommerce\ecommerce\ecommerce\urls.py changed, reloading.
INFO 2026-01-05 15:00:37,492 autoreload 5440 14148 Watching for file changes with StatReloader
INFO 2026-01-05 15:00:50,644 autoreload 5440 14148 C:\Users\Dell\OneDrive\Desktop\git\ecom\ecommerce\ecommerce\ecommerce\urls.py changed, reloading.
INFO 2026-01-05 15:00:55,251 autoreload 14404 13148 Watching for file changes with StatReloader
INFO 2026-01-05 15:15:51,771 basehttp 14404 14936 "GET / HTTP/1.1" 200 21562
INFO 2026-01-05 15:16:03,701 basehttp 14404 3964 "GET /orders/ HTTP/1.1" 200 15427
INFO 2026-01-05 15:16:10,406 basehttp 14404 14808 "GET /cart/ HTTP/1.1" 200 17060
INFO 2026-01-05 15:16:13,578 basehttp 14404 14808 "GET /accounts/logout/ HTTP/1.1" 302 0
INFO 2026-01-05 15:16:13,919 basehttp 14404 14808 "GET / HTTP/1.1" 200 21404
INFO 2026-01-05 15:16:19,756 basehttp 14404 7012 "GET /track-order/ HTTP/1.1" 200 18128
INFO 2026-01-05 15:16:38,240 basehttp 14404 10556 "GET /accounts/login/ HTTP/1.1" 200 19486
INFO 2026-01-05 15:16:47,011 basehttp 14404 10924 "GET /accounts/admin-login/ HTTP/1.1" 200 21309
INFO 2026-01-05 15:17:00,749 basehttp 14404 6120 "POST /accounts/admin-login/ HTTP/1.1" 302 0
ERROR 2026-01-05 15:17:03,186 log 14404 6120 Internal Server Error: /admin/dashboard/
Traceback (most recent call last):
  File "C:\Users\Dell\AppData\Local\Programs\Python\Python312\Lib\site-packages\django\core\handlers\exception.py", line 55, in inner
    response = get_response(request)
               ^^^^^^^^^^^^^^^^^^^^^
  File "C:\Users\Dell\AppData\Local\Programs\Python\Python312\Lib\site-packages\django\core\handlers\base.py", line 197, in _get_response
    response = wrapped_callback(request, *callback_args, **callback_kwargs)
               ^^^^^^^^^^^^^^^^^^^^^^^^^^^^^^^^^^^^^^^^^^^^^^^^^^^^^^^^^^^^
  File "C:\Users\Dell\AppData\Local\Programs\Python\Python312\Lib\site-packages\django\contrib\auth\decorators.py", line 59, in _view_wrapper
    return view_func(request, *args, **kwargs)
           ^^^^^^^^^^^^^^^^^^^^^^^^^^^^^^^^^^^
  File "C:\Users\Dell\OneDrive\Desktop\git\ecom\ecommerce\ecommerce\shop\views.py", line 412, in admin_dashboard
    total_customers = User.objects.filter(orders__isnull=False).distinct().count()
                      ^^^^
NameError: name 'User' is not defined
ERROR 2026-01-05 15:17:03,213 basehttp 14404 6120 "GET /admin/dashboard/ HTTP/1.1" 500 77587
INFO 2026-01-05 15:17:08,168 basehttp 14404 8584 "GET /accounts/admin-login/ HTTP/1.1" 302 0
INFO 2026-01-05 15:17:09,356 basehttp 14404 8584 "GET /accounts/login/ HTTP/1.1" 302 0
INFO 2026-01-05 15:19:21,032 autoreload 14404 13148 C:\Users\Dell\OneDrive\Desktop\git\ecom\ecommerce\ecommerce\shop\urls.py changed, reloading.
INFO 2026-01-05 15:19:29,359 autoreload 6776 5108 Watching for file changes with StatReloader
INFO 2026-01-05 15:20:19,584 autoreload 6776 5108 C:\Users\Dell\OneDrive\Desktop\git\ecom\ecommerce\ecommerce\shop\urls.py changed, reloading.
INFO 2026-01-05 15:20:23,945 autoreload 6624 7472 Watching for file changes with StatReloader
INFO 2026-01-05 15:20:44,098 autoreload 6624 7472 C:\Users\Dell\OneDrive\Desktop\git\ecom\ecommerce\ecommerce\ecommerce\urls.py changed, reloading.
INFO 2026-01-05 15:20:50,184 autoreload 8444 8760 Watching for file changes with StatReloader
INFO 2026-01-05 15:21:06,505 autoreload 8444 8760 C:\Users\Dell\OneDrive\Desktop\git\ecom\ecommerce\ecommerce\shop\urls.py changed, reloading.
INFO 2026-01-05 15:21:11,233 autoreload 6228 6788 Watching for file changes with StatReloader
INFO 2026-01-05 15:23:12,546 autoreload 6228 6788 C:\Users\Dell\OneDrive\Desktop\git\ecom\ecommerce\ecommerce\accounts\views\__init__.py changed, reloading.
INFO 2026-01-05 15:23:18,354 autoreload 12672 5824 Watching for file changes with StatReloader
INFO 2026-01-05 15:24:34,131 autoreload 12672 5824 C:\Users\Dell\OneDrive\Desktop\git\ecom\ecommerce\ecommerce\ecommerce\settings.py changed, reloading.
INFO 2026-01-05 15:24:39,342 autoreload 1528 14788 Watching for file changes with StatReloader
INFO 2026-01-05 15:25:49,724 autoreload 1528 14788 C:\Users\Dell\OneDrive\Desktop\git\ecom\ecommerce\ecommerce\ecommerce\urls.py changed, reloading.
INFO 2026-01-05 15:25:55,387 autoreload 14200 12628 Watching for file changes with StatReloader
INFO 2026-01-05 15:28:34,291 autoreload 14200 12628 C:\Users\Dell\OneDrive\Desktop\git\ecom\ecommerce\ecommerce\ecommerce\urls.py changed, reloading.
INFO 2026-01-05 15:28:38,172 autoreload 14652 6676 Watching for file changes with StatReloader
INFO 2026-01-05 15:31:36,427 basehttp 14652 8416 "GET / HTTP/1.1" 200 21562
INFO 2026-01-05 15:31:41,364 basehttp 14652 6924 "GET /accounts/logout/ HTTP/1.1" 302 0
INFO 2026-01-05 15:31:41,680 basehttp 14652 6924 "GET / HTTP/1.1" 200 21404
INFO 2026-01-05 15:31:49,487 basehttp 14652 408 "GET /accounts/admin-login/ HTTP/1.1" 200 22341
INFO 2026-01-05 15:32:10,554 basehttp 14652 2592 "POST /accounts/admin-login/ HTTP/1.1" 302 0
ERROR 2026-01-05 15:32:11,517 log 14652 2592 Internal Server Error: /admin/dashboard/
Traceback (most recent call last):
  File "C:\Users\Dell\AppData\Local\Programs\Python\Python312\Lib\site-packages\django\core\handlers\exception.py", line 55, in inner
    response = get_response(request)
               ^^^^^^^^^^^^^^^^^^^^^
  File "C:\Users\Dell\AppData\Local\Programs\Python\Python312\Lib\site-packages\django\core\handlers\base.py", line 197, in _get_response
    response = wrapped_callback(request, *callback_args, **callback_kwargs)
               ^^^^^^^^^^^^^^^^^^^^^^^^^^^^^^^^^^^^^^^^^^^^^^^^^^^^^^^^^^^^
  File "C:\Users\Dell\AppData\Local\Programs\Python\Python312\Lib\site-packages\django\contrib\auth\decorators.py", line 59, in _view_wrapper
    return view_func(request, *args, **kwargs)
           ^^^^^^^^^^^^^^^^^^^^^^^^^^^^^^^^^^^
  File "C:\Users\Dell\OneDrive\Desktop\git\ecom\ecommerce\ecommerce\shop\views.py", line 412, in admin_dashboard
    total_customers = User.objects.filter(orders__isnull=False).distinct().count()
                      ^^^^
NameError: name 'User' is not defined
ERROR 2026-01-05 15:32:11,548 basehttp 14652 2592 "GET /admin/dashboard/ HTTP/1.1" 500 77589
INFO 2026-01-05 15:33:28,222 autoreload 14652 6676 C:\Users\Dell\OneDrive\Desktop\git\ecom\ecommerce\ecommerce\shop\views.py changed, reloading.
INFO 2026-01-05 15:33:32,985 autoreload 4120 1572 Watching for file changes with StatReloader
INFO 2026-01-05 15:33:45,492 basehttp 4120 14828 "GET /admin/dashboard/ HTTP/1.1" 200 9051
INFO 2026-01-05 15:33:45,858 basehttp 4120 14828 "GET /admin/dashboard/ HTTP/1.1" 200 9051
INFO 2026-01-05 15:33:46,603 basehttp 4120 8532 "GET /static/admin/css/dark_mode.css HTTP/1.1" 200 2808
INFO 2026-01-05 15:33:46,637 basehttp 4120 14828 "GET /static/admin/css/base.css HTTP/1.1" 200 22120
INFO 2026-01-05 15:33:46,638 basehttp 4120 13708 "GET /static/admin/css/responsive.css HTTP/1.1" 200 16565
INFO 2026-01-05 15:33:46,867 basehttp 4120 13196 "GET /static/admin/js/theme.js HTTP/1.1" 200 1653
INFO 2026-01-05 15:33:46,992 basehttp 4120 13196 "GET /static/admin/img/icon-yes.svg HTTP/1.1" 200 436
INFO 2026-01-05 15:34:39,439 basehttp 4120 10904 "GET /accounts/admin-login/ HTTP/1.1" 302 0
INFO 2026-01-05 15:34:39,818 basehttp 4120 10904 "GET /admin/dashboard/ HTTP/1.1" 200 8922
INFO 2026-01-05 15:34:41,437 basehttp 4120 10904 "GET / HTTP/1.1" 200 21562
INFO 2026-01-05 15:56:15,893 basehttp 4120 16188 "GET /accounts/logout/ HTTP/1.1" 302 0
INFO 2026-01-05 15:56:17,561 basehttp 4120 16188 "GET / HTTP/1.1" 200 21404
INFO 2026-01-05 15:56:59,753 basehttp 4120 15616 "GET /admin/dashboard/ HTTP/1.1" 302 0
INFO 2026-01-05 15:57:00,134 basehttp 4120 15616 "GET /admin/dashboard/ HTTP/1.1" 302 0
INFO 2026-01-05 15:57:01,147 basehttp 4120 15936 "GET /admin/login/?next=/admin/dashboard/ HTTP/1.1" 200 4342
INFO 2026-01-05 15:57:01,458 basehttp 4120 15936 "GET /admin/login/?next=/admin/dashboard/ HTTP/1.1" 200 4342
INFO 2026-01-05 15:57:01,558 basehttp 4120 15616 "GET /static/admin/css/login.css HTTP/1.1" 200 951
INFO 2026-01-05 15:57:01,579 basehttp 4120 15936 "GET /static/admin/css/nav_sidebar.css HTTP/1.1" 200 2810
INFO 2026-01-05 15:57:02,181 basehttp 4120 16080 "GET /static/admin/js/nav_sidebar.js HTTP/1.1" 200 3063
INFO 2026-01-05 15:57:20,615 basehttp 4120 11680 "POST /admin/login/?next=/admin/dashboard/ HTTP/1.1" 302 0
INFO 2026-01-05 15:57:20,924 basehttp 4120 11680 "GET /admin/dashboard/ HTTP/1.1" 200 8922
INFO 2026-01-05 15:57:27,691 basehttp 4120 16280 "GET /admin/shop/coupon/add/ HTTP/1.1" 200 17901
INFO 2026-01-05 15:57:27,820 basehttp 4120 16280 "GET /static/admin/css/forms.css HTTP/1.1" 200 8525
INFO 2026-01-05 15:57:28,028 basehttp 4120 12136 "GET /static/admin/js/admin/DateTimeShortcuts.js HTTP/1.1" 200 19319
INFO 2026-01-05 15:57:28,181 basehttp 4120 8800 "GET /static/admin/js/jquery.init.js HTTP/1.1" 200 347
INFO 2026-01-05 15:57:28,285 basehttp 4120 16280 "GET /static/admin/js/core.js HTTP/1.1" 200 6208
INFO 2026-01-05 15:57:28,303 basehttp 4120 12136 "GET /static/admin/js/admin/RelatedObjectLookups.js HTTP/1.1" 200 9777
INFO 2026-01-05 15:57:28,336 basehttp 4120 8800 "GET /static/admin/css/widgets.css HTTP/1.1" 200 11991
INFO 2026-01-05 15:57:28,336 basehttp 4120 4416 "GET /static/admin/js/calendar.js HTTP/1.1" 200 9141
INFO 2026-01-05 15:57:28,536 basehttp 4120 16268 "GET /admin/jsi18n/ HTTP/1.1" 200 3342
INFO 2026-01-05 15:57:28,560 basehttp 4120 9872 "GET /static/admin/js/vendor/jquery/jquery.js HTTP/1.1" 200 285314
INFO 2026-01-05 15:57:28,564 basehttp 4120 16280 "GET /static/admin/js/actions.js HTTP/1.1" 200 8076
INFO 2026-01-05 15:57:28,567 basehttp 4120 12136 "GET /static/admin/js/urlify.js HTTP/1.1" 200 7887
INFO 2026-01-05 15:57:28,681 basehttp 4120 4416 "GET /static/admin/js/prepopulate.js HTTP/1.1" 200 1531
INFO 2026-01-05 15:57:28,754 basehttp 4120 16268 "GET /static/admin/js/prepopulate_init.js HTTP/1.1" 200 586
INFO 2026-01-05 15:57:28,969 basehttp 4120 16268 "GET /static/admin/js/change_form.js HTTP/1.1" 200 606
INFO 2026-01-05 15:57:28,976 basehttp 4120 8800 "GET /static/admin/js/vendor/xregexp/xregexp.js HTTP/1.1" 200 325171
INFO 2026-01-05 15:57:29,114 basehttp 4120 8800 "GET /static/admin/img/icon-addlink.svg HTTP/1.1" 200 331
INFO 2026-01-05 15:57:29,257 basehttp 4120 16268 "GET /static/admin/img/icon-clock.svg HTTP/1.1" 200 677
INFO 2026-01-05 15:57:29,258 basehttp 4120 8800 "GET /static/admin/img/icon-calendar.svg HTTP/1.1" 200 1086
INFO 2026-01-05 16:18:23,271 autoreload 14772 4272 Watching for file changes with StatReloader
INFO 2026-01-05 16:18:30,873 basehttp 14772 15828 "GET / HTTP/1.1" 200 21562
INFO 2026-01-05 16:19:03,370 basehttp 14772 8332 "GET /accounts/logout/ HTTP/1.1" 302 0
INFO 2026-01-05 16:19:03,988 basehttp 14772 8332 "GET / HTTP/1.1" 200 21404
INFO 2026-01-05 16:19:06,555 basehttp 14772 8332 "GET / HTTP/1.1" 200 21404
INFO 2026-01-05 16:19:11,459 basehttp 14772 10764 "GET /accounts/admin-login/ HTTP/1.1" 200 21906
INFO 2026-01-05 16:19:30,109 basehttp 14772 8484 "POST /accounts/admin-login/ HTTP/1.1" 302 0
INFO 2026-01-05 16:19:30,662 basehttp 14772 8484 "GET /admin/dashboard/ HTTP/1.1" 200 26561
INFO 2026-01-05 16:19:31,454 basehttp 14772 8484 "GET /static/admin/img/icon-changelink.svg HTTP/1.1" 200 380
INFO 2026-01-05 16:19:36,055 basehttp 14772 13460 "GET /admin/auth/group/add/ HTTP/1.1" 200 21830
INFO 2026-01-05 16:19:36,600 basehttp 14772 1628 "GET /static/admin/js/SelectFilter2.js HTTP/1.1" 200 15845
INFO 2026-01-05 16:19:36,601 basehttp 14772 13460 "GET /static/admin/js/SelectBox.js HTTP/1.1" 200 4530
INFO 2026-01-05 16:19:36,722 basehttp 14772 4696 "GET /admin/jsi18n/ HTTP/1.1" 200 3342
INFO 2026-01-05 16:19:37,237 basehttp 14772 12796 "GET /static/admin/img/search.svg HTTP/1.1" 200 458
INFO 2026-01-05 16:19:37,290 basehttp 14772 4508 "GET /static/admin/img/selector-icons.svg HTTP/1.1" 200 3291
INFO 2026-01-05 16:19:40,258 basehttp 14772 4508 "GET /admin/dashboard/ HTTP/1.1" 200 26432
INFO 2026-01-05 16:21:08,756 basehttp 14772 7840 "GET /admin HTTP/1.1" 301 0
INFO 2026-01-05 16:21:09,314 basehttp 14772 14660 "GET /admin/ HTTP/1.1" 200 26432
INFO 2026-01-05 16:21:14,750 basehttp 14772 12648 "GET /admin/ HTTP/1.1" 200 26432
INFO 2026-01-05 16:21:21,123 basehttp 14772 11412 "GET / HTTP/1.1" 200 21562
INFO 2026-01-05 16:21:37,295 basehttp 14772 11956 "GET /cart/ HTTP/1.1" 200 17060
INFO 2026-01-05 16:21:45,636 basehttp 14772 784 "GET /admin/ HTTP/1.1" 200 26432
INFO 2026-01-05 16:21:47,217 basehttp 14772 784 "GET /admin/ HTTP/1.1" 200 26432
INFO 2026-01-05 16:23:31,408 basehttp 14772 5452 "GET /admin/ HTTP/1.1" 200 26432
INFO 2026-01-05 16:23:35,640 basehttp 14772 8444 "GET /accounts/admin-login/ HTTP/1.1" 302 0
INFO 2026-01-05 16:23:43,527 basehttp 14772 11744 "GET /admin/ HTTP/1.1" 200 26432
INFO 2026-01-05 16:23:48,003 basehttp 14772 9572 "GET /admin/ HTTP/1.1" 200 26432
INFO 2026-01-05 16:27:43,995 autoreload 14772 4272 C:\Users\Dell\OneDrive\Desktop\git\ecom\ecommerce\ecommerce\shop\views.py changed, reloading.
INFO 2026-01-05 16:27:49,566 autoreload 15628 10860 Watching for file changes with StatReloader
INFO 2026-01-05 16:30:04,114 basehttp 15628 3192 - Broken pipe from ('127.0.0.1', 63085)
INFO 2026-01-05 16:30:04,129 basehttp 15628 13272 - Broken pipe from ('127.0.0.1', 63084)
INFO 2026-01-05 16:30:04,595 basehttp 15628 16260 "GET / HTTP/1.1" 200 21562
INFO 2026-01-05 16:30:11,449 basehttp 15628 12380 "GET /cart/ HTTP/1.1" 200 17060
INFO 2026-01-05 16:30:20,253 basehttp 15628 8672 "GET /accounts/logout/ HTTP/1.1" 302 0
INFO 2026-01-05 16:30:20,503 basehttp 15628 8672 "GET / HTTP/1.1" 200 21404
INFO 2026-01-05 16:30:24,753 basehttp 15628 15840 "GET /cart/ HTTP/1.1" 200 16902
INFO 2026-01-05 16:30:29,009 basehttp 15628 4108 "GET /accounts/admin-login/ HTTP/1.1" 200 21906
INFO 2026-01-05 16:30:45,895 basehttp 15628 3928 "POST /accounts/admin-login/ HTTP/1.1" 302 0
INFO 2026-01-05 16:30:46,266 basehttp 15628 3928 "GET /admin/dashboard/ HTTP/1.1" 200 27994
ERROR 2026-01-05 16:31:00,458 log 15628 7932 Internal Server Error: /admin/shop/product/
Traceback (most recent call last):
  File "C:\Users\Dell\AppData\Local\Programs\Python\Python312\Lib\site-packages\django\core\handlers\exception.py", line 55, in inner
    response = get_response(request)
               ^^^^^^^^^^^^^^^^^^^^^
  File "C:\Users\Dell\AppData\Local\Programs\Python\Python312\Lib\site-packages\django\core\handlers\base.py", line 197, in _get_response
    response = wrapped_callback(request, *callback_args, **callback_kwargs)
               ^^^^^^^^^^^^^^^^^^^^^^^^^^^^^^^^^^^^^^^^^^^^^^^^^^^^^^^^^^^^
  File "C:\Users\Dell\AppData\Local\Programs\Python\Python312\Lib\site-packages\django\contrib\admin\options.py", line 719, in wrapper
    return self.admin_site.admin_view(view)(*args, **kwargs)
           ^^^^^^^^^^^^^^^^^^^^^^^^^^^^^^^^^^^^^^^^^^^^^^^^^
  File "C:\Users\Dell\AppData\Local\Programs\Python\Python312\Lib\site-packages\django\utils\decorators.py", line 192, in _view_wrapper
    result = _process_exception(request, e)
             ^^^^^^^^^^^^^^^^^^^^^^^^^^^^^^
  File "C:\Users\Dell\AppData\Local\Programs\Python\Python312\Lib\site-packages\django\utils\decorators.py", line 190, in _view_wrapper
    response = view_func(request, *args, **kwargs)
               ^^^^^^^^^^^^^^^^^^^^^^^^^^^^^^^^^^^
  File "C:\Users\Dell\AppData\Local\Programs\Python\Python312\Lib\site-packages\django\views\decorators\cache.py", line 80, in _view_wrapper
    response = view_func(request, *args, **kwargs)
               ^^^^^^^^^^^^^^^^^^^^^^^^^^^^^^^^^^^
  File "C:\Users\Dell\AppData\Local\Programs\Python\Python312\Lib\site-packages\django\contrib\admin\sites.py", line 246, in inner
    return view(request, *args, **kwargs)
           ^^^^^^^^^^^^^^^^^^^^^^^^^^^^^^
  File "C:\Users\Dell\AppData\Local\Programs\Python\Python312\Lib\site-packages\django\utils\decorators.py", line 48, in _wrapper
    return bound_method(*args, **kwargs)
           ^^^^^^^^^^^^^^^^^^^^^^^^^^^^^
  File "C:\Users\Dell\AppData\Local\Programs\Python\Python312\Lib\site-packages\django\utils\decorators.py", line 192, in _view_wrapper
    result = _process_exception(request, e)
             ^^^^^^^^^^^^^^^^^^^^^^^^^^^^^^
  File "C:\Users\Dell\AppData\Local\Programs\Python\Python312\Lib\site-packages\django\utils\decorators.py", line 190, in _view_wrapper
    response = view_func(request, *args, **kwargs)
               ^^^^^^^^^^^^^^^^^^^^^^^^^^^^^^^^^^^
  File "C:\Users\Dell\AppData\Local\Programs\Python\Python312\Lib\site-packages\django\contrib\admin\options.py", line 2024, in changelist_view
    cl = self.get_changelist_instance(request)
         ^^^^^^^^^^^^^^^^^^^^^^^^^^^^^^^^^^^^^
  File "C:\Users\Dell\AppData\Local\Programs\Python\Python312\Lib\site-packages\django\contrib\admin\options.py", line 867, in get_changelist_instance
    return ChangeList(
           ^^^^^^^^^^^
  File "C:\Users\Dell\AppData\Local\Programs\Python\Python312\Lib\site-packages\django\contrib\admin\views\main.py", line 91, in __init__
    self.root_queryset = model_admin.get_queryset(request)
                         ^^^^^^^^^^^^^^^^^^^^^^^^^^^^^^^^^
  File "C:\Users\Dell\OneDrive\Desktop\git\ecom\ecommerce\ecommerce\shop\admin.py", line 39, in get_queryset
    return qs.annotate(is_low_stock=models.Case(
                                    ^^^^^^
NameError: name 'models' is not defined
ERROR 2026-01-05 16:31:00,477 basehttp 15628 7932 "GET /admin/shop/product/ HTTP/1.1" 500 128987
INFO 2026-01-05 16:31:26,561 basehttp 15628 14272 "GET /admin/shop/coupon/ HTTP/1.1" 200 15649
INFO 2026-01-05 16:31:26,924 basehttp 15628 8580 "GET /admin/jsi18n/ HTTP/1.1" 200 3342
INFO 2026-01-05 16:31:27,051 basehttp 15628 14272 "GET /static/admin/css/changelists.css HTTP/1.1" 200 6878
INFO 2026-01-05 16:31:27,205 basehttp 15628 14272 "GET /static/admin/img/tooltag-add.svg HTTP/1.1" 200 331
INFO 2026-01-05 16:31:27,210 basehttp 15628 15852 "GET /static/admin/img/icon-viewlink.svg HTTP/1.1" 200 581
INFO 2026-01-05 16:31:27,340 basehttp 15628 8580 "GET /static/admin/js/filters.js HTTP/1.1" 200 978
INFO 2026-01-05 16:31:30,172 basehttp 15628 3164 "GET /admin/dashboard/ HTTP/1.1" 200 27994
ERROR 2026-01-05 16:31:49,736 log 15628 10496 Internal Server Error: /admin/shop/product/
Traceback (most recent call last):
  File "C:\Users\Dell\AppData\Local\Programs\Python\Python312\Lib\site-packages\django\core\handlers\exception.py", line 55, in inner
    response = get_response(request)
               ^^^^^^^^^^^^^^^^^^^^^
  File "C:\Users\Dell\AppData\Local\Programs\Python\Python312\Lib\site-packages\django\core\handlers\base.py", line 197, in _get_response
    response = wrapped_callback(request, *callback_args, **callback_kwargs)
               ^^^^^^^^^^^^^^^^^^^^^^^^^^^^^^^^^^^^^^^^^^^^^^^^^^^^^^^^^^^^
  File "C:\Users\Dell\AppData\Local\Programs\Python\Python312\Lib\site-packages\django\contrib\admin\options.py", line 719, in wrapper
    return self.admin_site.admin_view(view)(*args, **kwargs)
           ^^^^^^^^^^^^^^^^^^^^^^^^^^^^^^^^^^^^^^^^^^^^^^^^^
  File "C:\Users\Dell\AppData\Local\Programs\Python\Python312\Lib\site-packages\django\utils\decorators.py", line 192, in _view_wrapper
    result = _process_exception(request, e)
             ^^^^^^^^^^^^^^^^^^^^^^^^^^^^^^
  File "C:\Users\Dell\AppData\Local\Programs\Python\Python312\Lib\site-packages\django\utils\decorators.py", line 190, in _view_wrapper
    response = view_func(request, *args, **kwargs)
               ^^^^^^^^^^^^^^^^^^^^^^^^^^^^^^^^^^^
  File "C:\Users\Dell\AppData\Local\Programs\Python\Python312\Lib\site-packages\django\views\decorators\cache.py", line 80, in _view_wrapper
    response = view_func(request, *args, **kwargs)
               ^^^^^^^^^^^^^^^^^^^^^^^^^^^^^^^^^^^
  File "C:\Users\Dell\AppData\Local\Programs\Python\Python312\Lib\site-packages\django\contrib\admin\sites.py", line 246, in inner
    return view(request, *args, **kwargs)
           ^^^^^^^^^^^^^^^^^^^^^^^^^^^^^^
  File "C:\Users\Dell\AppData\Local\Programs\Python\Python312\Lib\site-packages\django\utils\decorators.py", line 48, in _wrapper
    return bound_method(*args, **kwargs)
           ^^^^^^^^^^^^^^^^^^^^^^^^^^^^^
  File "C:\Users\Dell\AppData\Local\Programs\Python\Python312\Lib\site-packages\django\utils\decorators.py", line 192, in _view_wrapper
    result = _process_exception(request, e)
             ^^^^^^^^^^^^^^^^^^^^^^^^^^^^^^
  File "C:\Users\Dell\AppData\Local\Programs\Python\Python312\Lib\site-packages\django\utils\decorators.py", line 190, in _view_wrapper
    response = view_func(request, *args, **kwargs)
               ^^^^^^^^^^^^^^^^^^^^^^^^^^^^^^^^^^^
  File "C:\Users\Dell\AppData\Local\Programs\Python\Python312\Lib\site-packages\django\contrib\admin\options.py", line 2024, in changelist_view
    cl = self.get_changelist_instance(request)
         ^^^^^^^^^^^^^^^^^^^^^^^^^^^^^^^^^^^^^
  File "C:\Users\Dell\AppData\Local\Programs\Python\Python312\Lib\site-packages\django\contrib\admin\options.py", line 867, in get_changelist_instance
    return ChangeList(
           ^^^^^^^^^^^
  File "C:\Users\Dell\AppData\Local\Programs\Python\Python312\Lib\site-packages\django\contrib\admin\views\main.py", line 91, in __init__
    self.root_queryset = model_admin.get_queryset(request)
                         ^^^^^^^^^^^^^^^^^^^^^^^^^^^^^^^^^
  File "C:\Users\Dell\OneDrive\Desktop\git\ecom\ecommerce\ecommerce\shop\admin.py", line 39, in get_queryset
    return qs.annotate(is_low_stock=models.Case(
                                    ^^^^^^
NameError: name 'models' is not defined
ERROR 2026-01-05 16:31:49,745 basehttp 15628 10496 "GET /admin/shop/product/ HTTP/1.1" 500 128736
INFO 2026-01-05 16:32:09,411 basehttp 15628 3000 "GET / HTTP/1.1" 200 21562
INFO 2026-01-05 16:32:45,536 basehttp 15628 1860 "GET /orders/ HTTP/1.1" 200 15427
ERROR 2026-01-05 16:33:05,541 log 15628 12796 Internal Server Error: /admin/shop/product/
Traceback (most recent call last):
  File "C:\Users\Dell\AppData\Local\Programs\Python\Python312\Lib\site-packages\django\core\handlers\exception.py", line 55, in inner
    response = get_response(request)
               ^^^^^^^^^^^^^^^^^^^^^
  File "C:\Users\Dell\AppData\Local\Programs\Python\Python312\Lib\site-packages\django\core\handlers\base.py", line 197, in _get_response
    response = wrapped_callback(request, *callback_args, **callback_kwargs)
               ^^^^^^^^^^^^^^^^^^^^^^^^^^^^^^^^^^^^^^^^^^^^^^^^^^^^^^^^^^^^
  File "C:\Users\Dell\AppData\Local\Programs\Python\Python312\Lib\site-packages\django\contrib\admin\options.py", line 719, in wrapper
    return self.admin_site.admin_view(view)(*args, **kwargs)
           ^^^^^^^^^^^^^^^^^^^^^^^^^^^^^^^^^^^^^^^^^^^^^^^^^
  File "C:\Users\Dell\AppData\Local\Programs\Python\Python312\Lib\site-packages\django\utils\decorators.py", line 192, in _view_wrapper
    result = _process_exception(request, e)
             ^^^^^^^^^^^^^^^^^^^^^^^^^^^^^^
  File "C:\Users\Dell\AppData\Local\Programs\Python\Python312\Lib\site-packages\django\utils\decorators.py", line 190, in _view_wrapper
    response = view_func(request, *args, **kwargs)
               ^^^^^^^^^^^^^^^^^^^^^^^^^^^^^^^^^^^
  File "C:\Users\Dell\AppData\Local\Programs\Python\Python312\Lib\site-packages\django\views\decorators\cache.py", line 80, in _view_wrapper
    response = view_func(request, *args, **kwargs)
               ^^^^^^^^^^^^^^^^^^^^^^^^^^^^^^^^^^^
  File "C:\Users\Dell\AppData\Local\Programs\Python\Python312\Lib\site-packages\django\contrib\admin\sites.py", line 246, in inner
    return view(request, *args, **kwargs)
           ^^^^^^^^^^^^^^^^^^^^^^^^^^^^^^
  File "C:\Users\Dell\AppData\Local\Programs\Python\Python312\Lib\site-packages\django\utils\decorators.py", line 48, in _wrapper
    return bound_method(*args, **kwargs)
           ^^^^^^^^^^^^^^^^^^^^^^^^^^^^^
  File "C:\Users\Dell\AppData\Local\Programs\Python\Python312\Lib\site-packages\django\utils\decorators.py", line 192, in _view_wrapper
    result = _process_exception(request, e)
             ^^^^^^^^^^^^^^^^^^^^^^^^^^^^^^
  File "C:\Users\Dell\AppData\Local\Programs\Python\Python312\Lib\site-packages\django\utils\decorators.py", line 190, in _view_wrapper
    response = view_func(request, *args, **kwargs)
               ^^^^^^^^^^^^^^^^^^^^^^^^^^^^^^^^^^^
  File "C:\Users\Dell\AppData\Local\Programs\Python\Python312\Lib\site-packages\django\contrib\admin\options.py", line 2024, in changelist_view
    cl = self.get_changelist_instance(request)
         ^^^^^^^^^^^^^^^^^^^^^^^^^^^^^^^^^^^^^
  File "C:\Users\Dell\AppData\Local\Programs\Python\Python312\Lib\site-packages\django\contrib\admin\options.py", line 867, in get_changelist_instance
    return ChangeList(
           ^^^^^^^^^^^
  File "C:\Users\Dell\AppData\Local\Programs\Python\Python312\Lib\site-packages\django\contrib\admin\views\main.py", line 91, in __init__
    self.root_queryset = model_admin.get_queryset(request)
                         ^^^^^^^^^^^^^^^^^^^^^^^^^^^^^^^^^
  File "C:\Users\Dell\OneDrive\Desktop\git\ecom\ecommerce\ecommerce\shop\admin.py", line 39, in get_queryset
    return qs.annotate(is_low_stock=models.Case(
                                    ^^^^^^
NameError: name 'models' is not defined
ERROR 2026-01-05 16:33:05,549 basehttp 15628 12796 "GET /admin/shop/product/ HTTP/1.1" 500 128736
ERROR 2026-01-05 16:33:23,829 log 15628 13080 Internal Server Error: /admin/shop/product/
Traceback (most recent call last):
  File "C:\Users\Dell\AppData\Local\Programs\Python\Python312\Lib\site-packages\django\core\handlers\exception.py", line 55, in inner
    response = get_response(request)
               ^^^^^^^^^^^^^^^^^^^^^
  File "C:\Users\Dell\AppData\Local\Programs\Python\Python312\Lib\site-packages\django\core\handlers\base.py", line 197, in _get_response
    response = wrapped_callback(request, *callback_args, **callback_kwargs)
               ^^^^^^^^^^^^^^^^^^^^^^^^^^^^^^^^^^^^^^^^^^^^^^^^^^^^^^^^^^^^
  File "C:\Users\Dell\AppData\Local\Programs\Python\Python312\Lib\site-packages\django\contrib\admin\options.py", line 719, in wrapper
    return self.admin_site.admin_view(view)(*args, **kwargs)
           ^^^^^^^^^^^^^^^^^^^^^^^^^^^^^^^^^^^^^^^^^^^^^^^^^
  File "C:\Users\Dell\AppData\Local\Programs\Python\Python312\Lib\site-packages\django\utils\decorators.py", line 192, in _view_wrapper
    result = _process_exception(request, e)
             ^^^^^^^^^^^^^^^^^^^^^^^^^^^^^^
  File "C:\Users\Dell\AppData\Local\Programs\Python\Python312\Lib\site-packages\django\utils\decorators.py", line 190, in _view_wrapper
    response = view_func(request, *args, **kwargs)
               ^^^^^^^^^^^^^^^^^^^^^^^^^^^^^^^^^^^
  File "C:\Users\Dell\AppData\Local\Programs\Python\Python312\Lib\site-packages\django\views\decorators\cache.py", line 80, in _view_wrapper
    response = view_func(request, *args, **kwargs)
               ^^^^^^^^^^^^^^^^^^^^^^^^^^^^^^^^^^^
  File "C:\Users\Dell\AppData\Local\Programs\Python\Python312\Lib\site-packages\django\contrib\admin\sites.py", line 246, in inner
    return view(request, *args, **kwargs)
           ^^^^^^^^^^^^^^^^^^^^^^^^^^^^^^
  File "C:\Users\Dell\AppData\Local\Programs\Python\Python312\Lib\site-packages\django\utils\decorators.py", line 48, in _wrapper
    return bound_method(*args, **kwargs)
           ^^^^^^^^^^^^^^^^^^^^^^^^^^^^^
  File "C:\Users\Dell\AppData\Local\Programs\Python\Python312\Lib\site-packages\django\utils\decorators.py", line 192, in _view_wrapper
    result = _process_exception(request, e)
             ^^^^^^^^^^^^^^^^^^^^^^^^^^^^^^
  File "C:\Users\Dell\AppData\Local\Programs\Python\Python312\Lib\site-packages\django\utils\decorators.py", line 190, in _view_wrapper
    response = view_func(request, *args, **kwargs)
               ^^^^^^^^^^^^^^^^^^^^^^^^^^^^^^^^^^^
  File "C:\Users\Dell\AppData\Local\Programs\Python\Python312\Lib\site-packages\django\contrib\admin\options.py", line 2024, in changelist_view
    cl = self.get_changelist_instance(request)
         ^^^^^^^^^^^^^^^^^^^^^^^^^^^^^^^^^^^^^
  File "C:\Users\Dell\AppData\Local\Programs\Python\Python312\Lib\site-packages\django\contrib\admin\options.py", line 867, in get_changelist_instance
    return ChangeList(
           ^^^^^^^^^^^
  File "C:\Users\Dell\AppData\Local\Programs\Python\Python312\Lib\site-packages\django\contrib\admin\views\main.py", line 91, in __init__
    self.root_queryset = model_admin.get_queryset(request)
                         ^^^^^^^^^^^^^^^^^^^^^^^^^^^^^^^^^
  File "C:\Users\Dell\OneDrive\Desktop\git\ecom\ecommerce\ecommerce\shop\admin.py", line 39, in get_queryset
    return qs.annotate(is_low_stock=models.Case(
                                    ^^^^^^
NameError: name 'models' is not defined
ERROR 2026-01-05 16:33:23,834 basehttp 15628 13080 "GET /admin/shop/product/ HTTP/1.1" 500 128736
INFO 2026-01-05 16:33:38,604 basehttp 15628 16064 "GET /accounts/logout/ HTTP/1.1" 302 0
INFO 2026-01-05 16:33:38,854 basehttp 15628 16064 "GET / HTTP/1.1" 200 21404
INFO 2026-01-05 16:33:42,164 basehttp 15628 16064 "GET /accounts/customer-login/ HTTP/1.1" 200 23918
INFO 2026-01-05 16:34:07,682 basehttp 15628 13152 "POST /accounts/customer-login/ HTTP/1.1" 200 23907
INFO 2026-01-05 16:34:22,073 basehttp 15628 9416 "POST /accounts/customer-login/ HTTP/1.1" 200 23907
INFO 2026-01-05 16:34:48,641 basehttp 15628 5864 "GET /accounts/register/ HTTP/1.1" 200 32426
INFO 2026-01-05 16:35:09,995 basehttp 15628 16020 "GET /accounts/customer-login/ HTTP/1.1" 200 23340
INFO 2026-01-05 16:35:11,253 basehttp 15628 16020 "GET / HTTP/1.1" 200 21404
INFO 2026-01-05 16:35:14,123 basehttp 15628 15856 "GET /admin/dashboard/ HTTP/1.1" 302 0
INFO 2026-01-05 16:35:14,346 basehttp 15628 15856 "GET /admin/login/?next=/admin/dashboard/ HTTP/1.1" 200 4198
INFO 2026-01-05 16:35:16,534 basehttp 15628 15856 "GET /admin/login/?next=/admin/dashboard/ HTTP/1.1" 200 4198
INFO 2026-01-05 16:35:17,576 basehttp 15628 15856 "GET /accounts/admin-login/ HTTP/1.1" 200 21309
INFO 2026-01-05 16:35:29,625 basehttp 15628 9220 "POST /accounts/admin-login/ HTTP/1.1" 302 0
INFO 2026-01-05 16:35:30,060 basehttp 15628 9220 "GET /admin/dashboard/ HTTP/1.1" 200 27994
INFO 2026-01-05 20:44:44,296 basehttp 15628 6532 "GET / HTTP/1.1" 200 21404
INFO 2026-01-05 20:44:51,804 basehttp 15628 14604 "GET /accounts/admin-login/ HTTP/1.1" 200 21309
INFO 2026-01-05 20:45:05,202 basehttp 15628 12568 "POST /accounts/admin-login/ HTTP/1.1" 302 0
INFO 2026-01-05 20:45:05,594 basehttp 15628 12568 "GET /admin/dashboard/ HTTP/1.1" 200 27994
INFO 2026-01-05 20:48:03,398 autoreload 15628 10860 C:\Users\Dell\OneDrive\Desktop\git\ecom\ecommerce\ecommerce\accounts\views\__init__.py changed, reloading.
INFO 2026-01-05 20:48:09,240 autoreload 16004 6508 Watching for file changes with StatReloader
INFO 2026-01-05 20:48:13,442 autoreload 16004 6508 C:\Users\Dell\OneDrive\Desktop\git\ecom\ecommerce\ecommerce\accounts\views\__init__.py changed, reloading.
INFO 2026-01-05 20:48:17,401 autoreload 12376 12708 Watching for file changes with StatReloader
INFO 2026-01-05 20:48:52,466 basehttp 12376 15548 "GET /admin/dashboard/ HTTP/1.1" 200 28365
INFO 2026-01-05 20:48:55,454 basehttp 12376 2480 "GET /accounts/admin-login/ HTTP/1.1" 302 0
INFO 2026-01-05 20:48:55,719 basehttp 12376 2480 "GET / HTTP/1.1" 200 21933
INFO 2026-01-05 20:49:01,035 basehttp 12376 10840 "GET /admin/dashboard/ HTTP/1.1" 200 28365
INFO 2026-01-05 20:49:10,806 basehttp 12376 14520 "GET /admin/dashboard/ HTTP/1.1" 200 28365
INFO 2026-01-05 20:49:35,604 basehttp 12376 15916 "GET /cart/ HTTP/1.1" 200 17431
INFO 2026-01-05 20:50:50,684 basehttp 12376 9792 "GET /cart/ HTTP/1.1" 200 17421
INFO 2026-01-05 20:53:08,384 basehttp 12376 11760 "GET /cart/ HTTP/1.1" 200 17384
INFO 2026-01-05 20:53:24,885 basehttp 12376 8948 "GET /cart/ HTTP/1.1" 200 17384
INFO 2026-01-05 20:55:46,160 basehttp 12376 9760 "GET /cart/ HTTP/1.1" 200 17421
INFO 2026-01-05 20:58:53,455 basehttp 12376 16136 "GET /cart/ HTTP/1.1" 200 17448
INFO 2026-01-05 21:01:06,585 basehttp 12376 8856 "GET /cart/ HTTP/1.1" 200 17479
INFO 2026-01-05 21:04:15,949 basehttp 12376 2284 "GET /cart/ HTTP/1.1" 200 17381
INFO 2026-01-05 21:04:38,787 basehttp 12376 3172 "GET /admin/dashboard/ HTTP/1.1" 200 28315
INFO 2026-01-05 21:07:39,942 basehttp 12376 10824 "GET /admin/dashboard/ HTTP/1.1" 200 29653
ERROR 2026-01-05 21:08:10,411 log 12376 9456 Internal Server Error: /admin/shop/product/
Traceback (most recent call last):
  File "C:\Users\Dell\AppData\Local\Programs\Python\Python312\Lib\site-packages\django\core\handlers\exception.py", line 55, in inner
    response = get_response(request)
               ^^^^^^^^^^^^^^^^^^^^^
  File "C:\Users\Dell\AppData\Local\Programs\Python\Python312\Lib\site-packages\django\core\handlers\base.py", line 197, in _get_response
    response = wrapped_callback(request, *callback_args, **callback_kwargs)
               ^^^^^^^^^^^^^^^^^^^^^^^^^^^^^^^^^^^^^^^^^^^^^^^^^^^^^^^^^^^^
  File "C:\Users\Dell\AppData\Local\Programs\Python\Python312\Lib\site-packages\django\contrib\admin\options.py", line 719, in wrapper
    return self.admin_site.admin_view(view)(*args, **kwargs)
           ^^^^^^^^^^^^^^^^^^^^^^^^^^^^^^^^^^^^^^^^^^^^^^^^^
  File "C:\Users\Dell\AppData\Local\Programs\Python\Python312\Lib\site-packages\django\utils\decorators.py", line 192, in _view_wrapper
    result = _process_exception(request, e)
             ^^^^^^^^^^^^^^^^^^^^^^^^^^^^^^
  File "C:\Users\Dell\AppData\Local\Programs\Python\Python312\Lib\site-packages\django\utils\decorators.py", line 190, in _view_wrapper
    response = view_func(request, *args, **kwargs)
               ^^^^^^^^^^^^^^^^^^^^^^^^^^^^^^^^^^^
  File "C:\Users\Dell\AppData\Local\Programs\Python\Python312\Lib\site-packages\django\views\decorators\cache.py", line 80, in _view_wrapper
    response = view_func(request, *args, **kwargs)
               ^^^^^^^^^^^^^^^^^^^^^^^^^^^^^^^^^^^
  File "C:\Users\Dell\AppData\Local\Programs\Python\Python312\Lib\site-packages\django\contrib\admin\sites.py", line 246, in inner
    return view(request, *args, **kwargs)
           ^^^^^^^^^^^^^^^^^^^^^^^^^^^^^^
  File "C:\Users\Dell\AppData\Local\Programs\Python\Python312\Lib\site-packages\django\utils\decorators.py", line 48, in _wrapper
    return bound_method(*args, **kwargs)
           ^^^^^^^^^^^^^^^^^^^^^^^^^^^^^
  File "C:\Users\Dell\AppData\Local\Programs\Python\Python312\Lib\site-packages\django\utils\decorators.py", line 192, in _view_wrapper
    result = _process_exception(request, e)
             ^^^^^^^^^^^^^^^^^^^^^^^^^^^^^^
  File "C:\Users\Dell\AppData\Local\Programs\Python\Python312\Lib\site-packages\django\utils\decorators.py", line 190, in _view_wrapper
    response = view_func(request, *args, **kwargs)
               ^^^^^^^^^^^^^^^^^^^^^^^^^^^^^^^^^^^
  File "C:\Users\Dell\AppData\Local\Programs\Python\Python312\Lib\site-packages\django\contrib\admin\options.py", line 2024, in changelist_view
    cl = self.get_changelist_instance(request)
         ^^^^^^^^^^^^^^^^^^^^^^^^^^^^^^^^^^^^^
  File "C:\Users\Dell\AppData\Local\Programs\Python\Python312\Lib\site-packages\django\contrib\admin\options.py", line 867, in get_changelist_instance
    return ChangeList(
           ^^^^^^^^^^^
  File "C:\Users\Dell\AppData\Local\Programs\Python\Python312\Lib\site-packages\django\contrib\admin\views\main.py", line 91, in __init__
    self.root_queryset = model_admin.get_queryset(request)
                         ^^^^^^^^^^^^^^^^^^^^^^^^^^^^^^^^^
  File "C:\Users\Dell\OneDrive\Desktop\git\ecom\ecommerce\ecommerce\shop\admin.py", line 39, in get_queryset
    return qs.annotate(is_low_stock=models.Case(
                                    ^^^^^^
NameError: name 'models' is not defined
ERROR 2026-01-05 21:08:10,452 basehttp 12376 9456 "GET /admin/shop/product/ HTTP/1.1" 500 128987
WARNING 2026-01-05 21:08:11,005 basehttp 12376 15840 "GET /favicon.ico HTTP/1.1" 404 6189
ERROR 2026-01-05 21:08:39,457 log 12376 12496 Internal Server Error: /admin/shop/product/
Traceback (most recent call last):
  File "C:\Users\Dell\AppData\Local\Programs\Python\Python312\Lib\site-packages\django\core\handlers\exception.py", line 55, in inner
    response = get_response(request)
               ^^^^^^^^^^^^^^^^^^^^^
  File "C:\Users\Dell\AppData\Local\Programs\Python\Python312\Lib\site-packages\django\core\handlers\base.py", line 197, in _get_response
    response = wrapped_callback(request, *callback_args, **callback_kwargs)
               ^^^^^^^^^^^^^^^^^^^^^^^^^^^^^^^^^^^^^^^^^^^^^^^^^^^^^^^^^^^^
  File "C:\Users\Dell\AppData\Local\Programs\Python\Python312\Lib\site-packages\django\contrib\admin\options.py", line 719, in wrapper
    return self.admin_site.admin_view(view)(*args, **kwargs)
           ^^^^^^^^^^^^^^^^^^^^^^^^^^^^^^^^^^^^^^^^^^^^^^^^^
  File "C:\Users\Dell\AppData\Local\Programs\Python\Python312\Lib\site-packages\django\utils\decorators.py", line 192, in _view_wrapper
    result = _process_exception(request, e)
             ^^^^^^^^^^^^^^^^^^^^^^^^^^^^^^
  File "C:\Users\Dell\AppData\Local\Programs\Python\Python312\Lib\site-packages\django\utils\decorators.py", line 190, in _view_wrapper
    response = view_func(request, *args, **kwargs)
               ^^^^^^^^^^^^^^^^^^^^^^^^^^^^^^^^^^^
  File "C:\Users\Dell\AppData\Local\Programs\Python\Python312\Lib\site-packages\django\views\decorators\cache.py", line 80, in _view_wrapper
    response = view_func(request, *args, **kwargs)
               ^^^^^^^^^^^^^^^^^^^^^^^^^^^^^^^^^^^
  File "C:\Users\Dell\AppData\Local\Programs\Python\Python312\Lib\site-packages\django\contrib\admin\sites.py", line 246, in inner
    return view(request, *args, **kwargs)
           ^^^^^^^^^^^^^^^^^^^^^^^^^^^^^^
  File "C:\Users\Dell\AppData\Local\Programs\Python\Python312\Lib\site-packages\django\utils\decorators.py", line 48, in _wrapper
    return bound_method(*args, **kwargs)
           ^^^^^^^^^^^^^^^^^^^^^^^^^^^^^
  File "C:\Users\Dell\AppData\Local\Programs\Python\Python312\Lib\site-packages\django\utils\decorators.py", line 192, in _view_wrapper
    result = _process_exception(request, e)
             ^^^^^^^^^^^^^^^^^^^^^^^^^^^^^^
  File "C:\Users\Dell\AppData\Local\Programs\Python\Python312\Lib\site-packages\django\utils\decorators.py", line 190, in _view_wrapper
    response = view_func(request, *args, **kwargs)
               ^^^^^^^^^^^^^^^^^^^^^^^^^^^^^^^^^^^
  File "C:\Users\Dell\AppData\Local\Programs\Python\Python312\Lib\site-packages\django\contrib\admin\options.py", line 2024, in changelist_view
    cl = self.get_changelist_instance(request)
         ^^^^^^^^^^^^^^^^^^^^^^^^^^^^^^^^^^^^^
  File "C:\Users\Dell\AppData\Local\Programs\Python\Python312\Lib\site-packages\django\contrib\admin\options.py", line 867, in get_changelist_instance
    return ChangeList(
           ^^^^^^^^^^^
  File "C:\Users\Dell\AppData\Local\Programs\Python\Python312\Lib\site-packages\django\contrib\admin\views\main.py", line 91, in __init__
    self.root_queryset = model_admin.get_queryset(request)
                         ^^^^^^^^^^^^^^^^^^^^^^^^^^^^^^^^^
  File "C:\Users\Dell\OneDrive\Desktop\git\ecom\ecommerce\ecommerce\shop\admin.py", line 39, in get_queryset
    return qs.annotate(is_low_stock=models.Case(
                                    ^^^^^^
NameError: name 'models' is not defined
ERROR 2026-01-05 21:08:39,468 basehttp 12376 12496 "GET /admin/shop/product/ HTTP/1.1" 500 128987
INFO 2026-01-05 21:09:35,622 autoreload 12376 12708 C:\Users\Dell\OneDrive\Desktop\git\ecom\ecommerce\ecommerce\shop\admin.py changed, reloading.
INFO 2026-01-05 21:09:40,393 autoreload 14432 7732 Watching for file changes with StatReloader
INFO 2026-01-05 21:10:22,185 basehttp 14432 5652 "GET /admin/shop/product/ HTTP/1.1" 200 18501
INFO 2026-01-05 21:10:22,817 basehttp 14432 5652 "GET /admin/jsi18n/ HTTP/1.1" 200 3342
INFO 2026-01-05 21:10:29,470 basehttp 14432 5652 "GET /admin/dashboard/ HTTP/1.1" 200 29653
INFO 2026-01-05 21:10:38,259 basehttp 14432 6580 "GET /admin/shop/product/ HTTP/1.1" 200 18372
INFO 2026-01-05 21:10:38,494 basehttp 14432 6580 "GET /admin/jsi18n/ HTTP/1.1" 200 3342
INFO 2026-01-05 21:10:43,228 basehttp 14432 13272 "GET /admin/shop/category/ HTTP/1.1" 200 15360
INFO 2026-01-05 21:10:43,532 basehttp 14432 13272 "GET /admin/jsi18n/ HTTP/1.1" 200 3342
INFO 2026-01-05 21:10:48,437 basehttp 14432 7020 "GET /admin/shop/order/ HTTP/1.1" 200 21491
INFO 2026-01-05 21:10:48,699 basehttp 14432 7020 "GET /admin/jsi18n/ HTTP/1.1" 200 3342
INFO 2026-01-05 21:10:49,411 basehttp 14432 7020 "GET /static/admin/img/sorting-icons.svg HTTP/1.1" 200 1097
INFO 2026-01-05 21:10:53,791 basehttp 14432 7180 "GET /admin/shop/review/ HTTP/1.1" 200 13880
INFO 2026-01-05 21:10:54,476 basehttp 14432 7180 "GET /admin/jsi18n/ HTTP/1.1" 200 3342
INFO 2026-01-05 21:11:01,566 basehttp 14432 9308 "GET /cart/ HTTP/1.1" 200 17381
INFO 2026-01-05 21:12:04,362 basehttp 14432 10472 "GET /admin/shop/product/ HTTP/1.1" 200 18372
INFO 2026-01-05 21:12:04,737 basehttp 14432 10472 "GET /admin/jsi18n/ HTTP/1.1" 200 3342
INFO 2026-01-05 21:12:18,032 basehttp 14432 1824 "GET /admin/shop/product/add/ HTTP/1.1" 200 27312
INFO 2026-01-05 21:12:18,243 basehttp 14432 12360 "GET /admin/jsi18n/ HTTP/1.1" 200 3342
INFO 2026-01-05 21:12:18,672 basehttp 14432 1824 "GET /static/admin/js/inlines.js HTTP/1.1" 200 15628
INFO 2026-01-05 21:12:18,933 basehttp 14432 1824 "GET /static/admin/img/inline-delete.svg HTTP/1.1" 200 537
INFO 2026-01-05 21:22:00,938 basehttp 14432 14272 "GET /admin/shop/category/add/?_to_field=id&_popup=1 HTTP/1.1" 200 7891
INFO 2026-01-05 21:22:01,188 basehttp 14432 14272 "GET /admin/jsi18n/ HTTP/1.1" 200 3342
INFO 2026-01-05 21:22:01,657 basehttp 14432 8444 "GET /static/admin/img/icon-deletelink.svg HTTP/1.1" 200 392
INFO 2026-01-05 21:22:13,360 basehttp 14432 8912 "GET /admin/shop/category/add/?_to_field=id&_popup=1 HTTP/1.1" 200 7891
INFO 2026-01-05 21:22:13,655 basehttp 14432 8912 "GET /admin/jsi18n/ HTTP/1.1" 200 3342
INFO 2026-01-05 21:22:39,081 basehttp 14432 4608 "POST /admin/shop/category/add/?_to_field=id&_popup=1 HTTP/1.1" 200 331
INFO 2026-01-05 21:22:39,347 basehttp 14432 4608 "GET /static/admin/js/popup_response.js HTTP/1.1" 200 532
INFO 2026-01-05 21:22:43,979 basehttp 14432 8844 "GET /admin/shop/brand/add/?_to_field=id&_popup=1 HTTP/1.1" 200 5227
INFO 2026-01-05 21:22:44,199 basehttp 14432 8844 "GET /admin/jsi18n/ HTTP/1.1" 200 3342
INFO 2026-01-05 21:22:53,083 basehttp 14432 15196 "GET /admin/shop/brand/add/?_to_field=id&_popup=1 HTTP/1.1" 200 5227
INFO 2026-01-05 21:22:53,396 basehttp 14432 15196 "GET /admin/jsi18n/ HTTP/1.1" 200 3342
INFO 2026-01-05 21:22:56,862 basehttp 14432 15196 "POST /admin/shop/brand/add/?_to_field=id&_popup=1 HTTP/1.1" 200 330
INFO 2026-01-05 21:24:39,356 basehttp 14432 10084 "POST /admin/shop/product/add/ HTTP/1.1" 302 0
INFO 2026-01-05 21:24:39,804 basehttp 14432 10084 "GET /admin/shop/product/ HTTP/1.1" 200 20207
INFO 2026-01-05 21:24:40,143 basehttp 14432 10084 "GET /admin/jsi18n/ HTTP/1.1" 200 3342
INFO 2026-01-05 21:24:51,999 basehttp 14432 2832 "GET / HTTP/1.1" 200 24650
INFO 2026-01-05 21:25:13,042 basehttp 14432 5620 "GET /product/soundscape-pro-active-noise-canceling-headphones/ HTTP/1.1" 200 19334
INFO 2026-01-05 21:25:13,117 basehttp 14432 5620 "GET /media/products/picture-speaker-that-has-picture-speaker-it_1230457-49114.avif HTTP/1.1" 200 27343
INFO 2026-01-05 21:26:02,768 basehttp 14432 15708 "GET /track-order/ HTTP/1.1" 200 18178
INFO 2026-01-05 21:26:15,350 basehttp 14432 6564 "GET /product/soundscape-pro-active-noise-canceling-headphones/ HTTP/1.1" 200 19334
INFO 2026-01-05 21:26:15,417 basehttp 14432 6564 "GET /media/products/picture-speaker-that-has-picture-speaker-it_1230457-49114.avif HTTP/1.1" 304 0
INFO 2026-01-05 21:26:25,456 basehttp 14432 13340 "GET /admin/shop/product/2/change/ HTTP/1.1" 200 29593
INFO 2026-01-05 21:26:25,788 basehttp 14432 13340 "GET /admin/jsi18n/ HTTP/1.1" 200 3342
INFO 2026-01-05 21:26:26,091 basehttp 14432 13340 "GET /static/admin/img/tooltag-arrowright.svg HTTP/1.1" 200 280
INFO 2026-01-05 21:28:13,500 basehttp 14432 11760 "POST /admin/shop/product/2/change/ HTTP/1.1" 302 0
INFO 2026-01-05 21:28:14,103 basehttp 14432 11760 "GET /admin/shop/product/ HTTP/1.1" 200 20209
INFO 2026-01-05 21:28:14,403 basehttp 14432 11760 "GET /admin/jsi18n/ HTTP/1.1" 200 3342
INFO 2026-01-05 21:28:19,383 basehttp 14432 12528 "GET /product/soundscape-pro-active-noise-canceling-headphones/ HTTP/1.1" 200 19332
INFO 2026-01-05 21:28:19,497 basehttp 14432 12528 "GET /media/products/picture-speaker-that-has-picture-speaker-it_1230457-49114_1.avif HTTP/1.1" 200 27343
INFO 2026-01-05 21:28:19,516 basehttp 14432 9548 "GET /media/products/picture-speaker-that-has-picture-speaker-it_1230457-49114.avif HTTP/1.1" 304 0
INFO 2026-01-05 21:28:27,584 basehttp 14432 10536 "GET / HTTP/1.1" 200 24656
INFO 2026-01-05 21:28:27,649 basehttp 14432 10536 "GET /media/products/picture-speaker-that-has-picture-speaker-it_1230457-49114_1.avif HTTP/1.1" 304 0
INFO 2026-01-06 09:51:17,791 autoreload 3436 7660 Watching for file changes with StatReloader
INFO 2026-01-06 09:52:16,413 basehttp 3436 4336 "GET / HTTP/1.1" 200 24656
INFO 2026-01-06 09:52:17,693 basehttp 3436 4336 "GET /media/products/picture-speaker-that-has-picture-speaker-it_1230457-49114_1.avif HTTP/1.1" 200 27343
INFO 2026-01-06 09:55:25,909 basehttp 3436 7808 "GET /track-order/ HTTP/1.1" 200 18178
INFO 2026-01-06 09:56:33,140 basehttp 3436 7188 "GET /product/soundscape-pro-active-noise-canceling-headphones/ HTTP/1.1" 200 19332
INFO 2026-01-06 09:56:33,300 basehttp 3436 7188 "GET /media/products/picture-speaker-that-has-picture-speaker-it_1230457-49114.avif HTTP/1.1" 200 27343
INFO 2026-01-06 10:26:55,697 basehttp 3436 16208 "GET /track-order/ HTTP/1.1" 200 18178
INFO 2026-01-06 10:54:49,333 basehttp 3436 9548 "GET /product/soundscape-pro-active-noise-canceling-headphones/ HTTP/1.1" 200 19332
INFO 2026-01-06 10:55:00,167 basehttp 3436 7480 "POST /cart/add/2/ HTTP/1.1" 302 0
ERROR 2026-01-06 10:55:04,469 log 3436 7480 Internal Server Error: /cart/
Traceback (most recent call last):
  File "C:\Users\Dell\AppData\Local\Programs\Python\Python312\Lib\site-packages\django\core\handlers\exception.py", line 55, in inner
    response = get_response(request)
               ^^^^^^^^^^^^^^^^^^^^^
  File "C:\Users\Dell\AppData\Local\Programs\Python\Python312\Lib\site-packages\django\utils\deprecation.py", line 122, in __call__
    response = self.process_response(request, response)
               ^^^^^^^^^^^^^^^^^^^^^^^^^^^^^^^^^^^^^^^^
  File "C:\Users\Dell\AppData\Local\Programs\Python\Python312\Lib\site-packages\django\contrib\sessions\middleware.py", line 59, in process_response
    request.session.save()
  File "C:\Users\Dell\AppData\Local\Programs\Python\Python312\Lib\site-packages\django\contrib\sessions\backends\db.py", line 123, in save
    obj = self.create_model_instance(data)
          ^^^^^^^^^^^^^^^^^^^^^^^^^^^^^^^^
  File "C:\Users\Dell\AppData\Local\Programs\Python\Python312\Lib\site-packages\django\contrib\sessions\backends\db.py", line 102, in create_model_instance
    session_data=self.encode(data),
                 ^^^^^^^^^^^^^^^^^
  File "C:\Users\Dell\AppData\Local\Programs\Python\Python312\Lib\site-packages\django\contrib\sessions\backends\base.py", line 124, in encode
    return signing.dumps(
           ^^^^^^^^^^^^^^
  File "C:\Users\Dell\AppData\Local\Programs\Python\Python312\Lib\site-packages\django\core\signing.py", line 150, in dumps
    return TimestampSigner(key=key, salt=salt).sign_object(
           ^^^^^^^^^^^^^^^^^^^^^^^^^^^^^^^^^^^^^^^^^^^^^^^^
  File "C:\Users\Dell\AppData\Local\Programs\Python\Python312\Lib\site-packages\django\core\signing.py", line 225, in sign_object
    data = serializer().dumps(obj)
           ^^^^^^^^^^^^^^^^^^^^^^^
  File "C:\Users\Dell\AppData\Local\Programs\Python\Python312\Lib\site-packages\django\core\signing.py", line 125, in dumps
    return json.dumps(obj, separators=(",", ":")).encode("latin-1")
           ^^^^^^^^^^^^^^^^^^^^^^^^^^^^^^^^^^^^^^
  File "C:\Users\Dell\AppData\Local\Programs\Python\Python312\Lib\json\__init__.py", line 238, in dumps
    **kw).encode(obj)
          ^^^^^^^^^^^
  File "C:\Users\Dell\AppData\Local\Programs\Python\Python312\Lib\json\encoder.py", line 200, in encode
    chunks = self.iterencode(o, _one_shot=True)
             ^^^^^^^^^^^^^^^^^^^^^^^^^^^^^^^^^^
  File "C:\Users\Dell\AppData\Local\Programs\Python\Python312\Lib\json\encoder.py", line 258, in iterencode
    return _iterencode(o, 0)
           ^^^^^^^^^^^^^^^^^
  File "C:\Users\Dell\AppData\Local\Programs\Python\Python312\Lib\json\encoder.py", line 180, in default
    raise TypeError(f'Object of type {o.__class__.__name__} '
TypeError: Object of type Decimal is not JSON serializable
ERROR 2026-01-06 10:55:04,498 basehttp 3436 7480 "GET /cart/ HTTP/1.1" 500 121456
WARNING 2026-01-06 10:55:05,063 basehttp 3436 5276 "GET /favicon.ico HTTP/1.1" 404 6189
INFO 2026-01-06 10:58:46,343 autoreload 11260 564 Watching for file changes with StatReloader
INFO 2026-01-06 10:59:09,664 basehttp 11260 13356 "GET / HTTP/1.1" 200 24177
INFO 2026-01-06 10:59:10,089 basehttp 11260 13356 "GET /media/products/picture-speaker-that-has-picture-speaker-it_1230457-49114_1.avif HTTP/1.1" 304 0
INFO 2026-01-06 10:59:36,806 basehttp 11260 13440 "GET /product/soundscape-pro-active-noise-canceling-headphones/ HTTP/1.1" 200 18853
INFO 2026-01-06 10:59:36,932 basehttp 11260 13440 "GET /media/products/picture-speaker-that-has-picture-speaker-it_1230457-49114.avif HTTP/1.1" 304 0
INFO 2026-01-06 10:59:45,709 basehttp 11260 13568 "POST /cart/add/2/ HTTP/1.1" 302 0
INFO 2026-01-06 10:59:47,041 basehttp 11260 13568 "GET /cart/ HTTP/1.1" 200 20970
INFO 2026-01-06 10:59:53,909 basehttp 11260 860 "GET /checkout/ HTTP/1.1" 302 0
INFO 2026-01-06 10:59:54,124 basehttp 11260 860 "GET /accounts/login/?next=/checkout/ HTTP/1.1" 200 19486
INFO 2026-01-06 11:00:01,815 basehttp 11260 13608 "GET /accounts/customer-login/ HTTP/1.1" 200 23340
INFO 2026-01-06 11:00:19,954 basehttp 11260 6576 "POST /accounts/customer-login/ HTTP/1.1" 200 23907
INFO 2026-01-06 11:18:20,939 basehttp 11260 14448 "POST /accounts/customer-login/ HTTP/1.1" 302 0
INFO 2026-01-06 11:18:21,598 basehttp 11260 14448 "GET / HTTP/1.1" 200 24657
INFO 2026-01-06 11:18:25,217 basehttp 11260 14448 "GET /product/soundscape-pro-active-noise-canceling-headphones/ HTTP/1.1" 200 19333
INFO 2026-01-06 11:18:28,178 basehttp 11260 14448 "POST /cart/add/2/ HTTP/1.1" 302 0
INFO 2026-01-06 11:18:28,384 basehttp 11260 14448 "GET /cart/ HTTP/1.1" 200 21450
INFO 2026-01-06 11:18:31,724 logging 11260 11920 Starting checkout
INFO 2026-01-06 11:18:32,651 logging 11260 11920 Completed checkout successfully
INFO 2026-01-06 11:18:32,653 basehttp 11260 11920 "GET /checkout/ HTTP/1.1" 200 24136
INFO 2026-01-06 11:18:49,149 logging 11260 3920 Starting checkout
INFO 2026-01-06 11:18:49,702 signals 11260 3920 Triggering notification for Order #2. Created: True, Status changed: False
INFO 2026-01-06 11:18:49,712 signals 11260 3920 Order #2 is new. Confirmation email should be handled by views/utils.
INFO 2026-01-06 11:18:49,769 signals 11260 3920 Triggering notification for Order #2. Created: False, Status changed: True
INFO 2026-01-06 11:18:49,806 signals 11260 3920 Sending status update email for Order #2 to sivanarulanbu85@gmail.com. New status: confirmed
INFO 2026-01-06 11:18:55,334 signals 11260 3920 Status update email sent successfully for Order #2
INFO 2026-01-06 11:18:55,352 order_processing 11260 3920 Order 2 validated and processed successfully
INFO 2026-01-06 11:18:55,365 logging 11260 3920 Completed checkout successfully
INFO 2026-01-06 11:18:55,384 basehttp 11260 3920 "POST /checkout/ HTTP/1.1" 302 0
INFO 2026-01-06 11:18:55,729 basehttp 11260 3920 "GET /order/confirmation/2/ HTTP/1.1" 200 19443
INFO 2026-01-06 11:19:14,465 basehttp 11260 1196 "GET /track-order/?order_number=NROTWUH5HQ HTTP/1.1" 200 25224
INFO 2026-01-06 11:22:14,757 basehttp 11260 12284 "GET /cart/ HTTP/1.1" 200 17382
INFO 2026-01-06 11:22:22,444 basehttp 11260 9768 "GET /admin/dashboard/ HTTP/1.1" 200 30569
INFO 2026-01-06 11:22:44,328 basehttp 11260 10900 "GET /admin/shop/order/ HTTP/1.1" 200 23233
INFO 2026-01-06 11:22:44,943 basehttp 11260 10900 "GET /admin/jsi18n/ HTTP/1.1" 200 3342
INFO 2026-01-06 11:22:45,496 basehttp 11260 10900 "GET /static/admin/img/icon-alert.svg HTTP/1.1" 200 504
WARNING 2026-01-06 11:22:45,570 basehttp 11260 10900 "GET /favicon.ico HTTP/1.1" 404 6189
INFO 2026-01-06 11:23:08,190 signals 11260 9008 Triggering notification for Order #2. Created: False, Status changed: True
INFO 2026-01-06 11:23:08,192 signals 11260 9008 Sending status update email for Order #2 to sivanarulanbu85@gmail.com. New status: out_for_delivery
INFO 2026-01-06 11:23:12,400 signals 11260 9008 Status update email sent successfully for Order #2
INFO 2026-01-06 11:23:12,493 basehttp 11260 9008 "POST /admin/shop/order/ HTTP/1.1" 302 0
INFO 2026-01-06 11:23:12,806 basehttp 11260 9008 "GET /admin/shop/order/ HTTP/1.1" 200 23149
INFO 2026-01-06 11:23:13,173 basehttp 11260 9008 "GET /admin/jsi18n/ HTTP/1.1" 200 3342
INFO 2026-01-06 11:24:06,227 basehttp 11260 13728 "GET /admin/shop/order/ HTTP/1.1" 200 23010
INFO 2026-01-06 11:24:07,537 basehttp 11260 13728 "GET /admin/dashboard/ HTTP/1.1" 200 30569
INFO 2026-01-06 11:24:15,948 basehttp 11260 9080 "GET /track-order/ HTTP/1.1" 200 18179
INFO 2026-01-06 11:24:42,311 basehttp 11260 13128 "POST /track-order/ HTTP/1.1" 200 24685
INFO 2026-01-06 11:24:47,429 basehttp 11260 7384 "GET /track-order/ HTTP/1.1" 200 18179
INFO 2026-01-06 11:24:56,791 basehttp 11260 15080 "POST /track-order/ HTTP/1.1" 200 18429
INFO 2026-01-06 11:25:05,119 basehttp 11260 13552 "POST /track-order/ HTTP/1.1" 200 18429
INFO 2026-01-06 11:25:17,770 basehttp 11260 12128 "GET /track-order/ HTTP/1.1" 200 18179
INFO 2026-01-06 11:25:20,644 basehttp 11260 13760 "GET /cart/ HTTP/1.1" 200 17382
INFO 2026-01-06 11:36:25,484 basehttp 11260 14228 "GET /accounts/logout/ HTTP/1.1" 302 0
INFO 2026-01-06 11:36:25,991 basehttp 11260 14228 "GET / HTTP/1.1" 200 24177
INFO 2026-01-06 13:05:06,477 autoreload 17996 17628 Watching for file changes with StatReloader
INFO 2026-01-06 13:05:21,166 basehttp 17996 10832 "GET / HTTP/1.1" 200 24177
INFO 2026-01-06 13:05:22,287 basehttp 17996 9000 "GET /media/products/picture-speaker-that-has-picture-speaker-it_1230457-49114_1.avif HTTP/1.1" 304 0
INFO 2026-01-06 13:05:38,488 basehttp 17996 11896 "GET /cart/ HTTP/1.1" 200 16902
INFO 2026-01-06 13:05:46,454 basehttp 17996 15112 "GET /accounts/customer-login/ HTTP/1.1" 200 23340
INFO 2026-01-06 13:05:51,986 basehttp 17996 5344 "GET /accounts/register/ HTTP/1.1" 200 32426
INFO 2026-01-06 13:07:56,784 basehttp 17996 7964 "POST /accounts/register/ HTTP/1.1" 302 0
INFO 2026-01-06 13:07:58,595 basehttp 17996 7964 "GET / HTTP/1.1" 200 24320
INFO 2026-01-06 13:08:54,970 basehttp 17996 7076 "GET /product/soundscape-pro-active-noise-canceling-headphones/ HTTP/1.1" 200 18996
INFO 2026-01-06 13:08:55,168 basehttp 17996 7076 "GET /media/products/picture-speaker-that-has-picture-speaker-it_1230457-49114.avif HTTP/1.1" 304 0
INFO 2026-01-06 13:09:06,416 basehttp 17996 2116 "POST /cart/add/2/ HTTP/1.1" 302 0
INFO 2026-01-06 13:09:06,672 basehttp 17996 2116 "GET /cart/ HTTP/1.1" 200 21113
INFO 2026-01-06 13:09:16,303 basehttp 17996 17368 "POST /cart/add/2/ HTTP/1.1" 302 0
INFO 2026-01-06 13:09:16,548 basehttp 17996 17368 "GET /cart/ HTTP/1.1" 200 21113
INFO 2026-01-06 13:09:25,031 logging 17996 10512 Starting checkout
INFO 2026-01-06 13:09:31,602 logging 17996 10512 Completed checkout successfully
INFO 2026-01-06 13:09:31,628 basehttp 17996 10512 "GET /checkout/ HTTP/1.1" 200 23878
INFO 2026-01-06 13:10:01,010 logging 17996 9904 Starting checkout
INFO 2026-01-06 13:10:01,089 signals 17996 9904 Triggering notification for Order #3. Created: True, Status changed: False
INFO 2026-01-06 13:10:01,095 signals 17996 9904 Order #3 is new. Confirmation email should be handled by views/utils.
INFO 2026-01-06 13:10:01,167 signals 17996 9904 Triggering notification for Order #3. Created: False, Status changed: True
INFO 2026-01-06 13:10:01,178 signals 17996 9904 Sending status update email for Order #3 to surendaranm72@gmail.com. New status: confirmed
INFO 2026-01-06 13:10:05,212 signals 17996 9904 Status update email sent successfully for Order #3
INFO 2026-01-06 13:10:05,228 order_processing 17996 9904 Order 3 validated and processed successfully
INFO 2026-01-06 13:10:05,266 logging 17996 9904 Completed checkout successfully
INFO 2026-01-06 13:10:05,281 basehttp 17996 9904 "POST /checkout/ HTTP/1.1" 302 0
INFO 2026-01-06 13:10:05,559 basehttp 17996 9904 "GET /order/confirmation/3/ HTTP/1.1" 200 19060
INFO 2026-01-06 13:10:38,048 basehttp 17996 17828 "GET /track-order/ HTTP/1.1" 200 18160
INFO 2026-01-06 13:10:44,680 basehttp 17996 2652 "POST /track-order/ HTTP/1.1" 200 24844
INFO 2026-01-06 13:10:58,045 basehttp 17996 6288 "GET /cart/ HTTP/1.1" 200 17045
INFO 2026-01-06 13:11:00,938 basehttp 17996 7704 "GET /accounts/logout/ HTTP/1.1" 302 0
INFO 2026-01-06 13:11:01,251 basehttp 17996 7704 "GET / HTTP/1.1" 200 24177
INFO 2026-01-06 13:11:05,660 basehttp 17996 7704 "GET /accounts/admin-login/ HTTP/1.1" 200 21906
INFO 2026-01-06 13:11:45,869 basehttp 17996 15124 "POST /accounts/admin-login/ HTTP/1.1" 302 0
INFO 2026-01-06 13:11:46,073 basehttp 17996 15124 "GET / HTTP/1.1" 200 24657
INFO 2026-01-06 13:12:01,289 basehttp 17996 5104 "GET /admin/dashboard/ HTTP/1.1" 200 30571
INFO 2026-01-06 13:13:14,454 basehttp 17996 14000 "GET /admin/shop/order/ HTTP/1.1" 200 24662
INFO 2026-01-06 13:13:14,761 basehttp 17996 14000 "GET /admin/jsi18n/ HTTP/1.1" 200 3342
WARNING 2026-01-06 13:13:15,278 basehttp 17996 14000 "GET /favicon.ico HTTP/1.1" 404 6189
INFO 2026-01-06 13:13:31,141 signals 17996 9084 Triggering notification for Order #3. Created: False, Status changed: True
INFO 2026-01-06 13:13:31,142 signals 17996 9084 Sending status update email for Order #3 to surendaranm72@gmail.com. New status: shipped
INFO 2026-01-06 13:13:35,271 signals 17996 9084 Status update email sent successfully for Order #3
INFO 2026-01-06 13:13:35,309 basehttp 17996 9084 "POST /admin/shop/order/ HTTP/1.1" 302 0
INFO 2026-01-06 13:13:35,573 basehttp 17996 9084 "GET /admin/shop/order/ HTTP/1.1" 200 24672
INFO 2026-01-06 13:13:35,781 basehttp 17996 9084 "GET /admin/jsi18n/ HTTP/1.1" 200 3342
INFO 2026-01-06 13:13:57,235 basehttp 17996 11724 "GET /admin/shop/order/ HTTP/1.1" 200 24533
INFO 2026-01-06 13:14:01,394 basehttp 17996 11416 "GET /track-order/ HTTP/1.1" 200 18179
INFO 2026-01-06 13:14:08,275 basehttp 17996 11416 "POST /track-order/ HTTP/1.1" 200 25177
INFO 2026-01-06 13:14:47,746 basehttp 17996 13856 "GET /track-order/ HTTP/1.1" 200 18179
INFO 2026-01-06 13:14:56,197 basehttp 17996 9728 "GET /admin/shop/order/ HTTP/1.1" 200 24533
INFO 2026-01-06 13:14:56,435 basehttp 17996 9728 "GET /admin/jsi18n/ HTTP/1.1" 200 3342
INFO 2026-01-06 13:15:02,439 basehttp 17996 9832 "GET /admin/shop/supportticket/ HTTP/1.1" 200 14587
INFO 2026-01-06 13:15:02,661 basehttp 17996 9832 "GET /admin/jsi18n/ HTTP/1.1" 200 3342
INFO 2026-01-06 13:15:05,160 basehttp 17996 9832 - Broken pipe from ('127.0.0.1', 58342)
INFO 2026-01-06 13:15:05,383 basehttp 17996 11216 "GET /admin/shop/supportticket/ HTTP/1.1" 200 14587
INFO 2026-01-06 13:15:05,607 basehttp 17996 11216 "GET /admin/jsi18n/ HTTP/1.1" 200 3342
INFO 2026-01-06 13:15:09,629 basehttp 17996 460 "GET /admin/shop/order/ HTTP/1.1" 200 24533
INFO 2026-01-06 13:15:09,800 basehttp 17996 460 "GET /admin/jsi18n/ HTTP/1.1" 200 3342
INFO 2026-01-06 13:15:17,801 basehttp 17996 460 "GET /order/3/invoice/ HTTP/1.1" 200 20504
INFO 2026-01-06 13:55:36,891 autoreload 11280 5464 Watching for file changes with StatReloader
INFO 2026-01-06 13:55:50,207 basehttp 11280 10448 "GET / HTTP/1.1" 200 24177
INFO 2026-01-06 13:56:02,680 basehttp 11280 9148 "GET /product/soundscape-pro-active-noise-canceling-headphones/ HTTP/1.1" 200 18853
INFO 2026-01-06 13:56:27,762 basehttp 11280 4928 "GET /track-order/ HTTP/1.1" 200 17711
INFO 2026-01-06 13:57:17,027 basehttp 11280 17700 "GET / HTTP/1.1" 200 24177
INFO 2026-01-06 13:57:39,079 basehttp 11280 4276 "GET /product/soundscape-pro-active-noise-canceling-headphones/ HTTP/1.1" 200 18853
INFO 2026-01-06 13:57:51,563 basehttp 11280 16540 "POST /cart/add/2/ HTTP/1.1" 302 0
INFO 2026-01-06 13:57:51,795 basehttp 11280 16540 "GET /cart/ HTTP/1.1" 200 20970
INFO 2026-01-06 14:00:11,586 basehttp 11280 6516 "GET /product/soundscape-pro-active-noise-canceling-headphones/ HTTP/1.1" 200 18853
INFO 2026-01-06 14:00:19,622 basehttp 11280 2308 "POST /cart/add/2/ HTTP/1.1" 302 0
INFO 2026-01-06 14:00:19,784 basehttp 11280 2308 "GET /cart/ HTTP/1.1" 200 20970
INFO 2026-01-06 14:00:28,018 basehttp 11280 15624 "GET /checkout/ HTTP/1.1" 302 0
INFO 2026-01-06 14:00:28,141 basehttp 11280 15624 "GET /accounts/login/?next=/checkout/ HTTP/1.1" 200 19486
INFO 2026-01-06 14:00:39,151 basehttp 11280 13536 "GET /accounts/customer-login/ HTTP/1.1" 200 23340
INFO 2026-01-06 14:01:24,233 basehttp 11280 1372 "POST /accounts/customer-login/ HTTP/1.1" 302 0
INFO 2026-01-06 14:01:24,442 basehttp 11280 1372 "GET / HTTP/1.1" 200 24657
INFO 2026-01-06 14:01:33,647 basehttp 11280 1384 "GET /product/soundscape-pro-active-noise-canceling-headphones/ HTTP/1.1" 200 19333
INFO 2026-01-06 14:01:36,220 basehttp 11280 2372 "POST /cart/add/2/ HTTP/1.1" 302 0
INFO 2026-01-06 14:01:36,476 basehttp 11280 2372 "GET /cart/ HTTP/1.1" 200 21450
INFO 2026-01-06 14:01:38,555 logging 11280 2372 Starting checkout
INFO 2026-01-06 14:01:38,727 logging 11280 2372 Completed checkout successfully
INFO 2026-01-06 14:01:38,735 basehttp 11280 2372 "GET /checkout/ HTTP/1.1" 200 24136
INFO 2026-01-06 14:02:01,275 logging 11280 6808 Starting checkout
INFO 2026-01-06 14:02:01,537 signals 11280 6808 Triggering notification for Order #4. Created: True, Status changed: False
INFO 2026-01-06 14:02:01,539 signals 11280 6808 Order #4 is new. Confirmation email should be handled by views/utils.
INFO 2026-01-06 14:02:01,583 signals 11280 6808 Triggering notification for Order #4. Created: False, Status changed: True
INFO 2026-01-06 14:02:01,584 signals 11280 6808 Sending status update email for Order #4 to sivanarulanbu85@gmail.com. New status: confirmed
INFO 2026-01-06 14:02:06,778 signals 11280 6808 Status update email sent successfully for Order #4
INFO 2026-01-06 14:02:06,787 order_processing 11280 6808 Order 4 validated and processed successfully
INFO 2026-01-06 14:02:06,807 logging 11280 6808 Completed checkout successfully
INFO 2026-01-06 14:02:06,815 basehttp 11280 6808 "POST /checkout/ HTTP/1.1" 302 0
INFO 2026-01-06 14:02:07,119 basehttp 11280 6808 "GET /order/confirmation/4/ HTTP/1.1" 200 19443
INFO 2026-01-06 14:02:35,178 basehttp 11280 7848 "GET /track-order/?order_number=ZRRYPTBKLH HTTP/1.1" 200 25224
INFO 2026-01-06 14:14:21,145 autoreload 11280 5464 C:\Users\Dell\OneDrive\Desktop\git\ecom\ecommerce\ecommerce\shop\forms.py changed, reloading.
INFO 2026-01-06 14:14:30,247 autoreload 3132 7468 Watching for file changes with StatReloader
ERROR 2026-01-06 14:14:55,544 log 3132 13896 Internal Server Error: /
Traceback (most recent call last):
  File "C:\Users\Dell\AppData\Local\Programs\Python\Python312\Lib\site-packages\django\template\base.py", line 510, in parse
    compile_func = self.tags[command]
                   ~~~~~~~~~^^^^^^^^^
KeyError: 'static'

During handling of the above exception, another exception occurred:

Traceback (most recent call last):
  File "C:\Users\Dell\AppData\Local\Programs\Python\Python312\Lib\site-packages\django\core\handlers\exception.py", line 55, in inner
    response = get_response(request)
               ^^^^^^^^^^^^^^^^^^^^^
  File "C:\Users\Dell\AppData\Local\Programs\Python\Python312\Lib\site-packages\django\core\handlers\base.py", line 197, in _get_response
    response = wrapped_callback(request, *callback_args, **callback_kwargs)
               ^^^^^^^^^^^^^^^^^^^^^^^^^^^^^^^^^^^^^^^^^^^^^^^^^^^^^^^^^^^^
  File "C:\Users\Dell\OneDrive\Desktop\git\ecom\ecommerce\ecommerce\shop\views.py", line 95, in product_list
    return render(request, 'shop/product_list.html', context)
           ^^^^^^^^^^^^^^^^^^^^^^^^^^^^^^^^^^^^^^^^^^^^^^^^^^
  File "C:\Users\Dell\AppData\Local\Programs\Python\Python312\Lib\site-packages\django\shortcuts.py", line 25, in render
    content = loader.render_to_string(template_name, context, request, using=using)
              ^^^^^^^^^^^^^^^^^^^^^^^^^^^^^^^^^^^^^^^^^^^^^^^^^^^^^^^^^^^^^^^^^^^^^
  File "C:\Users\Dell\AppData\Local\Programs\Python\Python312\Lib\site-packages\django\template\loader.py", line 61, in render_to_string
    template = get_template(template_name, using=using)
               ^^^^^^^^^^^^^^^^^^^^^^^^^^^^^^^^^^^^^^^^
  File "C:\Users\Dell\AppData\Local\Programs\Python\Python312\Lib\site-packages\django\template\loader.py", line 15, in get_template
    return engine.get_template(template_name)
           ^^^^^^^^^^^^^^^^^^^^^^^^^^^^^^^^^^
  File "C:\Users\Dell\AppData\Local\Programs\Python\Python312\Lib\site-packages\django\template\backends\django.py", line 79, in get_template
    return Template(self.engine.get_template(template_name), self)
                    ^^^^^^^^^^^^^^^^^^^^^^^^^^^^^^^^^^^^^^^
  File "C:\Users\Dell\AppData\Local\Programs\Python\Python312\Lib\site-packages\django\template\engine.py", line 177, in get_template
    template, origin = self.find_template(template_name)
                       ^^^^^^^^^^^^^^^^^^^^^^^^^^^^^^^^^
  File "C:\Users\Dell\AppData\Local\Programs\Python\Python312\Lib\site-packages\django\template\engine.py", line 159, in find_template
    template = loader.get_template(name, skip=skip)
               ^^^^^^^^^^^^^^^^^^^^^^^^^^^^^^^^^^^^
  File "C:\Users\Dell\AppData\Local\Programs\Python\Python312\Lib\site-packages\django\template\loaders\cached.py", line 57, in get_template
    template = super().get_template(template_name, skip)
               ^^^^^^^^^^^^^^^^^^^^^^^^^^^^^^^^^^^^^^^^^
  File "C:\Users\Dell\AppData\Local\Programs\Python\Python312\Lib\site-packages\django\template\loaders\base.py", line 28, in get_template
    return Template(
           ^^^^^^^^^
  File "C:\Users\Dell\AppData\Local\Programs\Python\Python312\Lib\site-packages\django\template\base.py", line 154, in __init__
    self.nodelist = self.compile_nodelist()
                    ^^^^^^^^^^^^^^^^^^^^^^^
  File "C:\Users\Dell\AppData\Local\Programs\Python\Python312\Lib\site-packages\django\template\base.py", line 196, in compile_nodelist
    nodelist = parser.parse()
               ^^^^^^^^^^^^^^
  File "C:\Users\Dell\AppData\Local\Programs\Python\Python312\Lib\site-packages\django\template\base.py", line 518, in parse
    raise self.error(token, e)
  File "C:\Users\Dell\AppData\Local\Programs\Python\Python312\Lib\site-packages\django\template\base.py", line 516, in parse
    compiled_result = compile_func(self, token)
                      ^^^^^^^^^^^^^^^^^^^^^^^^^
  File "C:\Users\Dell\AppData\Local\Programs\Python\Python312\Lib\site-packages\django\template\loader_tags.py", line 299, in do_extends
    nodelist = parser.parse()
               ^^^^^^^^^^^^^^
  File "C:\Users\Dell\AppData\Local\Programs\Python\Python312\Lib\site-packages\django\template\base.py", line 518, in parse
    raise self.error(token, e)
  File "C:\Users\Dell\AppData\Local\Programs\Python\Python312\Lib\site-packages\django\template\base.py", line 516, in parse
    compiled_result = compile_func(self, token)
                      ^^^^^^^^^^^^^^^^^^^^^^^^^
  File "C:\Users\Dell\AppData\Local\Programs\Python\Python312\Lib\site-packages\django\template\loader_tags.py", line 234, in do_block
    nodelist = parser.parse(("endblock",))
               ^^^^^^^^^^^^^^^^^^^^^^^^^^^
  File "C:\Users\Dell\AppData\Local\Programs\Python\Python312\Lib\site-packages\django\template\base.py", line 518, in parse
    raise self.error(token, e)
  File "C:\Users\Dell\AppData\Local\Programs\Python\Python312\Lib\site-packages\django\template\base.py", line 516, in parse
    compiled_result = compile_func(self, token)
                      ^^^^^^^^^^^^^^^^^^^^^^^^^
  File "C:\Users\Dell\AppData\Local\Programs\Python\Python312\Lib\site-packages\django\template\defaulttags.py", line 962, in do_if
    nodelist = parser.parse(("elif", "else", "endif"))
               ^^^^^^^^^^^^^^^^^^^^^^^^^^^^^^^^^^^^^^^
  File "C:\Users\Dell\AppData\Local\Programs\Python\Python312\Lib\site-packages\django\template\base.py", line 518, in parse
    raise self.error(token, e)
  File "C:\Users\Dell\AppData\Local\Programs\Python\Python312\Lib\site-packages\django\template\base.py", line 516, in parse
    compiled_result = compile_func(self, token)
                      ^^^^^^^^^^^^^^^^^^^^^^^^^
  File "C:\Users\Dell\AppData\Local\Programs\Python\Python312\Lib\site-packages\django\template\defaulttags.py", line 862, in do_for
    nodelist_loop = parser.parse(
                    ^^^^^^^^^^^^^
  File "C:\Users\Dell\AppData\Local\Programs\Python\Python312\Lib\site-packages\django\template\base.py", line 518, in parse
    raise self.error(token, e)
  File "C:\Users\Dell\AppData\Local\Programs\Python\Python312\Lib\site-packages\django\template\base.py", line 516, in parse
    compiled_result = compile_func(self, token)
                      ^^^^^^^^^^^^^^^^^^^^^^^^^
  File "C:\Users\Dell\AppData\Local\Programs\Python\Python312\Lib\site-packages\django\template\defaulttags.py", line 976, in do_if
    nodelist = parser.parse(("endif",))
               ^^^^^^^^^^^^^^^^^^^^^^^^
  File "C:\Users\Dell\AppData\Local\Programs\Python\Python312\Lib\site-packages\django\template\base.py", line 512, in parse
    self.invalid_block_tag(token, command, parse_until)
  File "C:\Users\Dell\AppData\Local\Programs\Python\Python312\Lib\site-packages\django\template\base.py", line 567, in invalid_block_tag
    raise self.error(
django.template.exceptions.TemplateSyntaxError: Invalid block tag on line 122: 'static', expected 'endif'. Did you forget to register or load this tag?
ERROR 2026-01-06 14:14:55,575 basehttp 3132 13896 "GET / HTTP/1.1" 500 330668
WARNING 2026-01-06 14:14:56,611 basehttp 3132 13896 "GET /favicon.ico HTTP/1.1" 404 6189
INFO 2026-01-06 14:21:19,398 basehttp 3132 13040 "GET / HTTP/1.1" 200 25551
INFO 2026-01-06 14:21:20,124 basehttp 3132 14880 "GET /static/js/ui-enhancements.js HTTP/1.1" 200 2500
INFO 2026-01-06 14:21:20,439 basehttp 3132 13040 "GET /static/logo/placeholder.png HTTP/1.1" 200 120822
INFO 2026-01-06 14:22:00,133 basehttp 3132 16916 "GET /?search=&category=1&price_max=1950 HTTP/1.1" 200 23310
ERROR 2026-01-06 14:22:10,250 log 3132 9716 Internal Server Error: /product/test-product-10f3d5/
Traceback (most recent call last):
  File "C:\Users\Dell\AppData\Local\Programs\Python\Python312\Lib\site-packages\django\template\base.py", line 890, in _resolve_lookup
    raise TypeError
TypeError

During handling of the above exception, another exception occurred:

Traceback (most recent call last):
  File "C:\Users\Dell\AppData\Local\Programs\Python\Python312\Lib\site-packages\django\core\handlers\exception.py", line 55, in inner
    response = get_response(request)
               ^^^^^^^^^^^^^^^^^^^^^
  File "C:\Users\Dell\AppData\Local\Programs\Python\Python312\Lib\site-packages\django\core\handlers\base.py", line 197, in _get_response
    response = wrapped_callback(request, *callback_args, **callback_kwargs)
               ^^^^^^^^^^^^^^^^^^^^^^^^^^^^^^^^^^^^^^^^^^^^^^^^^^^^^^^^^^^^
  File "C:\Users\Dell\OneDrive\Desktop\git\ecom\ecommerce\ecommerce\shop\views.py", line 112, in product_detail
    return render(request, 'shop/product_detail.html', context)
           ^^^^^^^^^^^^^^^^^^^^^^^^^^^^^^^^^^^^^^^^^^^^^^^^^^^^
  File "C:\Users\Dell\AppData\Local\Programs\Python\Python312\Lib\site-packages\django\shortcuts.py", line 25, in render
    content = loader.render_to_string(template_name, context, request, using=using)
              ^^^^^^^^^^^^^^^^^^^^^^^^^^^^^^^^^^^^^^^^^^^^^^^^^^^^^^^^^^^^^^^^^^^^^
  File "C:\Users\Dell\AppData\Local\Programs\Python\Python312\Lib\site-packages\django\template\loader.py", line 62, in render_to_string
    return template.render(context, request)
           ^^^^^^^^^^^^^^^^^^^^^^^^^^^^^^^^^
  File "C:\Users\Dell\AppData\Local\Programs\Python\Python312\Lib\site-packages\django\template\backends\django.py", line 107, in render
    return self.template.render(context)
           ^^^^^^^^^^^^^^^^^^^^^^^^^^^^^
  File "C:\Users\Dell\AppData\Local\Programs\Python\Python312\Lib\site-packages\django\template\base.py", line 171, in render
    return self._render(context)
           ^^^^^^^^^^^^^^^^^^^^^
  File "C:\Users\Dell\AppData\Local\Programs\Python\Python312\Lib\site-packages\django\template\base.py", line 163, in _render
    return self.nodelist.render(context)
           ^^^^^^^^^^^^^^^^^^^^^^^^^^^^^
  File "C:\Users\Dell\AppData\Local\Programs\Python\Python312\Lib\site-packages\django\template\base.py", line 1016, in render
    return SafeString("".join([node.render_annotated(context) for node in self]))
                               ^^^^^^^^^^^^^^^^^^^^^^^^^^^^^^
  File "C:\Users\Dell\AppData\Local\Programs\Python\Python312\Lib\site-packages\django\template\base.py", line 977, in render_annotated
    return self.render(context)
           ^^^^^^^^^^^^^^^^^^^^
  File "C:\Users\Dell\AppData\Local\Programs\Python\Python312\Lib\site-packages\django\template\loader_tags.py", line 159, in render
    return compiled_parent._render(context)
           ^^^^^^^^^^^^^^^^^^^^^^^^^^^^^^^^
  File "C:\Users\Dell\AppData\Local\Programs\Python\Python312\Lib\site-packages\django\template\base.py", line 163, in _render
    return self.nodelist.render(context)
           ^^^^^^^^^^^^^^^^^^^^^^^^^^^^^
  File "C:\Users\Dell\AppData\Local\Programs\Python\Python312\Lib\site-packages\django\template\base.py", line 1016, in render
    return SafeString("".join([node.render_annotated(context) for node in self]))
                               ^^^^^^^^^^^^^^^^^^^^^^^^^^^^^^
  File "C:\Users\Dell\AppData\Local\Programs\Python\Python312\Lib\site-packages\django\template\base.py", line 977, in render_annotated
    return self.render(context)
           ^^^^^^^^^^^^^^^^^^^^
  File "C:\Users\Dell\AppData\Local\Programs\Python\Python312\Lib\site-packages\django\template\loader_tags.py", line 65, in render
    result = block.nodelist.render(context)
             ^^^^^^^^^^^^^^^^^^^^^^^^^^^^^^
  File "C:\Users\Dell\AppData\Local\Programs\Python\Python312\Lib\site-packages\django\template\base.py", line 1016, in render
    return SafeString("".join([node.render_annotated(context) for node in self]))
                               ^^^^^^^^^^^^^^^^^^^^^^^^^^^^^^
  File "C:\Users\Dell\AppData\Local\Programs\Python\Python312\Lib\site-packages\django\template\base.py", line 977, in render_annotated
    return self.render(context)
           ^^^^^^^^^^^^^^^^^^^^
  File "C:\Users\Dell\AppData\Local\Programs\Python\Python312\Lib\site-packages\django\template\base.py", line 1075, in render
    output = self.filter_expression.resolve(context)
             ^^^^^^^^^^^^^^^^^^^^^^^^^^^^^^^^^^^^^^^
  File "C:\Users\Dell\AppData\Local\Programs\Python\Python312\Lib\site-packages\django\template\base.py", line 722, in resolve
    obj = self.var.resolve(context)
          ^^^^^^^^^^^^^^^^^^^^^^^^^
  File "C:\Users\Dell\AppData\Local\Programs\Python\Python312\Lib\site-packages\django\template\base.py", line 854, in resolve
    value = self._resolve_lookup(context)
            ^^^^^^^^^^^^^^^^^^^^^^^^^^^^^
  File "C:\Users\Dell\AppData\Local\Programs\Python\Python312\Lib\site-packages\django\template\base.py", line 901, in _resolve_lookup
    current = getattr(current, bit)
              ^^^^^^^^^^^^^^^^^^^^^
  File "C:\Users\Dell\AppData\Local\Programs\Python\Python312\Lib\site-packages\django\db\models\fields\files.py", line 69, in url
    self._require_file()
  File "C:\Users\Dell\AppData\Local\Programs\Python\Python312\Lib\site-packages\django\db\models\fields\files.py", line 44, in _require_file
    raise ValueError(
ValueError: The 'image' attribute has no file associated with it.
ERROR 2026-01-06 14:22:10,280 basehttp 3132 9716 "GET /product/test-product-10f3d5/ HTTP/1.1" 500 182072
INFO 2026-01-06 14:22:47,296 basehttp 3132 5420 "GET / HTTP/1.1" 200 25551
INFO 2026-01-06 14:22:47,409 basehttp 3132 5420 "GET /static/logo/placeholder.png HTTP/1.1" 304 0
INFO 2026-01-06 14:22:47,449 basehttp 3132 5420 "GET /static/js/ui-enhancements.js HTTP/1.1" 304 0
INFO 2026-01-06 14:22:51,647 basehttp 3132 17904 "GET /product/soundscape-pro-active-noise-canceling-headphones/ HTTP/1.1" 200 22017
INFO 2026-01-06 14:23:01,262 basehttp 3132 15372 "POST /cart/add/2/ HTTP/1.1" 302 0
INFO 2026-01-06 14:23:01,577 basehttp 3132 15372 "GET /cart/ HTTP/1.1" 200 21508
INFO 2026-01-06 14:23:04,653 logging 3132 15372 Starting checkout
INFO 2026-01-06 14:23:04,727 logging 3132 15372 Completed checkout successfully
INFO 2026-01-06 14:23:04,782 basehttp 3132 15372 "GET /checkout/ HTTP/1.1" 200 24713
INFO 2026-01-06 14:24:41,484 basehttp 3132 15848 "GET /cart/ HTTP/1.1" 200 21540
INFO 2026-01-06 14:25:52,408 basehttp 3132 14372 "GET /cart/ HTTP/1.1" 200 21540
INFO 2026-01-06 14:25:52,499 basehttp 3132 14372 "GET /static/js/ui-enhancements.js HTTP/1.1" 304 0
INFO 2026-01-06 14:25:55,504 basehttp 3132 14372 "GET /product/soundscape-pro-active-noise-canceling-headphones/ HTTP/1.1" 200 22049
INFO 2026-01-06 14:26:04,028 basehttp 3132 12508 "GET / HTTP/1.1" 200 25583
INFO 2026-01-06 14:30:02,659 basehttp 3132 7980 "GET / HTTP/1.1" 200 26564
INFO 2026-01-06 14:30:02,882 basehttp 3132 7980 "GET /static/logo/placeholder.png HTTP/1.1" 304 0
INFO 2026-01-06 14:30:02,884 basehttp 3132 13500 "GET /static/js/ui-enhancements.js HTTP/1.1" 304 0
INFO 2026-01-06 14:30:43,713 basehttp 3132 8016 "GET /product/soundscape-pro-active-noise-canceling-headphones/ HTTP/1.1" 200 22049
INFO 2026-01-06 14:30:49,374 basehttp 3132 2200 "POST /cart/add/2/ HTTP/1.1" 302 0
INFO 2026-01-06 14:30:49,655 basehttp 3132 2200 "GET /cart/ HTTP/1.1" 200 21540
INFO 2026-01-06 14:34:33,860 basehttp 3132 5104 "GET /?search=&price_max=100 HTTP/1.1" 200 26562
INFO 2026-01-06 14:34:33,978 basehttp 3132 16124 "GET /static/js/ui-enhancements.js HTTP/1.1" 304 0
INFO 2026-01-06 14:34:33,978 basehttp 3132 5104 "GET /static/logo/placeholder.png HTTP/1.1" 304 0
INFO 2026-01-06 14:36:28,011 basehttp 3132 13100 "GET /cart/ HTTP/1.1" 200 21540
INFO 2026-01-06 14:36:37,311 logging 3132 14196 Starting checkout
INFO 2026-01-06 14:36:37,388 logging 3132 14196 Completed checkout successfully
INFO 2026-01-06 14:36:37,401 basehttp 3132 14196 "GET /checkout/ HTTP/1.1" 200 24364
INFO 2026-01-06 14:36:57,589 basehttp 3132 10924 "GET /track-order/ HTTP/1.1" 200 18269
INFO 2026-01-06 14:36:57,640 basehttp 3132 10924 "GET /static/js/ui-enhancements.js HTTP/1.1" 304 0
INFO 2026-01-06 14:37:22,784 basehttp 3132 11036 "GET /track-order/ HTTP/1.1" 200 18269
INFO 2026-01-06 14:37:36,954 basehttp 3132 7692 "GET /cart/ HTTP/1.1" 200 21540
INFO 2026-01-06 14:40:47,945 basehttp 3132 16132 "GET /?search=&price_max=100 HTTP/1.1" 200 26568
INFO 2026-01-06 14:40:48,076 basehttp 3132 16704 "GET /media/products/picture-speaker-that-has-picture-speaker-it_1230457-49114_1.avif HTTP/1.1" 304 0
INFO 2026-01-06 14:40:48,077 basehttp 3132 16132 "GET /static/css/style.css?v=1.2 HTTP/1.1" 200 14202
INFO 2026-01-06 14:40:48,109 basehttp 3132 6624 "GET /static/logo/placeholder.png HTTP/1.1" 304 0
INFO 2026-01-06 14:40:48,110 basehttp 3132 16132 "GET /static/js/ui-enhancements.js HTTP/1.1" 304 0
INFO 2026-01-06 14:41:14,740 basehttp 3132 10140 "GET /?search=&price_max=0&featured_only=on HTTP/1.1" 200 24667
INFO 2026-01-06 14:41:39,190 basehttp 3132 840 "GET / HTTP/1.1" 200 26570
INFO 2026-01-06 14:41:58,267 basehttp 3132 9312 "GET /product/soundscape-pro-active-noise-canceling-headphones/ HTTP/1.1" 200 22055
INFO 2026-01-06 14:43:18,135 basehttp 3132 10072 "GET /track-order/ HTTP/1.1" 200 18275
INFO 2026-01-06 14:43:18,218 basehttp 3132 10072 "GET /static/css/style.css?v=1.2 HTTP/1.1" 304 0
INFO 2026-01-06 14:50:11,904 basehttp 3132 15348 "GET / HTTP/1.1" 200 26494
INFO 2026-01-06 14:50:12,079 basehttp 3132 15348 "GET /static/css/style.css?v=1.2 HTTP/1.1" 304 0
INFO 2026-01-06 14:50:12,095 basehttp 3132 7480 "GET /static/logo/placeholder.png HTTP/1.1" 304 0
INFO 2026-01-06 14:50:12,113 basehttp 3132 15348 "GET /static/js/ui-enhancements.js HTTP/1.1" 304 0
INFO 2026-01-06 14:50:30,379 basehttp 3132 16168 "GET /track-order/ HTTP/1.1" 200 18275
INFO 2026-01-06 14:52:46,381 basehttp 3132 17480 "POST /track-order/ HTTP/1.1" 200 18525
INFO 2026-01-06 14:52:46,536 basehttp 3132 17480 "GET /static/css/style.css?v=1.2 HTTP/1.1" 304 0
INFO 2026-01-06 14:54:25,241 basehttp 3132 18092 "POST /track-order/ HTTP/1.1" 200 18525
INFO 2026-01-06 14:54:25,340 basehttp 3132 18092 "GET /static/js/ui-enhancements.js HTTP/1.1" 304 0
INFO 2026-01-06 14:54:59,213 basehttp 3132 6292 "GET /track-order/ HTTP/1.1" 200 18275
INFO 2026-01-06 14:55:44,946 basehttp 3132 16592 "GET /product/soundscape-pro-active-noise-canceling-headphones/ HTTP/1.1" 200 22055
INFO 2026-01-06 14:55:45,034 basehttp 3132 16592 "GET /static/css/style.css?v=1.2 HTTP/1.1" 304 0
INFO 2026-01-06 14:55:45,050 basehttp 3132 16592 "GET /media/products/picture-speaker-that-has-picture-speaker-it_1230457-49114.avif HTTP/1.1" 304 0
INFO 2026-01-06 14:57:31,088 basehttp 3132 6752 "GET /cart/ HTTP/1.1" 200 21546
INFO 2026-01-06 14:57:59,542 basehttp 3132 2836 "GET /admin/dashboard/ HTTP/1.1" 200 30669
INFO 2026-01-06 15:02:06,972 basehttp 3132 1216 "GET /track-order/ HTTP/1.1" 200 18275
INFO 2026-01-06 15:02:07,234 basehttp 3132 1216 "GET /static/css/style.css?v=1.2 HTTP/1.1" 304 0
INFO 2026-01-06 15:02:07,234 basehttp 3132 9840 "GET /static/js/ui-enhancements.js HTTP/1.1" 304 0
INFO 2026-01-06 15:02:11,470 basehttp 3132 384 "POST /track-order/ HTTP/1.1" 200 26111
INFO 2026-01-06 15:02:33,830 basehttp 3132 18124 "GET /track-order/ HTTP/1.1" 200 18275
INFO 2026-01-06 15:02:47,525 basehttp 3132 17192 "GET /product/soundscape-pro-active-noise-canceling-headphones/ HTTP/1.1" 200 22055
INFO 2026-01-06 15:14:18,705 basehttp 3132 10556 "GET / HTTP/1.1" 200 26494
INFO 2026-01-06 15:14:19,402 basehttp 3132 10556 "GET /static/css/style.css?v=1.2 HTTP/1.1" 304 0
INFO 2026-01-06 15:14:19,531 basehttp 3132 18232 "GET /static/js/ui-enhancements.js HTTP/1.1" 304 0
INFO 2026-01-06 15:14:19,584 basehttp 3132 13392 "GET /static/logo/placeholder.png HTTP/1.1" 304 0
INFO 2026-01-06 15:14:33,534 basehttp 3132 18300 "GET /product/soundscape-pro-active-noise-canceling-headphones/ HTTP/1.1" 200 22055
INFO 2026-01-06 15:33:02,695 basehttp 3132 6168 "GET /track-order/ HTTP/1.1" 200 18275
INFO 2026-01-06 15:33:02,927 basehttp 3132 6168 "GET /static/css/style.css?v=1.2 HTTP/1.1" 304 0
INFO 2026-01-06 15:33:02,928 basehttp 3132 16084 "GET /static/js/ui-enhancements.js HTTP/1.1" 304 0
INFO 2026-01-06 15:34:07,716 basehttp 3132 14344 "GET /product/soundscape-pro-active-noise-canceling-headphones/ HTTP/1.1" 200 22055
INFO 2026-01-06 15:43:05,798 basehttp 3132 4116 "GET /product/soundscape-pro-active-noise-canceling-headphones/ HTTP/1.1" 200 22055
INFO 2026-01-06 15:43:06,338 basehttp 3132 4116 "GET /static/js/ui-enhancements.js HTTP/1.1" 304 0
INFO 2026-01-06 15:43:06,339 basehttp 3132 15196 "GET /static/css/style.css?v=1.2 HTTP/1.1" 304 0
INFO 2026-01-06 15:43:14,549 basehttp 3132 10508 "GET / HTTP/1.1" 200 26505
INFO 2026-01-06 15:43:14,631 basehttp 3132 10508 "GET /static/logo/placeholder.png HTTP/1.1" 304 0
INFO 2026-01-06 15:43:31,074 basehttp 3132 15436 - Broken pipe from ('127.0.0.1', 60173)
INFO 2026-01-06 15:43:31,385 basehttp 3132 10148 "GET /product/soundscape-pro-active-noise-canceling-headphones/ HTTP/1.1" 200 22055
INFO 2026-01-06 15:45:05,001 basehttp 3132 15236 "GET /product/soundscape-pro-active-noise-canceling-headphones/ HTTP/1.1" 200 22055
INFO 2026-01-06 15:45:28,947 basehttp 3132 9984 "GET /?search=latitude&price_max=5000 HTTP/1.1" 200 22037
INFO 2026-01-06 15:45:33,069 basehttp 3132 4192 "GET / HTTP/1.1" 200 26505
INFO 2026-01-06 15:45:43,553 basehttp 3132 12336 "GET /product/soundscape-pro-active-noise-canceling-headphones/ HTTP/1.1" 200 22064
INFO 2026-01-06 15:50:35,370 basehttp 3132 6468 "GET / HTTP/1.1" 200 26504
INFO 2026-01-06 15:50:35,453 basehttp 3132 6468 "GET /static/css/style.css?v=1.2 HTTP/1.1" 304 0
INFO 2026-01-06 15:50:43,792 basehttp 3132 15332 "GET /product/soundscape-pro-active-noise-canceling-headphones/ HTTP/1.1" 200 22064
INFO 2026-01-06 15:52:40,060 autoreload 3132 7468 C:\Users\Dell\OneDrive\Desktop\git\ecom\ecommerce\ecommerce\shop\forms.py changed, reloading.
INFO 2026-01-06 15:52:46,977 autoreload 15592 17484 Watching for file changes with StatReloader
INFO 2026-01-06 15:53:07,999 basehttp 15592 4692 "GET /?search=&category=2&price_max=5000 HTTP/1.1" 200 24553
INFO 2026-01-06 15:53:08,213 basehttp 15592 4692 "GET /static/js/ui-enhancements.js HTTP/1.1" 304 0
INFO 2026-01-06 15:54:32,057 basehttp 15592 10832 "GET /product/soundscape-pro-active-noise-canceling-headphones/ HTTP/1.1" 200 21432
INFO 2026-01-06 15:54:44,801 basehttp 15592 2544 "POST /cart/add/2/ HTTP/1.1" 302 0
INFO 2026-01-06 15:54:45,298 basehttp 15592 2544 "GET /cart/ HTTP/1.1" 200 20908
INFO 2026-01-06 15:54:56,449 basehttp 15592 3824 "POST /cart/add/2/ HTTP/1.1" 302 0
INFO 2026-01-06 15:54:56,737 basehttp 15592 3824 "GET /cart/ HTTP/1.1" 200 20908
INFO 2026-01-06 15:58:01,634 basehttp 15592 11140 "GET /product/soundscape-pro-active-noise-canceling-headphones/ HTTP/1.1" 200 21432
INFO 2026-01-06 16:34:34,945 autoreload 14648 15300 Watching for file changes with StatReloader
INFO 2026-01-06 16:34:44,536 basehttp 14648 1856 "GET / HTTP/1.1" 200 26024
INFO 2026-01-06 16:34:44,991 basehttp 14648 1856 "GET /static/css/style.css?v=1.2 HTTP/1.1" 304 0
INFO 2026-01-06 16:34:44,991 basehttp 14648 13116 "GET /media/products/picture-speaker-that-has-picture-speaker-it_1230457-49114_1.avif HTTP/1.1" 304 0
INFO 2026-01-06 16:34:45,068 basehttp 14648 13116 "GET /static/logo/placeholder.png HTTP/1.1" 304 0
INFO 2026-01-06 16:34:45,486 basehttp 14648 13116 "GET /static/js/ui-enhancements.js HTTP/1.1" 304 0
INFO 2026-01-06 16:35:00,990 basehttp 14648 1196 "GET /?search=&price_max=5000 HTTP/1.1" 200 26024
INFO 2026-01-06 16:35:12,558 basehttp 14648 15096 "GET /?search=&price_max=5000 HTTP/1.1" 200 26024
INFO 2026-01-06 16:35:17,956 basehttp 14648 13340 "GET /?search=&price_max=5000 HTTP/1.1" 200 26024
INFO 2026-01-06 16:35:33,561 basehttp 14648 10956 "GET /accounts/admin-login/ HTTP/1.1" 200 21405
INFO 2026-01-06 16:35:49,455 basehttp 14648 13556 "POST /accounts/admin-login/ HTTP/1.1" 302 0
INFO 2026-01-06 16:35:49,969 basehttp 14648 13556 "GET / HTTP/1.1" 200 26503
INFO 2026-01-06 16:35:56,998 basehttp 14648 4432 "GET /admin/dashboard/ HTTP/1.1" 200 30702
INFO 2026-01-06 16:36:17,022 basehttp 14648 14112 "GET /admin/shop/product/ HTTP/1.1" 200 20096
INFO 2026-01-06 16:36:17,511 basehttp 14648 14112 "GET /admin/jsi18n/ HTTP/1.1" 200 3342
WARNING 2026-01-06 16:36:17,949 basehttp 14648 14112 "GET /favicon.ico HTTP/1.1" 404 6189
INFO 2026-01-06 16:36:25,439 basehttp 14648 1588 "GET /admin/shop/product/add/ HTTP/1.1" 200 27395
INFO 2026-01-06 16:36:25,669 basehttp 14648 1588 "GET /admin/jsi18n/ HTTP/1.1" 200 3342
INFO 2026-01-06 16:38:09,069 basehttp 14648 14828 "GET /admin/shop/product/ HTTP/1.1" 200 19967
INFO 2026-01-06 16:39:55,644 basehttp 14648 8968 "GET /admin/shop/product/add/ HTTP/1.1" 200 27395
INFO 2026-01-06 16:39:56,029 basehttp 14648 8968 "GET /admin/jsi18n/ HTTP/1.1" 200 3342
INFO 2026-01-06 16:40:21,606 basehttp 14648 12744 "GET /admin/shop/category/add/?_to_field=id&_popup=1 HTTP/1.1" 200 7933
INFO 2026-01-06 16:40:22,005 basehttp 14648 12744 "GET /admin/jsi18n/ HTTP/1.1" 200 3342
INFO 2026-01-06 16:40:29,550 basehttp 14648 4412 "POST /admin/shop/category/add/?_to_field=id&_popup=1 HTTP/1.1" 200 328
INFO 2026-01-06 16:40:38,937 basehttp 14648 12660 "GET /admin/shop/brand/add/?_to_field=id&_popup=1 HTTP/1.1" 200 5227
INFO 2026-01-06 16:40:39,273 basehttp 14648 12660 "GET /admin/jsi18n/ HTTP/1.1" 200 3342
INFO 2026-01-06 16:40:43,918 basehttp 14648 13152 "POST /admin/shop/brand/add/?_to_field=id&_popup=1 HTTP/1.1" 200 331
INFO 2026-01-06 16:40:52,105 basehttp 14648 14820 "POST /admin/shop/product/add/ HTTP/1.1" 302 0
INFO 2026-01-06 16:40:52,406 basehttp 14648 14820 "GET /admin/shop/product/ HTTP/1.1" 200 21268
INFO 2026-01-06 16:40:52,672 basehttp 14648 14820 "GET /admin/jsi18n/ HTTP/1.1" 200 3342
INFO 2026-01-06 16:40:56,594 basehttp 14648 2596 "GET /admin/shop/product/add/ HTTP/1.1" 200 27476
INFO 2026-01-06 16:40:56,897 basehttp 14648 2596 "GET /admin/jsi18n/ HTTP/1.1" 200 3342
INFO 2026-01-06 16:41:50,105 basehttp 14648 9736 "GET /admin/shop/category/add/?_to_field=id&_popup=1 HTTP/1.1" 200 7972
INFO 2026-01-06 16:41:50,345 basehttp 14648 9736 "GET /admin/jsi18n/ HTTP/1.1" 200 3342
INFO 2026-01-06 16:42:00,889 basehttp 14648 1644 "POST /admin/shop/category/add/?_to_field=id&_popup=1 HTTP/1.1" 200 335
INFO 2026-01-06 16:42:20,561 basehttp 14648 13704 "POST /admin/shop/product/add/ HTTP/1.1" 200 28248
INFO 2026-01-06 16:42:20,847 basehttp 14648 13704 "GET /admin/jsi18n/ HTTP/1.1" 200 3342
INFO 2026-01-06 16:45:11,060 basehttp 14648 5016 "GET /admin/shop/brand/add/?_to_field=id&_popup=1 HTTP/1.1" 200 5227
INFO 2026-01-06 16:45:11,490 basehttp 14648 5016 "GET /admin/jsi18n/ HTTP/1.1" 200 3342
INFO 2026-01-06 16:46:07,839 basehttp 14648 1988 "POST /admin/shop/brand/add/?_to_field=id&_popup=1 HTTP/1.1" 200 5502
INFO 2026-01-06 16:46:08,136 basehttp 14648 1988 "GET /admin/jsi18n/ HTTP/1.1" 200 3342
INFO 2026-01-06 16:46:34,792 basehttp 14648 7676 "POST /admin/shop/brand/add/?_to_field=id&_popup=1 HTTP/1.1" 200 327
INFO 2026-01-06 16:46:40,070 basehttp 14648 8496 "POST /admin/shop/product/add/ HTTP/1.1" 200 28175
INFO 2026-01-06 16:46:40,397 basehttp 14648 8496 "GET /admin/jsi18n/ HTTP/1.1" 200 3342
INFO 2026-01-06 16:47:05,911 basehttp 14648 15092 "POST /admin/shop/product/add/ HTTP/1.1" 200 28169
INFO 2026-01-06 16:47:06,154 basehttp 14648 15092 "GET /admin/jsi18n/ HTTP/1.1" 200 3342
INFO 2026-01-06 16:47:36,695 basehttp 14648 13620 "POST /admin/shop/product/add/ HTTP/1.1" 200 28146
INFO 2026-01-06 16:47:36,978 basehttp 14648 13620 "GET /admin/jsi18n/ HTTP/1.1" 200 3342
INFO 2026-01-06 16:47:51,665 basehttp 14648 4816 "POST /admin/shop/product/add/ HTTP/1.1" 200 28146
INFO 2026-01-06 16:47:52,116 basehttp 14648 4816 "GET /admin/jsi18n/ HTTP/1.1" 200 3342
INFO 2026-01-06 16:48:00,694 basehttp 14648 14580 "POST /admin/shop/product/add/ HTTP/1.1" 200 28147
INFO 2026-01-06 16:48:00,867 basehttp 14648 14580 "GET /admin/jsi18n/ HTTP/1.1" 200 3342
INFO 2026-01-06 16:48:06,343 basehttp 14648 14580 "POST /admin/shop/product/add/ HTTP/1.1" 200 28147
INFO 2026-01-06 16:48:06,519 basehttp 14648 14580 "GET /admin/jsi18n/ HTTP/1.1" 200 3342
INFO 2026-01-06 16:48:13,086 basehttp 14648 4608 "POST /admin/shop/product/add/ HTTP/1.1" 200 28056
INFO 2026-01-06 16:48:13,250 basehttp 14648 4608 "GET /admin/jsi18n/ HTTP/1.1" 200 3342
INFO 2026-01-06 16:48:19,508 basehttp 14648 4608 "POST /admin/shop/product/add/ HTTP/1.1" 302 0
INFO 2026-01-06 16:48:19,953 basehttp 14648 4608 "GET /admin/shop/product/ HTTP/1.1" 200 22271
INFO 2026-01-06 16:48:20,268 basehttp 14648 4608 "GET /admin/jsi18n/ HTTP/1.1" 200 3342
INFO 2026-01-06 16:48:33,685 basehttp 14648 12664 "GET / HTTP/1.1" 200 32812
INFO 2026-01-06 16:48:33,842 basehttp 14648 12664 "GET /static/css/style.css?v=1.2 HTTP/1.1" 304 0
INFO 2026-01-06 16:49:46,707 basehttp 14648 14156 "GET /admin/shop/product/add/ HTTP/1.1" 200 27560
INFO 2026-01-06 16:49:46,905 basehttp 14648 14156 "GET /admin/jsi18n/ HTTP/1.1" 200 3342
INFO 2026-01-06 16:50:08,081 basehttp 14648 14932 "GET /admin/shop/category/add/?_to_field=id&_popup=1 HTTP/1.1" 200 8018
INFO 2026-01-06 16:50:08,240 basehttp 14648 14932 "GET /admin/jsi18n/ HTTP/1.1" 200 3342
INFO 2026-01-06 16:50:23,978 basehttp 14648 6416 "POST /admin/shop/category/add/?_to_field=id&_popup=1 HTTP/1.1" 200 328
INFO 2026-01-06 16:50:52,117 basehttp 14648 828 "POST /admin/shop/product/add/ HTTP/1.1" 200 28209
INFO 2026-01-06 16:50:52,380 basehttp 14648 828 "GET /admin/jsi18n/ HTTP/1.1" 200 3342
INFO 2026-01-06 16:50:59,206 basehttp 14648 828 "GET /admin/shop/brand/add/?_to_field=id&_popup=1 HTTP/1.1" 200 5227
INFO 2026-01-06 16:50:59,373 basehttp 14648 828 "GET /admin/jsi18n/ HTTP/1.1" 200 3342
INFO 2026-01-06 16:51:04,543 basehttp 14648 11408 "POST /admin/shop/brand/add/?_to_field=id&_popup=1 HTTP/1.1" 200 328
INFO 2026-01-06 16:51:07,667 basehttp 14648 11408 "POST /admin/shop/product/add/ HTTP/1.1" 302 0
INFO 2026-01-06 16:51:07,866 basehttp 14648 11408 "GET /admin/shop/product/ HTTP/1.1" 200 23350
INFO 2026-01-06 16:51:08,104 basehttp 14648 11408 "GET /admin/jsi18n/ HTTP/1.1" 200 3342
INFO 2026-01-06 16:51:21,645 basehttp 14648 14056 "GET / HTTP/1.1" 200 36331
INFO 2026-01-06 16:51:21,740 basehttp 14648 14056 "GET /static/logo/placeholder.png HTTP/1.1" 304 0
INFO 2026-01-06 16:51:21,740 basehttp 14648 9848 "GET /static/js/ui-enhancements.js HTTP/1.1" 304 0
INFO 2026-01-06 16:51:56,844 basehttp 14648 7224 "GET /admin/shop/product/add/ HTTP/1.1" 200 27638
INFO 2026-01-06 16:51:57,393 basehttp 14648 7224 "GET /admin/jsi18n/ HTTP/1.1" 200 3342
INFO 2026-01-06 16:52:44,719 basehttp 14648 8680 "GET /admin/shop/category/add/?_to_field=id&_popup=1 HTTP/1.1" 200 8057
INFO 2026-01-06 16:52:44,894 basehttp 14648 8680 "GET /admin/jsi18n/ HTTP/1.1" 200 3342
INFO 2026-01-06 16:52:53,384 basehttp 14648 232 "POST /admin/shop/category/add/?_to_field=id&_popup=1 HTTP/1.1" 200 331
INFO 2026-01-06 16:52:56,243 basehttp 14648 232 "GET /admin/shop/brand/add/?_to_field=id&_popup=1 HTTP/1.1" 200 5227
INFO 2026-01-06 16:52:56,482 basehttp 14648 232 "GET /admin/jsi18n/ HTTP/1.1" 200 3342
INFO 2026-01-06 16:53:00,230 basehttp 14648 14952 "POST /admin/shop/brand/add/?_to_field=id&_popup=1 HTTP/1.1" 200 326
INFO 2026-01-06 16:53:17,745 basehttp 14648 8716 "POST /admin/shop/product/add/ HTTP/1.1" 302 0
INFO 2026-01-06 16:53:17,989 basehttp 14648 8716 "GET /admin/shop/product/ HTTP/1.1" 200 24449
INFO 2026-01-06 16:53:18,224 basehttp 14648 8716 "GET /admin/jsi18n/ HTTP/1.1" 200 3342
INFO 2026-01-06 16:53:21,253 basehttp 14648 13740 "GET / HTTP/1.1" 200 39875
INFO 2026-01-06 16:53:54,271 basehttp 14648 15216 "GET /?search=&price_max=5000 HTTP/1.1" 200 39875
INFO 2026-01-06 16:54:52,802 basehttp 14648 8636 "GET /admin/shop/product/add/ HTTP/1.1" 200 27717
INFO 2026-01-06 16:54:53,313 basehttp 14648 8636 "GET /admin/jsi18n/ HTTP/1.1" 200 3342
INFO 2026-01-06 16:55:12,389 basehttp 14648 14920 "GET /admin/shop/category/add/?_to_field=id&_popup=1 HTTP/1.1" 200 8099
INFO 2026-01-06 16:55:12,549 basehttp 14648 14920 "GET /admin/jsi18n/ HTTP/1.1" 200 3342
INFO 2026-01-06 16:55:21,288 basehttp 14648 13920 "POST /admin/shop/category/add/?_to_field=id&_popup=1 HTTP/1.1" 200 331
INFO 2026-01-06 16:55:40,537 basehttp 14648 1276 "POST /admin/shop/product/add/ HTTP/1.1" 200 28379
INFO 2026-01-06 16:55:40,700 basehttp 14648 1276 "GET /admin/jsi18n/ HTTP/1.1" 200 3342
INFO 2026-01-06 16:55:45,208 basehttp 14648 1276 "GET /admin/shop/brand/add/?_to_field=id&_popup=1 HTTP/1.1" 200 5227
INFO 2026-01-06 16:55:45,482 basehttp 14648 1276 "GET /admin/jsi18n/ HTTP/1.1" 200 3342
INFO 2026-01-06 16:55:49,707 basehttp 14648 1276 "POST /admin/shop/brand/add/?_to_field=id&_popup=1 HTTP/1.1" 200 325
INFO 2026-01-06 16:55:55,346 basehttp 14648 5196 "POST /admin/shop/product/add/ HTTP/1.1" 302 0
INFO 2026-01-06 16:55:55,621 basehttp 14648 5196 "GET /admin/shop/product/ HTTP/1.1" 200 25511
INFO 2026-01-06 16:55:55,869 basehttp 14648 5196 "GET /admin/jsi18n/ HTTP/1.1" 200 3342
INFO 2026-01-06 16:55:59,927 basehttp 14648 5196 "GET /?search=&price_max=5000 HTTP/1.1" 200 43044
ERROR 2026-01-06 16:56:19,161 log 14648 14348 Internal Server Error: /product/titan-k9-mechanical-gaming-keyboard/
Traceback (most recent call last):
  File "C:\Users\Dell\AppData\Local\Programs\Python\Python312\Lib\site-packages\django\template\base.py", line 890, in _resolve_lookup
    raise TypeError
TypeError

During handling of the above exception, another exception occurred:

Traceback (most recent call last):
  File "C:\Users\Dell\AppData\Local\Programs\Python\Python312\Lib\site-packages\django\core\handlers\exception.py", line 55, in inner
    response = get_response(request)
               ^^^^^^^^^^^^^^^^^^^^^
  File "C:\Users\Dell\AppData\Local\Programs\Python\Python312\Lib\site-packages\django\core\handlers\base.py", line 197, in _get_response
    response = wrapped_callback(request, *callback_args, **callback_kwargs)
               ^^^^^^^^^^^^^^^^^^^^^^^^^^^^^^^^^^^^^^^^^^^^^^^^^^^^^^^^^^^^
  File "C:\Users\Dell\OneDrive\Desktop\git\ecom\ecommerce\ecommerce\shop\views.py", line 112, in product_detail
    return render(request, 'shop/product_detail.html', context)
           ^^^^^^^^^^^^^^^^^^^^^^^^^^^^^^^^^^^^^^^^^^^^^^^^^^^^
  File "C:\Users\Dell\AppData\Local\Programs\Python\Python312\Lib\site-packages\django\shortcuts.py", line 25, in render
    content = loader.render_to_string(template_name, context, request, using=using)
              ^^^^^^^^^^^^^^^^^^^^^^^^^^^^^^^^^^^^^^^^^^^^^^^^^^^^^^^^^^^^^^^^^^^^^
  File "C:\Users\Dell\AppData\Local\Programs\Python\Python312\Lib\site-packages\django\template\loader.py", line 62, in render_to_string
    return template.render(context, request)
           ^^^^^^^^^^^^^^^^^^^^^^^^^^^^^^^^^
  File "C:\Users\Dell\AppData\Local\Programs\Python\Python312\Lib\site-packages\django\template\backends\django.py", line 107, in render
    return self.template.render(context)
           ^^^^^^^^^^^^^^^^^^^^^^^^^^^^^
  File "C:\Users\Dell\AppData\Local\Programs\Python\Python312\Lib\site-packages\django\template\base.py", line 171, in render
    return self._render(context)
           ^^^^^^^^^^^^^^^^^^^^^
  File "C:\Users\Dell\AppData\Local\Programs\Python\Python312\Lib\site-packages\django\template\base.py", line 163, in _render
    return self.nodelist.render(context)
           ^^^^^^^^^^^^^^^^^^^^^^^^^^^^^
  File "C:\Users\Dell\AppData\Local\Programs\Python\Python312\Lib\site-packages\django\template\base.py", line 1016, in render
    return SafeString("".join([node.render_annotated(context) for node in self]))
                               ^^^^^^^^^^^^^^^^^^^^^^^^^^^^^^
  File "C:\Users\Dell\AppData\Local\Programs\Python\Python312\Lib\site-packages\django\template\base.py", line 977, in render_annotated
    return self.render(context)
           ^^^^^^^^^^^^^^^^^^^^
  File "C:\Users\Dell\AppData\Local\Programs\Python\Python312\Lib\site-packages\django\template\loader_tags.py", line 159, in render
    return compiled_parent._render(context)
           ^^^^^^^^^^^^^^^^^^^^^^^^^^^^^^^^
  File "C:\Users\Dell\AppData\Local\Programs\Python\Python312\Lib\site-packages\django\template\base.py", line 163, in _render
    return self.nodelist.render(context)
           ^^^^^^^^^^^^^^^^^^^^^^^^^^^^^
  File "C:\Users\Dell\AppData\Local\Programs\Python\Python312\Lib\site-packages\django\template\base.py", line 1016, in render
    return SafeString("".join([node.render_annotated(context) for node in self]))
                               ^^^^^^^^^^^^^^^^^^^^^^^^^^^^^^
  File "C:\Users\Dell\AppData\Local\Programs\Python\Python312\Lib\site-packages\django\template\base.py", line 977, in render_annotated
    return self.render(context)
           ^^^^^^^^^^^^^^^^^^^^
  File "C:\Users\Dell\AppData\Local\Programs\Python\Python312\Lib\site-packages\django\template\loader_tags.py", line 65, in render
    result = block.nodelist.render(context)
             ^^^^^^^^^^^^^^^^^^^^^^^^^^^^^^
  File "C:\Users\Dell\AppData\Local\Programs\Python\Python312\Lib\site-packages\django\template\base.py", line 1016, in render
    return SafeString("".join([node.render_annotated(context) for node in self]))
                               ^^^^^^^^^^^^^^^^^^^^^^^^^^^^^^
  File "C:\Users\Dell\AppData\Local\Programs\Python\Python312\Lib\site-packages\django\template\base.py", line 977, in render_annotated
    return self.render(context)
           ^^^^^^^^^^^^^^^^^^^^
  File "C:\Users\Dell\AppData\Local\Programs\Python\Python312\Lib\site-packages\django\template\base.py", line 1075, in render
    output = self.filter_expression.resolve(context)
             ^^^^^^^^^^^^^^^^^^^^^^^^^^^^^^^^^^^^^^^
  File "C:\Users\Dell\AppData\Local\Programs\Python\Python312\Lib\site-packages\django\template\base.py", line 722, in resolve
    obj = self.var.resolve(context)
          ^^^^^^^^^^^^^^^^^^^^^^^^^
  File "C:\Users\Dell\AppData\Local\Programs\Python\Python312\Lib\site-packages\django\template\base.py", line 854, in resolve
    value = self._resolve_lookup(context)
            ^^^^^^^^^^^^^^^^^^^^^^^^^^^^^
  File "C:\Users\Dell\AppData\Local\Programs\Python\Python312\Lib\site-packages\django\template\base.py", line 901, in _resolve_lookup
    current = getattr(current, bit)
              ^^^^^^^^^^^^^^^^^^^^^
  File "C:\Users\Dell\AppData\Local\Programs\Python\Python312\Lib\site-packages\django\db\models\fields\files.py", line 69, in url
    self._require_file()
  File "C:\Users\Dell\AppData\Local\Programs\Python\Python312\Lib\site-packages\django\db\models\fields\files.py", line 44, in _require_file
    raise ValueError(
ValueError: The 'image' attribute has no file associated with it.
ERROR 2026-01-06 16:56:19,178 basehttp 14648 14348 "GET /product/titan-k9-mechanical-gaming-keyboard/ HTTP/1.1" 500 182718
ERROR 2026-01-06 16:56:26,681 log 14648 9244 Internal Server Error: /product/zenith-stainless-steel-french-press-1l/
Traceback (most recent call last):
  File "C:\Users\Dell\AppData\Local\Programs\Python\Python312\Lib\site-packages\django\template\base.py", line 890, in _resolve_lookup
    raise TypeError
TypeError

During handling of the above exception, another exception occurred:

Traceback (most recent call last):
  File "C:\Users\Dell\AppData\Local\Programs\Python\Python312\Lib\site-packages\django\core\handlers\exception.py", line 55, in inner
    response = get_response(request)
               ^^^^^^^^^^^^^^^^^^^^^
  File "C:\Users\Dell\AppData\Local\Programs\Python\Python312\Lib\site-packages\django\core\handlers\base.py", line 197, in _get_response
    response = wrapped_callback(request, *callback_args, **callback_kwargs)
               ^^^^^^^^^^^^^^^^^^^^^^^^^^^^^^^^^^^^^^^^^^^^^^^^^^^^^^^^^^^^
  File "C:\Users\Dell\OneDrive\Desktop\git\ecom\ecommerce\ecommerce\shop\views.py", line 112, in product_detail
    return render(request, 'shop/product_detail.html', context)
           ^^^^^^^^^^^^^^^^^^^^^^^^^^^^^^^^^^^^^^^^^^^^^^^^^^^^
  File "C:\Users\Dell\AppData\Local\Programs\Python\Python312\Lib\site-packages\django\shortcuts.py", line 25, in render
    content = loader.render_to_string(template_name, context, request, using=using)
              ^^^^^^^^^^^^^^^^^^^^^^^^^^^^^^^^^^^^^^^^^^^^^^^^^^^^^^^^^^^^^^^^^^^^^
  File "C:\Users\Dell\AppData\Local\Programs\Python\Python312\Lib\site-packages\django\template\loader.py", line 62, in render_to_string
    return template.render(context, request)
           ^^^^^^^^^^^^^^^^^^^^^^^^^^^^^^^^^
  File "C:\Users\Dell\AppData\Local\Programs\Python\Python312\Lib\site-packages\django\template\backends\django.py", line 107, in render
    return self.template.render(context)
           ^^^^^^^^^^^^^^^^^^^^^^^^^^^^^
  File "C:\Users\Dell\AppData\Local\Programs\Python\Python312\Lib\site-packages\django\template\base.py", line 171, in render
    return self._render(context)
           ^^^^^^^^^^^^^^^^^^^^^
  File "C:\Users\Dell\AppData\Local\Programs\Python\Python312\Lib\site-packages\django\template\base.py", line 163, in _render
    return self.nodelist.render(context)
           ^^^^^^^^^^^^^^^^^^^^^^^^^^^^^
  File "C:\Users\Dell\AppData\Local\Programs\Python\Python312\Lib\site-packages\django\template\base.py", line 1016, in render
    return SafeString("".join([node.render_annotated(context) for node in self]))
                               ^^^^^^^^^^^^^^^^^^^^^^^^^^^^^^
  File "C:\Users\Dell\AppData\Local\Programs\Python\Python312\Lib\site-packages\django\template\base.py", line 977, in render_annotated
    return self.render(context)
           ^^^^^^^^^^^^^^^^^^^^
  File "C:\Users\Dell\AppData\Local\Programs\Python\Python312\Lib\site-packages\django\template\loader_tags.py", line 159, in render
    return compiled_parent._render(context)
           ^^^^^^^^^^^^^^^^^^^^^^^^^^^^^^^^
  File "C:\Users\Dell\AppData\Local\Programs\Python\Python312\Lib\site-packages\django\template\base.py", line 163, in _render
    return self.nodelist.render(context)
           ^^^^^^^^^^^^^^^^^^^^^^^^^^^^^
  File "C:\Users\Dell\AppData\Local\Programs\Python\Python312\Lib\site-packages\django\template\base.py", line 1016, in render
    return SafeString("".join([node.render_annotated(context) for node in self]))
                               ^^^^^^^^^^^^^^^^^^^^^^^^^^^^^^
  File "C:\Users\Dell\AppData\Local\Programs\Python\Python312\Lib\site-packages\django\template\base.py", line 977, in render_annotated
    return self.render(context)
           ^^^^^^^^^^^^^^^^^^^^
  File "C:\Users\Dell\AppData\Local\Programs\Python\Python312\Lib\site-packages\django\template\loader_tags.py", line 65, in render
    result = block.nodelist.render(context)
             ^^^^^^^^^^^^^^^^^^^^^^^^^^^^^^
  File "C:\Users\Dell\AppData\Local\Programs\Python\Python312\Lib\site-packages\django\template\base.py", line 1016, in render
    return SafeString("".join([node.render_annotated(context) for node in self]))
                               ^^^^^^^^^^^^^^^^^^^^^^^^^^^^^^
  File "C:\Users\Dell\AppData\Local\Programs\Python\Python312\Lib\site-packages\django\template\base.py", line 977, in render_annotated
    return self.render(context)
           ^^^^^^^^^^^^^^^^^^^^
  File "C:\Users\Dell\AppData\Local\Programs\Python\Python312\Lib\site-packages\django\template\base.py", line 1075, in render
    output = self.filter_expression.resolve(context)
             ^^^^^^^^^^^^^^^^^^^^^^^^^^^^^^^^^^^^^^^
  File "C:\Users\Dell\AppData\Local\Programs\Python\Python312\Lib\site-packages\django\template\base.py", line 722, in resolve
    obj = self.var.resolve(context)
          ^^^^^^^^^^^^^^^^^^^^^^^^^
  File "C:\Users\Dell\AppData\Local\Programs\Python\Python312\Lib\site-packages\django\template\base.py", line 854, in resolve
    value = self._resolve_lookup(context)
            ^^^^^^^^^^^^^^^^^^^^^^^^^^^^^
  File "C:\Users\Dell\AppData\Local\Programs\Python\Python312\Lib\site-packages\django\template\base.py", line 901, in _resolve_lookup
    current = getattr(current, bit)
              ^^^^^^^^^^^^^^^^^^^^^
  File "C:\Users\Dell\AppData\Local\Programs\Python\Python312\Lib\site-packages\django\db\models\fields\files.py", line 69, in url
    self._require_file()
  File "C:\Users\Dell\AppData\Local\Programs\Python\Python312\Lib\site-packages\django\db\models\fields\files.py", line 44, in _require_file
    raise ValueError(
ValueError: The 'image' attribute has no file associated with it.
ERROR 2026-01-06 16:56:26,689 basehttp 14648 9244 "GET /product/zenith-stainless-steel-french-press-1l/ HTTP/1.1" 500 182868
ERROR 2026-01-06 16:56:34,213 log 14648 11400 Internal Server Error: /product/titan-k9-mechanical-gaming-keyboard/
Traceback (most recent call last):
  File "C:\Users\Dell\AppData\Local\Programs\Python\Python312\Lib\site-packages\django\template\base.py", line 890, in _resolve_lookup
    raise TypeError
TypeError

During handling of the above exception, another exception occurred:

Traceback (most recent call last):
  File "C:\Users\Dell\AppData\Local\Programs\Python\Python312\Lib\site-packages\django\core\handlers\exception.py", line 55, in inner
    response = get_response(request)
               ^^^^^^^^^^^^^^^^^^^^^
  File "C:\Users\Dell\AppData\Local\Programs\Python\Python312\Lib\site-packages\django\core\handlers\base.py", line 197, in _get_response
    response = wrapped_callback(request, *callback_args, **callback_kwargs)
               ^^^^^^^^^^^^^^^^^^^^^^^^^^^^^^^^^^^^^^^^^^^^^^^^^^^^^^^^^^^^
  File "C:\Users\Dell\OneDrive\Desktop\git\ecom\ecommerce\ecommerce\shop\views.py", line 112, in product_detail
    return render(request, 'shop/product_detail.html', context)
           ^^^^^^^^^^^^^^^^^^^^^^^^^^^^^^^^^^^^^^^^^^^^^^^^^^^^
  File "C:\Users\Dell\AppData\Local\Programs\Python\Python312\Lib\site-packages\django\shortcuts.py", line 25, in render
    content = loader.render_to_string(template_name, context, request, using=using)
              ^^^^^^^^^^^^^^^^^^^^^^^^^^^^^^^^^^^^^^^^^^^^^^^^^^^^^^^^^^^^^^^^^^^^^
  File "C:\Users\Dell\AppData\Local\Programs\Python\Python312\Lib\site-packages\django\template\loader.py", line 62, in render_to_string
    return template.render(context, request)
           ^^^^^^^^^^^^^^^^^^^^^^^^^^^^^^^^^
  File "C:\Users\Dell\AppData\Local\Programs\Python\Python312\Lib\site-packages\django\template\backends\django.py", line 107, in render
    return self.template.render(context)
           ^^^^^^^^^^^^^^^^^^^^^^^^^^^^^
  File "C:\Users\Dell\AppData\Local\Programs\Python\Python312\Lib\site-packages\django\template\base.py", line 171, in render
    return self._render(context)
           ^^^^^^^^^^^^^^^^^^^^^
  File "C:\Users\Dell\AppData\Local\Programs\Python\Python312\Lib\site-packages\django\template\base.py", line 163, in _render
    return self.nodelist.render(context)
           ^^^^^^^^^^^^^^^^^^^^^^^^^^^^^
  File "C:\Users\Dell\AppData\Local\Programs\Python\Python312\Lib\site-packages\django\template\base.py", line 1016, in render
    return SafeString("".join([node.render_annotated(context) for node in self]))
                               ^^^^^^^^^^^^^^^^^^^^^^^^^^^^^^
  File "C:\Users\Dell\AppData\Local\Programs\Python\Python312\Lib\site-packages\django\template\base.py", line 977, in render_annotated
    return self.render(context)
           ^^^^^^^^^^^^^^^^^^^^
  File "C:\Users\Dell\AppData\Local\Programs\Python\Python312\Lib\site-packages\django\template\loader_tags.py", line 159, in render
    return compiled_parent._render(context)
           ^^^^^^^^^^^^^^^^^^^^^^^^^^^^^^^^
  File "C:\Users\Dell\AppData\Local\Programs\Python\Python312\Lib\site-packages\django\template\base.py", line 163, in _render
    return self.nodelist.render(context)
           ^^^^^^^^^^^^^^^^^^^^^^^^^^^^^
  File "C:\Users\Dell\AppData\Local\Programs\Python\Python312\Lib\site-packages\django\template\base.py", line 1016, in render
    return SafeString("".join([node.render_annotated(context) for node in self]))
                               ^^^^^^^^^^^^^^^^^^^^^^^^^^^^^^
  File "C:\Users\Dell\AppData\Local\Programs\Python\Python312\Lib\site-packages\django\template\base.py", line 977, in render_annotated
    return self.render(context)
           ^^^^^^^^^^^^^^^^^^^^
  File "C:\Users\Dell\AppData\Local\Programs\Python\Python312\Lib\site-packages\django\template\loader_tags.py", line 65, in render
    result = block.nodelist.render(context)
             ^^^^^^^^^^^^^^^^^^^^^^^^^^^^^^
  File "C:\Users\Dell\AppData\Local\Programs\Python\Python312\Lib\site-packages\django\template\base.py", line 1016, in render
    return SafeString("".join([node.render_annotated(context) for node in self]))
                               ^^^^^^^^^^^^^^^^^^^^^^^^^^^^^^
  File "C:\Users\Dell\AppData\Local\Programs\Python\Python312\Lib\site-packages\django\template\base.py", line 977, in render_annotated
    return self.render(context)
           ^^^^^^^^^^^^^^^^^^^^
  File "C:\Users\Dell\AppData\Local\Programs\Python\Python312\Lib\site-packages\django\template\base.py", line 1075, in render
    output = self.filter_expression.resolve(context)
             ^^^^^^^^^^^^^^^^^^^^^^^^^^^^^^^^^^^^^^^
  File "C:\Users\Dell\AppData\Local\Programs\Python\Python312\Lib\site-packages\django\template\base.py", line 722, in resolve
    obj = self.var.resolve(context)
          ^^^^^^^^^^^^^^^^^^^^^^^^^
  File "C:\Users\Dell\AppData\Local\Programs\Python\Python312\Lib\site-packages\django\template\base.py", line 854, in resolve
    value = self._resolve_lookup(context)
            ^^^^^^^^^^^^^^^^^^^^^^^^^^^^^
  File "C:\Users\Dell\AppData\Local\Programs\Python\Python312\Lib\site-packages\django\template\base.py", line 901, in _resolve_lookup
    current = getattr(current, bit)
              ^^^^^^^^^^^^^^^^^^^^^
  File "C:\Users\Dell\AppData\Local\Programs\Python\Python312\Lib\site-packages\django\db\models\fields\files.py", line 69, in url
    self._require_file()
  File "C:\Users\Dell\AppData\Local\Programs\Python\Python312\Lib\site-packages\django\db\models\fields\files.py", line 44, in _require_file
    raise ValueError(
ValueError: The 'image' attribute has no file associated with it.
ERROR 2026-01-06 16:56:34,220 basehttp 14648 11400 "GET /product/titan-k9-mechanical-gaming-keyboard/ HTTP/1.1" 500 182718
ERROR 2026-01-06 16:56:41,282 log 14648 10832 Internal Server Error: /product/titan-k9-mechanical-gaming-keyboard/
Traceback (most recent call last):
  File "C:\Users\Dell\AppData\Local\Programs\Python\Python312\Lib\site-packages\django\template\base.py", line 890, in _resolve_lookup
    raise TypeError
TypeError

During handling of the above exception, another exception occurred:

Traceback (most recent call last):
  File "C:\Users\Dell\AppData\Local\Programs\Python\Python312\Lib\site-packages\django\core\handlers\exception.py", line 55, in inner
    response = get_response(request)
               ^^^^^^^^^^^^^^^^^^^^^
  File "C:\Users\Dell\AppData\Local\Programs\Python\Python312\Lib\site-packages\django\core\handlers\base.py", line 197, in _get_response
    response = wrapped_callback(request, *callback_args, **callback_kwargs)
               ^^^^^^^^^^^^^^^^^^^^^^^^^^^^^^^^^^^^^^^^^^^^^^^^^^^^^^^^^^^^
  File "C:\Users\Dell\OneDrive\Desktop\git\ecom\ecommerce\ecommerce\shop\views.py", line 112, in product_detail
    return render(request, 'shop/product_detail.html', context)
           ^^^^^^^^^^^^^^^^^^^^^^^^^^^^^^^^^^^^^^^^^^^^^^^^^^^^
  File "C:\Users\Dell\AppData\Local\Programs\Python\Python312\Lib\site-packages\django\shortcuts.py", line 25, in render
    content = loader.render_to_string(template_name, context, request, using=using)
              ^^^^^^^^^^^^^^^^^^^^^^^^^^^^^^^^^^^^^^^^^^^^^^^^^^^^^^^^^^^^^^^^^^^^^
  File "C:\Users\Dell\AppData\Local\Programs\Python\Python312\Lib\site-packages\django\template\loader.py", line 62, in render_to_string
    return template.render(context, request)
           ^^^^^^^^^^^^^^^^^^^^^^^^^^^^^^^^^
  File "C:\Users\Dell\AppData\Local\Programs\Python\Python312\Lib\site-packages\django\template\backends\django.py", line 107, in render
    return self.template.render(context)
           ^^^^^^^^^^^^^^^^^^^^^^^^^^^^^
  File "C:\Users\Dell\AppData\Local\Programs\Python\Python312\Lib\site-packages\django\template\base.py", line 171, in render
    return self._render(context)
           ^^^^^^^^^^^^^^^^^^^^^
  File "C:\Users\Dell\AppData\Local\Programs\Python\Python312\Lib\site-packages\django\template\base.py", line 163, in _render
    return self.nodelist.render(context)
           ^^^^^^^^^^^^^^^^^^^^^^^^^^^^^
  File "C:\Users\Dell\AppData\Local\Programs\Python\Python312\Lib\site-packages\django\template\base.py", line 1016, in render
    return SafeString("".join([node.render_annotated(context) for node in self]))
                               ^^^^^^^^^^^^^^^^^^^^^^^^^^^^^^
  File "C:\Users\Dell\AppData\Local\Programs\Python\Python312\Lib\site-packages\django\template\base.py", line 977, in render_annotated
    return self.render(context)
           ^^^^^^^^^^^^^^^^^^^^
  File "C:\Users\Dell\AppData\Local\Programs\Python\Python312\Lib\site-packages\django\template\loader_tags.py", line 159, in render
    return compiled_parent._render(context)
           ^^^^^^^^^^^^^^^^^^^^^^^^^^^^^^^^
  File "C:\Users\Dell\AppData\Local\Programs\Python\Python312\Lib\site-packages\django\template\base.py", line 163, in _render
    return self.nodelist.render(context)
           ^^^^^^^^^^^^^^^^^^^^^^^^^^^^^
  File "C:\Users\Dell\AppData\Local\Programs\Python\Python312\Lib\site-packages\django\template\base.py", line 1016, in render
    return SafeString("".join([node.render_annotated(context) for node in self]))
                               ^^^^^^^^^^^^^^^^^^^^^^^^^^^^^^
  File "C:\Users\Dell\AppData\Local\Programs\Python\Python312\Lib\site-packages\django\template\base.py", line 977, in render_annotated
    return self.render(context)
           ^^^^^^^^^^^^^^^^^^^^
  File "C:\Users\Dell\AppData\Local\Programs\Python\Python312\Lib\site-packages\django\template\loader_tags.py", line 65, in render
    result = block.nodelist.render(context)
             ^^^^^^^^^^^^^^^^^^^^^^^^^^^^^^
  File "C:\Users\Dell\AppData\Local\Programs\Python\Python312\Lib\site-packages\django\template\base.py", line 1016, in render
    return SafeString("".join([node.render_annotated(context) for node in self]))
                               ^^^^^^^^^^^^^^^^^^^^^^^^^^^^^^
  File "C:\Users\Dell\AppData\Local\Programs\Python\Python312\Lib\site-packages\django\template\base.py", line 977, in render_annotated
    return self.render(context)
           ^^^^^^^^^^^^^^^^^^^^
  File "C:\Users\Dell\AppData\Local\Programs\Python\Python312\Lib\site-packages\django\template\base.py", line 1075, in render
    output = self.filter_expression.resolve(context)
             ^^^^^^^^^^^^^^^^^^^^^^^^^^^^^^^^^^^^^^^
  File "C:\Users\Dell\AppData\Local\Programs\Python\Python312\Lib\site-packages\django\template\base.py", line 722, in resolve
    obj = self.var.resolve(context)
          ^^^^^^^^^^^^^^^^^^^^^^^^^
  File "C:\Users\Dell\AppData\Local\Programs\Python\Python312\Lib\site-packages\django\template\base.py", line 854, in resolve
    value = self._resolve_lookup(context)
            ^^^^^^^^^^^^^^^^^^^^^^^^^^^^^
  File "C:\Users\Dell\AppData\Local\Programs\Python\Python312\Lib\site-packages\django\template\base.py", line 901, in _resolve_lookup
    current = getattr(current, bit)
              ^^^^^^^^^^^^^^^^^^^^^
  File "C:\Users\Dell\AppData\Local\Programs\Python\Python312\Lib\site-packages\django\db\models\fields\files.py", line 69, in url
    self._require_file()
  File "C:\Users\Dell\AppData\Local\Programs\Python\Python312\Lib\site-packages\django\db\models\fields\files.py", line 44, in _require_file
    raise ValueError(
ValueError: The 'image' attribute has no file associated with it.
ERROR 2026-01-06 16:56:41,292 basehttp 14648 10832 "GET /product/titan-k9-mechanical-gaming-keyboard/ HTTP/1.1" 500 182718
INFO 2026-01-06 16:57:15,321 basehttp 14648 12280 "GET /admin/shop/product/add/ HTTP/1.1" 200 27795
INFO 2026-01-06 16:57:16,585 basehttp 14648 12280 "GET /admin/shop/product/ HTTP/1.1" 200 25284
INFO 2026-01-06 16:57:18,308 basehttp 14648 12280 "GET /admin/shop/product/add/ HTTP/1.1" 200 27795
ERROR 2026-01-06 16:58:01,653 log 14648 4044 Internal Server Error: /product/titan-k9-mechanical-gaming-keyboard/
Traceback (most recent call last):
  File "C:\Users\Dell\AppData\Local\Programs\Python\Python312\Lib\site-packages\django\template\base.py", line 890, in _resolve_lookup
    raise TypeError
TypeError

During handling of the above exception, another exception occurred:

Traceback (most recent call last):
  File "C:\Users\Dell\AppData\Local\Programs\Python\Python312\Lib\site-packages\django\core\handlers\exception.py", line 55, in inner
    response = get_response(request)
               ^^^^^^^^^^^^^^^^^^^^^
  File "C:\Users\Dell\AppData\Local\Programs\Python\Python312\Lib\site-packages\django\core\handlers\base.py", line 197, in _get_response
    response = wrapped_callback(request, *callback_args, **callback_kwargs)
               ^^^^^^^^^^^^^^^^^^^^^^^^^^^^^^^^^^^^^^^^^^^^^^^^^^^^^^^^^^^^
  File "C:\Users\Dell\OneDrive\Desktop\git\ecom\ecommerce\ecommerce\shop\views.py", line 112, in product_detail
    return render(request, 'shop/product_detail.html', context)
           ^^^^^^^^^^^^^^^^^^^^^^^^^^^^^^^^^^^^^^^^^^^^^^^^^^^^
  File "C:\Users\Dell\AppData\Local\Programs\Python\Python312\Lib\site-packages\django\shortcuts.py", line 25, in render
    content = loader.render_to_string(template_name, context, request, using=using)
              ^^^^^^^^^^^^^^^^^^^^^^^^^^^^^^^^^^^^^^^^^^^^^^^^^^^^^^^^^^^^^^^^^^^^^
  File "C:\Users\Dell\AppData\Local\Programs\Python\Python312\Lib\site-packages\django\template\loader.py", line 62, in render_to_string
    return template.render(context, request)
           ^^^^^^^^^^^^^^^^^^^^^^^^^^^^^^^^^
  File "C:\Users\Dell\AppData\Local\Programs\Python\Python312\Lib\site-packages\django\template\backends\django.py", line 107, in render
    return self.template.render(context)
           ^^^^^^^^^^^^^^^^^^^^^^^^^^^^^
  File "C:\Users\Dell\AppData\Local\Programs\Python\Python312\Lib\site-packages\django\template\base.py", line 171, in render
    return self._render(context)
           ^^^^^^^^^^^^^^^^^^^^^
  File "C:\Users\Dell\AppData\Local\Programs\Python\Python312\Lib\site-packages\django\template\base.py", line 163, in _render
    return self.nodelist.render(context)
           ^^^^^^^^^^^^^^^^^^^^^^^^^^^^^
  File "C:\Users\Dell\AppData\Local\Programs\Python\Python312\Lib\site-packages\django\template\base.py", line 1016, in render
    return SafeString("".join([node.render_annotated(context) for node in self]))
                               ^^^^^^^^^^^^^^^^^^^^^^^^^^^^^^
  File "C:\Users\Dell\AppData\Local\Programs\Python\Python312\Lib\site-packages\django\template\base.py", line 977, in render_annotated
    return self.render(context)
           ^^^^^^^^^^^^^^^^^^^^
  File "C:\Users\Dell\AppData\Local\Programs\Python\Python312\Lib\site-packages\django\template\loader_tags.py", line 159, in render
    return compiled_parent._render(context)
           ^^^^^^^^^^^^^^^^^^^^^^^^^^^^^^^^
  File "C:\Users\Dell\AppData\Local\Programs\Python\Python312\Lib\site-packages\django\template\base.py", line 163, in _render
    return self.nodelist.render(context)
           ^^^^^^^^^^^^^^^^^^^^^^^^^^^^^
  File "C:\Users\Dell\AppData\Local\Programs\Python\Python312\Lib\site-packages\django\template\base.py", line 1016, in render
    return SafeString("".join([node.render_annotated(context) for node in self]))
                               ^^^^^^^^^^^^^^^^^^^^^^^^^^^^^^
  File "C:\Users\Dell\AppData\Local\Programs\Python\Python312\Lib\site-packages\django\template\base.py", line 977, in render_annotated
    return self.render(context)
           ^^^^^^^^^^^^^^^^^^^^
  File "C:\Users\Dell\AppData\Local\Programs\Python\Python312\Lib\site-packages\django\template\loader_tags.py", line 65, in render
    result = block.nodelist.render(context)
             ^^^^^^^^^^^^^^^^^^^^^^^^^^^^^^
  File "C:\Users\Dell\AppData\Local\Programs\Python\Python312\Lib\site-packages\django\template\base.py", line 1016, in render
    return SafeString("".join([node.render_annotated(context) for node in self]))
                               ^^^^^^^^^^^^^^^^^^^^^^^^^^^^^^
  File "C:\Users\Dell\AppData\Local\Programs\Python\Python312\Lib\site-packages\django\template\base.py", line 977, in render_annotated
    return self.render(context)
           ^^^^^^^^^^^^^^^^^^^^
  File "C:\Users\Dell\AppData\Local\Programs\Python\Python312\Lib\site-packages\django\template\base.py", line 1075, in render
    output = self.filter_expression.resolve(context)
             ^^^^^^^^^^^^^^^^^^^^^^^^^^^^^^^^^^^^^^^
  File "C:\Users\Dell\AppData\Local\Programs\Python\Python312\Lib\site-packages\django\template\base.py", line 722, in resolve
    obj = self.var.resolve(context)
          ^^^^^^^^^^^^^^^^^^^^^^^^^
  File "C:\Users\Dell\AppData\Local\Programs\Python\Python312\Lib\site-packages\django\template\base.py", line 854, in resolve
    value = self._resolve_lookup(context)
            ^^^^^^^^^^^^^^^^^^^^^^^^^^^^^
  File "C:\Users\Dell\AppData\Local\Programs\Python\Python312\Lib\site-packages\django\template\base.py", line 901, in _resolve_lookup
    current = getattr(current, bit)
              ^^^^^^^^^^^^^^^^^^^^^
  File "C:\Users\Dell\AppData\Local\Programs\Python\Python312\Lib\site-packages\django\db\models\fields\files.py", line 69, in url
    self._require_file()
  File "C:\Users\Dell\AppData\Local\Programs\Python\Python312\Lib\site-packages\django\db\models\fields\files.py", line 44, in _require_file
    raise ValueError(
ValueError: The 'image' attribute has no file associated with it.
ERROR 2026-01-06 16:58:01,666 basehttp 14648 4044 "GET /product/titan-k9-mechanical-gaming-keyboard/ HTTP/1.1" 500 182718
INFO 2026-01-07 09:43:38,634 autoreload 15364 13932 Watching for file changes with StatReloader
INFO 2026-01-07 09:43:50,418 basehttp 15364 1264 "GET / HTTP/1.1" 200 42565
INFO 2026-01-07 09:43:51,282 basehttp 15364 1264 "GET /static/css/style.css?v=1.2 HTTP/1.1" 304 0
INFO 2026-01-07 09:43:51,452 basehttp 15364 1264 "GET /static/logo/placeholder.png HTTP/1.1" 304 0
INFO 2026-01-07 09:43:51,699 basehttp 15364 1264 "GET /media/products/picture-speaker-that-has-picture-speaker-it_1230457-49114_1.avif HTTP/1.1" 304 0
INFO 2026-01-07 09:43:51,875 basehttp 15364 3136 "GET /static/js/ui-enhancements.js HTTP/1.1" 304 0
ERROR 2026-01-07 09:44:44,485 log 15364 9212 Internal Server Error: /product/alpine-gear/
Traceback (most recent call last):
  File "C:\Users\Dell\AppData\Local\Programs\Python\Python312\Lib\site-packages\django\template\base.py", line 890, in _resolve_lookup
    raise TypeError
TypeError

During handling of the above exception, another exception occurred:

Traceback (most recent call last):
  File "C:\Users\Dell\AppData\Local\Programs\Python\Python312\Lib\site-packages\django\core\handlers\exception.py", line 55, in inner
    response = get_response(request)
               ^^^^^^^^^^^^^^^^^^^^^
  File "C:\Users\Dell\AppData\Local\Programs\Python\Python312\Lib\site-packages\django\core\handlers\base.py", line 197, in _get_response
    response = wrapped_callback(request, *callback_args, **callback_kwargs)
               ^^^^^^^^^^^^^^^^^^^^^^^^^^^^^^^^^^^^^^^^^^^^^^^^^^^^^^^^^^^^
  File "C:\Users\Dell\OneDrive\Desktop\git\ecom\ecommerce\ecommerce\shop\views.py", line 112, in product_detail
    return render(request, 'shop/product_detail.html', context)
           ^^^^^^^^^^^^^^^^^^^^^^^^^^^^^^^^^^^^^^^^^^^^^^^^^^^^
  File "C:\Users\Dell\AppData\Local\Programs\Python\Python312\Lib\site-packages\django\shortcuts.py", line 25, in render
    content = loader.render_to_string(template_name, context, request, using=using)
              ^^^^^^^^^^^^^^^^^^^^^^^^^^^^^^^^^^^^^^^^^^^^^^^^^^^^^^^^^^^^^^^^^^^^^
  File "C:\Users\Dell\AppData\Local\Programs\Python\Python312\Lib\site-packages\django\template\loader.py", line 62, in render_to_string
    return template.render(context, request)
           ^^^^^^^^^^^^^^^^^^^^^^^^^^^^^^^^^
  File "C:\Users\Dell\AppData\Local\Programs\Python\Python312\Lib\site-packages\django\template\backends\django.py", line 107, in render
    return self.template.render(context)
           ^^^^^^^^^^^^^^^^^^^^^^^^^^^^^
  File "C:\Users\Dell\AppData\Local\Programs\Python\Python312\Lib\site-packages\django\template\base.py", line 171, in render
    return self._render(context)
           ^^^^^^^^^^^^^^^^^^^^^
  File "C:\Users\Dell\AppData\Local\Programs\Python\Python312\Lib\site-packages\django\template\base.py", line 163, in _render
    return self.nodelist.render(context)
           ^^^^^^^^^^^^^^^^^^^^^^^^^^^^^
  File "C:\Users\Dell\AppData\Local\Programs\Python\Python312\Lib\site-packages\django\template\base.py", line 1016, in render
    return SafeString("".join([node.render_annotated(context) for node in self]))
                               ^^^^^^^^^^^^^^^^^^^^^^^^^^^^^^
  File "C:\Users\Dell\AppData\Local\Programs\Python\Python312\Lib\site-packages\django\template\base.py", line 977, in render_annotated
    return self.render(context)
           ^^^^^^^^^^^^^^^^^^^^
  File "C:\Users\Dell\AppData\Local\Programs\Python\Python312\Lib\site-packages\django\template\loader_tags.py", line 159, in render
    return compiled_parent._render(context)
           ^^^^^^^^^^^^^^^^^^^^^^^^^^^^^^^^
  File "C:\Users\Dell\AppData\Local\Programs\Python\Python312\Lib\site-packages\django\template\base.py", line 163, in _render
    return self.nodelist.render(context)
           ^^^^^^^^^^^^^^^^^^^^^^^^^^^^^
  File "C:\Users\Dell\AppData\Local\Programs\Python\Python312\Lib\site-packages\django\template\base.py", line 1016, in render
    return SafeString("".join([node.render_annotated(context) for node in self]))
                               ^^^^^^^^^^^^^^^^^^^^^^^^^^^^^^
  File "C:\Users\Dell\AppData\Local\Programs\Python\Python312\Lib\site-packages\django\template\base.py", line 977, in render_annotated
    return self.render(context)
           ^^^^^^^^^^^^^^^^^^^^
  File "C:\Users\Dell\AppData\Local\Programs\Python\Python312\Lib\site-packages\django\template\loader_tags.py", line 65, in render
    result = block.nodelist.render(context)
             ^^^^^^^^^^^^^^^^^^^^^^^^^^^^^^
  File "C:\Users\Dell\AppData\Local\Programs\Python\Python312\Lib\site-packages\django\template\base.py", line 1016, in render
    return SafeString("".join([node.render_annotated(context) for node in self]))
                               ^^^^^^^^^^^^^^^^^^^^^^^^^^^^^^
  File "C:\Users\Dell\AppData\Local\Programs\Python\Python312\Lib\site-packages\django\template\base.py", line 977, in render_annotated
    return self.render(context)
           ^^^^^^^^^^^^^^^^^^^^
  File "C:\Users\Dell\AppData\Local\Programs\Python\Python312\Lib\site-packages\django\template\base.py", line 1075, in render
    output = self.filter_expression.resolve(context)
             ^^^^^^^^^^^^^^^^^^^^^^^^^^^^^^^^^^^^^^^
  File "C:\Users\Dell\AppData\Local\Programs\Python\Python312\Lib\site-packages\django\template\base.py", line 722, in resolve
    obj = self.var.resolve(context)
          ^^^^^^^^^^^^^^^^^^^^^^^^^
  File "C:\Users\Dell\AppData\Local\Programs\Python\Python312\Lib\site-packages\django\template\base.py", line 854, in resolve
    value = self._resolve_lookup(context)
            ^^^^^^^^^^^^^^^^^^^^^^^^^^^^^
  File "C:\Users\Dell\AppData\Local\Programs\Python\Python312\Lib\site-packages\django\template\base.py", line 901, in _resolve_lookup
    current = getattr(current, bit)
              ^^^^^^^^^^^^^^^^^^^^^
  File "C:\Users\Dell\AppData\Local\Programs\Python\Python312\Lib\site-packages\django\db\models\fields\files.py", line 69, in url
    self._require_file()
  File "C:\Users\Dell\AppData\Local\Programs\Python\Python312\Lib\site-packages\django\db\models\fields\files.py", line 44, in _require_file
    raise ValueError(
ValueError: The 'image' attribute has no file associated with it.
ERROR 2026-01-07 09:44:44,500 basehttp 15364 9212 "GET /product/alpine-gear/ HTTP/1.1" 500 181431
WARNING 2026-01-07 09:44:44,972 basehttp 15364 9212 "GET /favicon.ico HTTP/1.1" 404 6189
INFO 2026-01-07 09:45:08,575 basehttp 15364 10984 "GET /admin/ HTTP/1.1" 302 0
INFO 2026-01-07 09:45:09,046 basehttp 15364 10984 "GET /admin/login/?next=/admin/ HTTP/1.1" 200 4178
INFO 2026-01-07 09:45:26,698 basehttp 15364 15528 "POST /admin/login/?next=/admin/ HTTP/1.1" 302 0
INFO 2026-01-07 09:45:27,100 basehttp 15364 15528 "GET /admin/ HTTP/1.1" 200 31100
INFO 2026-01-07 09:45:58,582 basehttp 15364 13708 "GET /admin/shop/product/ HTTP/1.1" 200 25284
INFO 2026-01-07 09:45:58,588 basehttp 15364 3020 - Broken pipe from ('127.0.0.1', 53098)
INFO 2026-01-07 09:45:58,869 basehttp 15364 13708 "GET /admin/jsi18n/ HTTP/1.1" 200 3342
INFO 2026-01-07 09:46:02,397 basehttp 15364 5192 "GET /admin/ HTTP/1.1" 200 31100
INFO 2026-01-07 09:47:52,943 basehttp 15364 6464 "GET /admin/shop/product/3/change/ HTTP/1.1" 200 28552
INFO 2026-01-07 09:47:53,329 basehttp 15364 6464 "GET /admin/jsi18n/ HTTP/1.1" 200 3342
INFO 2026-01-07 09:47:58,189 basehttp 15364 6464 "GET /admin/ HTTP/1.1" 200 31100
INFO 2026-01-07 09:48:18,850 basehttp 15364 12628 "GET /admin/shop/product/ HTTP/1.1" 200 25284
INFO 2026-01-07 09:48:19,773 basehttp 15364 12628 "GET /admin/jsi18n/ HTTP/1.1" 200 3342
INFO 2026-01-07 09:48:22,273 basehttp 15364 12488 "GET /admin/ HTTP/1.1" 200 31100
INFO 2026-01-07 11:38:20,702 autoreload 2824 15224 Watching for file changes with StatReloader
INFO 2026-01-07 11:38:37,268 basehttp 2824 7408 "GET / HTTP/1.1" 200 43044
INFO 2026-01-07 11:39:02,344 basehttp 2824 15240 "GET /track-order/ HTTP/1.1" 200 18274
INFO 2026-01-07 11:39:27,107 basehttp 2824 8968 "GET /admin/dashboard/ HTTP/1.1" 200 31038
INFO 2026-01-07 11:39:27,165 basehttp 2824 8968 "GET /static/css/style.css?v=1.2 HTTP/1.1" 304 0
INFO 2026-01-07 11:39:38,200 basehttp 2824 2536 "GET /admin/shop/product/ HTTP/1.1" 200 25284
INFO 2026-01-07 11:39:38,528 basehttp 2824 2536 "GET /admin/jsi18n/ HTTP/1.1" 200 3342
WARNING 2026-01-07 11:39:38,946 basehttp 2824 2536 "GET /favicon.ico HTTP/1.1" 404 6189
INFO 2026-01-07 11:39:50,131 basehttp 2824 4700 "GET /admin/shop/product/add/ HTTP/1.1" 200 27795
INFO 2026-01-07 11:39:50,407 basehttp 2824 4700 "GET /admin/jsi18n/ HTTP/1.1" 200 3342
INFO 2026-01-07 11:45:07,236 basehttp 2824 6228 "GET / HTTP/1.1" 200 43044
INFO 2026-01-07 11:45:07,403 basehttp 2824 6228 "GET /static/logo/placeholder.png HTTP/1.1" 304 0
INFO 2026-01-07 11:45:07,418 basehttp 2824 6228 "GET /static/js/ui-enhancements.js HTTP/1.1" 304 0
INFO 2026-01-07 11:47:50,388 basehttp 2824 1944 "GET /admin/shop/category/add/?_to_field=id&_popup=1 HTTP/1.1" 200 8141
INFO 2026-01-07 11:47:50,600 basehttp 2824 1944 "GET /admin/jsi18n/ HTTP/1.1" 200 3342
INFO 2026-01-07 11:48:02,876 basehttp 2824 17308 "POST /admin/shop/category/add/?_to_field=id&_popup=1 HTTP/1.1" 200 328
INFO 2026-01-07 11:48:06,803 basehttp 2824 17308 "GET /admin/shop/brand/add/?_to_field=id&_popup=1 HTTP/1.1" 200 5227
INFO 2026-01-07 11:48:07,060 basehttp 2824 17308 "GET /admin/jsi18n/ HTTP/1.1" 200 3342
INFO 2026-01-07 11:48:11,654 basehttp 2824 6336 "POST /admin/shop/brand/add/?_to_field=id&_popup=1 HTTP/1.1" 200 324
INFO 2026-01-07 11:48:15,496 basehttp 2824 6336 "POST /admin/shop/product/add/ HTTP/1.1" 302 0
INFO 2026-01-07 11:48:15,882 basehttp 2824 6336 "GET /admin/shop/product/ HTTP/1.1" 200 26543
INFO 2026-01-07 11:48:16,196 basehttp 2824 6336 "GET /admin/jsi18n/ HTTP/1.1" 200 3342
INFO 2026-01-07 11:48:21,191 basehttp 2824 5872 "GET / HTTP/1.1" 200 46196
INFO 2026-01-07 11:49:04,651 basehttp 2824 7276 "GET /admin/shop/product/add/ HTTP/1.1" 200 27869
INFO 2026-01-07 11:49:04,982 basehttp 2824 7276 "GET /admin/jsi18n/ HTTP/1.1" 200 3342
INFO 2026-01-07 11:49:30,704 basehttp 2824 10404 "GET /admin/shop/category/add/?_to_field=id&_popup=1 HTTP/1.1" 200 8180
INFO 2026-01-07 11:49:30,863 basehttp 2824 10404 "GET /admin/jsi18n/ HTTP/1.1" 200 3342
INFO 2026-01-07 11:49:38,638 basehttp 2824 8596 "POST /admin/shop/category/add/?_to_field=id&_popup=1 HTTP/1.1" 200 8578
INFO 2026-01-07 11:49:39,152 basehttp 2824 8596 "GET /admin/jsi18n/ HTTP/1.1" 200 3342
INFO 2026-01-07 11:49:55,935 basehttp 2824 16892 "GET /admin/shop/category/add/?_to_field=id&_popup=1 HTTP/1.1" 200 8180
INFO 2026-01-07 11:49:56,351 basehttp 2824 16892 "GET /admin/jsi18n/ HTTP/1.1" 200 3342
INFO 2026-01-07 11:50:02,899 basehttp 2824 12768 "GET /admin/shop/brand/add/?_to_field=id&_popup=1 HTTP/1.1" 200 5227
INFO 2026-01-07 11:50:03,343 basehttp 2824 12768 "GET /admin/jsi18n/ HTTP/1.1" 200 3342
INFO 2026-01-07 11:50:08,071 basehttp 2824 12768 "POST /admin/shop/brand/add/?_to_field=id&_popup=1 HTTP/1.1" 200 325
INFO 2026-01-07 11:50:25,894 basehttp 2824 9396 "POST /admin/shop/product/add/ HTTP/1.1" 302 0
INFO 2026-01-07 11:50:26,286 basehttp 2824 9396 "GET /admin/shop/product/ HTTP/1.1" 200 27537
INFO 2026-01-07 11:50:26,575 basehttp 2824 9396 "GET /admin/jsi18n/ HTTP/1.1" 200 3342
INFO 2026-01-07 11:50:32,634 basehttp 2824 14480 "GET / HTTP/1.1" 200 48915
INFO 2026-01-07 11:50:45,195 basehttp 2824 404 "GET /?search=&price_max=5000 HTTP/1.1" 200 48915
INFO 2026-01-07 11:51:21,390 basehttp 2824 10036 "GET /admin/shop/product/add/ HTTP/1.1" 200 27905
INFO 2026-01-07 11:51:21,673 basehttp 2824 10036 "GET /admin/jsi18n/ HTTP/1.1" 200 3342
INFO 2026-01-07 11:51:41,496 basehttp 2824 1404 "GET /admin/shop/category/add/?_to_field=id&_popup=1 HTTP/1.1" 200 8180
INFO 2026-01-07 11:51:41,669 basehttp 2824 1404 "GET /admin/jsi18n/ HTTP/1.1" 200 3342
INFO 2026-01-07 11:51:50,696 basehttp 2824 13640 "POST /admin/shop/category/add/?_to_field=id&_popup=1 HTTP/1.1" 200 330
INFO 2026-01-07 11:51:53,604 basehttp 2824 16616 "GET /admin/shop/brand/add/?_to_field=id&_popup=1 HTTP/1.1" 200 5227
INFO 2026-01-07 11:51:53,845 basehttp 2824 16616 "GET /admin/jsi18n/ HTTP/1.1" 200 3342
INFO 2026-01-07 11:52:00,499 basehttp 2824 3416 "GET /admin/shop/brand/add/?_to_field=id&_popup=1 HTTP/1.1" 200 5227
INFO 2026-01-07 11:52:01,022 basehttp 2824 3416 "GET /admin/jsi18n/ HTTP/1.1" 200 3342
INFO 2026-01-07 11:52:05,450 basehttp 2824 13344 "POST /admin/shop/brand/add/?_to_field=id&_popup=1 HTTP/1.1" 200 326
INFO 2026-01-07 11:52:10,002 basehttp 2824 7868 "POST /admin/shop/product/add/ HTTP/1.1" 302 0
INFO 2026-01-07 11:52:10,246 basehttp 2824 7868 "GET /admin/shop/product/ HTTP/1.1" 200 28609
INFO 2026-01-07 11:52:10,461 basehttp 2824 7868 "GET /admin/jsi18n/ HTTP/1.1" 200 3342
INFO 2026-01-07 11:52:26,038 basehttp 2824 7692 "GET /?search=&price_max=5000 HTTP/1.1" 200 50973
INFO 2026-01-07 11:52:47,246 basehttp 2824 16388 "GET /?page=2&search=&price_max=5000 HTTP/1.1" 200 30796
INFO 2026-01-07 11:54:28,123 basehttp 2824 16668 "GET /?search=&price_max=1100 HTTP/1.1" 200 50973
INFO 2026-01-07 11:54:37,995 basehttp 2824 14084 "GET /?search=&price_max=500 HTTP/1.1" 200 50968
INFO 2026-01-07 11:54:50,081 basehttp 2824 5048 "GET /?search=&price_max=250 HTTP/1.1" 200 50968
INFO 2026-01-07 11:55:14,602 basehttp 2824 12776 "GET /?search=&price_max=250 HTTP/1.1" 200 50968
INFO 2026-01-07 11:55:46,807 basehttp 2824 16256 "GET / HTTP/1.1" 200 50927
INFO 2026-01-07 11:55:58,517 basehttp 2824 11372 "GET /?search=&category=8&price_max=5000 HTTP/1.1" 200 30323
ERROR 2026-01-07 11:56:31,843 log 2824 14720 Internal Server Error: /product/luna-weighted-silk-sleep-mask/
Traceback (most recent call last):
  File "C:\Users\Dell\AppData\Local\Programs\Python\Python312\Lib\site-packages\django\template\base.py", line 890, in _resolve_lookup
    raise TypeError
TypeError

During handling of the above exception, another exception occurred:

Traceback (most recent call last):
  File "C:\Users\Dell\AppData\Local\Programs\Python\Python312\Lib\site-packages\django\core\handlers\exception.py", line 55, in inner
    response = get_response(request)
               ^^^^^^^^^^^^^^^^^^^^^
  File "C:\Users\Dell\AppData\Local\Programs\Python\Python312\Lib\site-packages\django\core\handlers\base.py", line 197, in _get_response
    response = wrapped_callback(request, *callback_args, **callback_kwargs)
               ^^^^^^^^^^^^^^^^^^^^^^^^^^^^^^^^^^^^^^^^^^^^^^^^^^^^^^^^^^^^
  File "C:\Users\Dell\OneDrive\Desktop\git\ecom\ecommerce\ecommerce\shop\views.py", line 112, in product_detail
    return render(request, 'shop/product_detail.html', context)
           ^^^^^^^^^^^^^^^^^^^^^^^^^^^^^^^^^^^^^^^^^^^^^^^^^^^^
  File "C:\Users\Dell\AppData\Local\Programs\Python\Python312\Lib\site-packages\django\shortcuts.py", line 25, in render
    content = loader.render_to_string(template_name, context, request, using=using)
              ^^^^^^^^^^^^^^^^^^^^^^^^^^^^^^^^^^^^^^^^^^^^^^^^^^^^^^^^^^^^^^^^^^^^^
  File "C:\Users\Dell\AppData\Local\Programs\Python\Python312\Lib\site-packages\django\template\loader.py", line 62, in render_to_string
    return template.render(context, request)
           ^^^^^^^^^^^^^^^^^^^^^^^^^^^^^^^^^
  File "C:\Users\Dell\AppData\Local\Programs\Python\Python312\Lib\site-packages\django\template\backends\django.py", line 107, in render
    return self.template.render(context)
           ^^^^^^^^^^^^^^^^^^^^^^^^^^^^^
  File "C:\Users\Dell\AppData\Local\Programs\Python\Python312\Lib\site-packages\django\template\base.py", line 171, in render
    return self._render(context)
           ^^^^^^^^^^^^^^^^^^^^^
  File "C:\Users\Dell\AppData\Local\Programs\Python\Python312\Lib\site-packages\django\template\base.py", line 163, in _render
    return self.nodelist.render(context)
           ^^^^^^^^^^^^^^^^^^^^^^^^^^^^^
  File "C:\Users\Dell\AppData\Local\Programs\Python\Python312\Lib\site-packages\django\template\base.py", line 1016, in render
    return SafeString("".join([node.render_annotated(context) for node in self]))
                               ^^^^^^^^^^^^^^^^^^^^^^^^^^^^^^
  File "C:\Users\Dell\AppData\Local\Programs\Python\Python312\Lib\site-packages\django\template\base.py", line 977, in render_annotated
    return self.render(context)
           ^^^^^^^^^^^^^^^^^^^^
  File "C:\Users\Dell\AppData\Local\Programs\Python\Python312\Lib\site-packages\django\template\loader_tags.py", line 159, in render
    return compiled_parent._render(context)
           ^^^^^^^^^^^^^^^^^^^^^^^^^^^^^^^^
  File "C:\Users\Dell\AppData\Local\Programs\Python\Python312\Lib\site-packages\django\template\base.py", line 163, in _render
    return self.nodelist.render(context)
           ^^^^^^^^^^^^^^^^^^^^^^^^^^^^^
  File "C:\Users\Dell\AppData\Local\Programs\Python\Python312\Lib\site-packages\django\template\base.py", line 1016, in render
    return SafeString("".join([node.render_annotated(context) for node in self]))
                               ^^^^^^^^^^^^^^^^^^^^^^^^^^^^^^
  File "C:\Users\Dell\AppData\Local\Programs\Python\Python312\Lib\site-packages\django\template\base.py", line 977, in render_annotated
    return self.render(context)
           ^^^^^^^^^^^^^^^^^^^^
  File "C:\Users\Dell\AppData\Local\Programs\Python\Python312\Lib\site-packages\django\template\loader_tags.py", line 65, in render
    result = block.nodelist.render(context)
             ^^^^^^^^^^^^^^^^^^^^^^^^^^^^^^
  File "C:\Users\Dell\AppData\Local\Programs\Python\Python312\Lib\site-packages\django\template\base.py", line 1016, in render
    return SafeString("".join([node.render_annotated(context) for node in self]))
                               ^^^^^^^^^^^^^^^^^^^^^^^^^^^^^^
  File "C:\Users\Dell\AppData\Local\Programs\Python\Python312\Lib\site-packages\django\template\base.py", line 977, in render_annotated
    return self.render(context)
           ^^^^^^^^^^^^^^^^^^^^
  File "C:\Users\Dell\AppData\Local\Programs\Python\Python312\Lib\site-packages\django\template\base.py", line 1075, in render
    output = self.filter_expression.resolve(context)
             ^^^^^^^^^^^^^^^^^^^^^^^^^^^^^^^^^^^^^^^
  File "C:\Users\Dell\AppData\Local\Programs\Python\Python312\Lib\site-packages\django\template\base.py", line 722, in resolve
    obj = self.var.resolve(context)
          ^^^^^^^^^^^^^^^^^^^^^^^^^
  File "C:\Users\Dell\AppData\Local\Programs\Python\Python312\Lib\site-packages\django\template\base.py", line 854, in resolve
    value = self._resolve_lookup(context)
            ^^^^^^^^^^^^^^^^^^^^^^^^^^^^^
  File "C:\Users\Dell\AppData\Local\Programs\Python\Python312\Lib\site-packages\django\template\base.py", line 901, in _resolve_lookup
    current = getattr(current, bit)
              ^^^^^^^^^^^^^^^^^^^^^
  File "C:\Users\Dell\AppData\Local\Programs\Python\Python312\Lib\site-packages\django\db\models\fields\files.py", line 69, in url
    self._require_file()
  File "C:\Users\Dell\AppData\Local\Programs\Python\Python312\Lib\site-packages\django\db\models\fields\files.py", line 44, in _require_file
    raise ValueError(
ValueError: The 'image' attribute has no file associated with it.
ERROR 2026-01-07 11:56:31,890 basehttp 2824 14720 "GET /product/luna-weighted-silk-sleep-mask/ HTTP/1.1" 500 182128
INFO 2026-01-07 11:58:44,588 basehttp 2824 1408 "GET / HTTP/1.1" 200 50895
ERROR 2026-01-07 11:58:59,771 log 2824 3100 Internal Server Error: /product/nomad-20000mah-solar-power-bank/
Traceback (most recent call last):
  File "C:\Users\Dell\AppData\Local\Programs\Python\Python312\Lib\site-packages\django\template\base.py", line 890, in _resolve_lookup
    raise TypeError
TypeError

During handling of the above exception, another exception occurred:

Traceback (most recent call last):
  File "C:\Users\Dell\AppData\Local\Programs\Python\Python312\Lib\site-packages\django\core\handlers\exception.py", line 55, in inner
    response = get_response(request)
               ^^^^^^^^^^^^^^^^^^^^^
  File "C:\Users\Dell\AppData\Local\Programs\Python\Python312\Lib\site-packages\django\core\handlers\base.py", line 197, in _get_response
    response = wrapped_callback(request, *callback_args, **callback_kwargs)
               ^^^^^^^^^^^^^^^^^^^^^^^^^^^^^^^^^^^^^^^^^^^^^^^^^^^^^^^^^^^^
  File "C:\Users\Dell\OneDrive\Desktop\git\ecom\ecommerce\ecommerce\shop\views.py", line 112, in product_detail
    return render(request, 'shop/product_detail.html', context)
           ^^^^^^^^^^^^^^^^^^^^^^^^^^^^^^^^^^^^^^^^^^^^^^^^^^^^
  File "C:\Users\Dell\AppData\Local\Programs\Python\Python312\Lib\site-packages\django\shortcuts.py", line 25, in render
    content = loader.render_to_string(template_name, context, request, using=using)
              ^^^^^^^^^^^^^^^^^^^^^^^^^^^^^^^^^^^^^^^^^^^^^^^^^^^^^^^^^^^^^^^^^^^^^
  File "C:\Users\Dell\AppData\Local\Programs\Python\Python312\Lib\site-packages\django\template\loader.py", line 62, in render_to_string
    return template.render(context, request)
           ^^^^^^^^^^^^^^^^^^^^^^^^^^^^^^^^^
  File "C:\Users\Dell\AppData\Local\Programs\Python\Python312\Lib\site-packages\django\template\backends\django.py", line 107, in render
    return self.template.render(context)
           ^^^^^^^^^^^^^^^^^^^^^^^^^^^^^
  File "C:\Users\Dell\AppData\Local\Programs\Python\Python312\Lib\site-packages\django\template\base.py", line 171, in render
    return self._render(context)
           ^^^^^^^^^^^^^^^^^^^^^
  File "C:\Users\Dell\AppData\Local\Programs\Python\Python312\Lib\site-packages\django\template\base.py", line 163, in _render
    return self.nodelist.render(context)
           ^^^^^^^^^^^^^^^^^^^^^^^^^^^^^
  File "C:\Users\Dell\AppData\Local\Programs\Python\Python312\Lib\site-packages\django\template\base.py", line 1016, in render
    return SafeString("".join([node.render_annotated(context) for node in self]))
                               ^^^^^^^^^^^^^^^^^^^^^^^^^^^^^^
  File "C:\Users\Dell\AppData\Local\Programs\Python\Python312\Lib\site-packages\django\template\base.py", line 977, in render_annotated
    return self.render(context)
           ^^^^^^^^^^^^^^^^^^^^
  File "C:\Users\Dell\AppData\Local\Programs\Python\Python312\Lib\site-packages\django\template\loader_tags.py", line 159, in render
    return compiled_parent._render(context)
           ^^^^^^^^^^^^^^^^^^^^^^^^^^^^^^^^
  File "C:\Users\Dell\AppData\Local\Programs\Python\Python312\Lib\site-packages\django\template\base.py", line 163, in _render
    return self.nodelist.render(context)
           ^^^^^^^^^^^^^^^^^^^^^^^^^^^^^
  File "C:\Users\Dell\AppData\Local\Programs\Python\Python312\Lib\site-packages\django\template\base.py", line 1016, in render
    return SafeString("".join([node.render_annotated(context) for node in self]))
                               ^^^^^^^^^^^^^^^^^^^^^^^^^^^^^^
  File "C:\Users\Dell\AppData\Local\Programs\Python\Python312\Lib\site-packages\django\template\base.py", line 977, in render_annotated
    return self.render(context)
           ^^^^^^^^^^^^^^^^^^^^
  File "C:\Users\Dell\AppData\Local\Programs\Python\Python312\Lib\site-packages\django\template\loader_tags.py", line 65, in render
    result = block.nodelist.render(context)
             ^^^^^^^^^^^^^^^^^^^^^^^^^^^^^^
  File "C:\Users\Dell\AppData\Local\Programs\Python\Python312\Lib\site-packages\django\template\base.py", line 1016, in render
    return SafeString("".join([node.render_annotated(context) for node in self]))
                               ^^^^^^^^^^^^^^^^^^^^^^^^^^^^^^
  File "C:\Users\Dell\AppData\Local\Programs\Python\Python312\Lib\site-packages\django\template\base.py", line 977, in render_annotated
    return self.render(context)
           ^^^^^^^^^^^^^^^^^^^^
  File "C:\Users\Dell\AppData\Local\Programs\Python\Python312\Lib\site-packages\django\template\base.py", line 1075, in render
    output = self.filter_expression.resolve(context)
             ^^^^^^^^^^^^^^^^^^^^^^^^^^^^^^^^^^^^^^^
  File "C:\Users\Dell\AppData\Local\Programs\Python\Python312\Lib\site-packages\django\template\base.py", line 722, in resolve
    obj = self.var.resolve(context)
          ^^^^^^^^^^^^^^^^^^^^^^^^^
  File "C:\Users\Dell\AppData\Local\Programs\Python\Python312\Lib\site-packages\django\template\base.py", line 854, in resolve
    value = self._resolve_lookup(context)
            ^^^^^^^^^^^^^^^^^^^^^^^^^^^^^
  File "C:\Users\Dell\AppData\Local\Programs\Python\Python312\Lib\site-packages\django\template\base.py", line 901, in _resolve_lookup
    current = getattr(current, bit)
              ^^^^^^^^^^^^^^^^^^^^^
  File "C:\Users\Dell\AppData\Local\Programs\Python\Python312\Lib\site-packages\django\db\models\fields\files.py", line 69, in url
    self._require_file()
  File "C:\Users\Dell\AppData\Local\Programs\Python\Python312\Lib\site-packages\django\db\models\fields\files.py", line 44, in _require_file
    raise ValueError(
ValueError: The 'image' attribute has no file associated with it.
ERROR 2026-01-07 11:58:59,781 basehttp 2824 3100 "GET /product/nomad-20000mah-solar-power-bank/ HTTP/1.1" 500 183628
INFO 2026-01-07 12:04:02,895 basehttp 2824 5728 "GET /product/nomad-20000mah-solar-power-bank/ HTTP/1.1" 200 21886
INFO 2026-01-07 12:04:21,110 basehttp 2824 14784 "GET /product/terra-hand-painted-ceramic-plant-pot/ HTTP/1.1" 200 19996
INFO 2026-01-07 12:04:29,892 basehttp 2824 16524 "GET /product/soundscape-pro-active-noise-canceling-headphones/ HTTP/1.1" 200 22285
INFO 2026-01-07 12:04:29,978 basehttp 2824 16524 "GET /media/products/picture-speaker-that-has-picture-speaker-it_1230457-49114.avif HTTP/1.1" 304 0
INFO 2026-01-07 12:04:42,228 basehttp 2824 2768 "GET /product/nomad-20000mah-solar-power-bank/ HTTP/1.1" 200 21886
INFO 2026-01-07 12:05:08,659 basehttp 2824 13472 "GET /?search=&price_max=5000&available_only=on HTTP/1.1" 200 45078
INFO 2026-01-07 12:05:19,039 basehttp 2824 14124 "GET /product/nomad-20000mah-solar-power-bank/ HTTP/1.1" 200 21886
INFO 2026-01-07 12:07:07,142 basehttp 2824 8244 "GET /admin/dashboard/ HTTP/1.1" 200 32534
INFO 2026-01-07 12:07:43,906 basehttp 2824 13800 "GET /admin/shop/product/ HTTP/1.1" 200 28380
INFO 2026-01-07 12:07:44,268 basehttp 2824 13800 "GET /admin/jsi18n/ HTTP/1.1" 200 3342
INFO 2026-01-07 12:07:47,966 basehttp 2824 13800 "GET /admin/shop/product/9/change/ HTTP/1.1" 200 28702
INFO 2026-01-07 12:07:48,995 basehttp 2824 13800 "GET /admin/jsi18n/ HTTP/1.1" 200 3342
INFO 2026-01-07 12:09:06,599 basehttp 2824 13680 "POST /admin/shop/product/9/change/ HTTP/1.1" 302 0
INFO 2026-01-07 12:09:09,610 basehttp 2824 13680 "GET /admin/shop/product/ HTTP/1.1" 200 28606
INFO 2026-01-07 12:09:12,462 basehttp 2824 13680 "GET /admin/jsi18n/ HTTP/1.1" 200 3342
INFO 2026-01-07 12:09:33,143 basehttp 2824 10004 "GET /admin/shop/product/ HTTP/1.1" 200 28380
INFO 2026-01-07 12:09:42,596 basehttp 2824 8444 "GET / HTTP/1.1" 200 50847
INFO 2026-01-07 12:09:43,279 basehttp 2824 6104 "GET /media/products/81yWTgGQkEL.jpg HTTP/1.1" 200 472488
INFO 2026-01-07 12:09:52,462 basehttp 2824 15004 "GET /product/nomad-20000mah-solar-power-bank/ HTTP/1.1" 200 22102
INFO 2026-01-07 12:09:52,528 basehttp 2824 15004 "GET /media/products/81yWTgGQkEL.jpg HTTP/1.1" 304 0
INFO 2026-01-07 12:09:52,563 basehttp 2824 13640 "GET /media/products/images.jfif HTTP/1.1" 200 9877
INFO 2026-01-07 12:09:52,715 basehttp 2824 15004 "GET /media/products/715OZEycQLL-785x1024.jpg HTTP/1.1" 200 105402
INFO 2026-01-07 12:10:46,756 basehttp 2824 14596 "GET /product/nomad-20000mah-solar-power-bank/ HTTP/1.1" 200 22102
INFO 2026-01-07 12:10:46,811 basehttp 2824 5416 "GET /media/products/715OZEycQLL-785x1024.jpg HTTP/1.1" 304 0
INFO 2026-01-07 12:10:46,813 basehttp 2824 14596 "GET /media/products/81yWTgGQkEL.jpg HTTP/1.1" 304 0
INFO 2026-01-07 12:10:46,827 basehttp 2824 14596 "GET /media/products/images.jfif HTTP/1.1" 304 0
INFO 2026-01-07 12:10:59,741 basehttp 2824 12460 "GET /product/terra-hand-painted-ceramic-plant-pot/ HTTP/1.1" 200 19996
INFO 2026-01-07 12:11:19,650 basehttp 2824 10932 "GET /admin/dashboard/ HTTP/1.1" 200 32534
INFO 2026-01-07 12:11:22,550 basehttp 2824 10932 "GET /admin/shop/product/10/change/ HTTP/1.1" 200 28603
INFO 2026-01-07 12:11:23,149 basehttp 2824 10932 "GET /admin/jsi18n/ HTTP/1.1" 200 3342
INFO 2026-01-07 12:11:42,467 basehttp 2824 14812 "POST /admin/shop/product/10/change/ HTTP/1.1" 302 0
INFO 2026-01-07 12:11:42,751 basehttp 2824 14812 "GET /admin/shop/product/ HTTP/1.1" 200 28620
INFO 2026-01-07 12:11:43,018 basehttp 2824 14812 "GET /admin/jsi18n/ HTTP/1.1" 200 3342
INFO 2026-01-07 12:12:43,289 basehttp 2824 2108 "POST /admin/shop/product/ HTTP/1.1" 302 0
INFO 2026-01-07 12:12:43,580 basehttp 2824 2108 "GET /admin/shop/product/ HTTP/1.1" 200 28541
INFO 2026-01-07 12:12:43,788 basehttp 2824 2108 "GET /admin/jsi18n/ HTTP/1.1" 200 3342
INFO 2026-01-07 12:13:02,517 basehttp 2824 5872 "GET / HTTP/1.1" 200 50841
INFO 2026-01-07 12:13:02,633 basehttp 2824 5872 "GET /media/products/81yWTgGQkEL.jpg HTTP/1.1" 304 0
INFO 2026-01-07 12:13:32,377 basehttp 2824 10832 "GET /?page=2 HTTP/1.1" 200 30718
INFO 2026-01-07 12:13:35,727 basehttp 2824 1488 "GET /?page=1 HTTP/1.1" 200 50841
INFO 2026-01-07 12:13:35,827 basehttp 2824 1488 "GET /media/products/81yWTgGQkEL.jpg HTTP/1.1" 304 0
INFO 2026-01-07 12:15:52,498 autoreload 2824 15224 C:\Users\Dell\OneDrive\Desktop\git\ecom\ecommerce\ecommerce\shop\models.py changed, reloading.
INFO 2026-01-07 12:15:58,055 autoreload 15880 16556 Watching for file changes with StatReloader
INFO 2026-01-07 12:16:20,040 basehttp 15880 5320 "GET /product/nomad-20000mah-solar-power-bank/ HTTP/1.1" 200 22102
INFO 2026-01-07 12:16:20,196 basehttp 15880 15424 "GET /media/products/715OZEycQLL-785x1024.jpg HTTP/1.1" 304 0
INFO 2026-01-07 12:16:20,197 basehttp 15880 5320 "GET /media/products/81yWTgGQkEL.jpg HTTP/1.1" 304 0
INFO 2026-01-07 12:16:20,243 basehttp 15880 5320 "GET /media/products/images.jfif HTTP/1.1" 304 0
INFO 2026-01-07 12:25:01,740 basehttp 15880 16740 "GET /product/soundscape-pro-active-noise-canceling-headphones/ HTTP/1.1" 200 22234
INFO 2026-01-07 12:25:01,820 basehttp 15880 16740 "GET /media/products/81yWTgGQkEL.jpg HTTP/1.1" 304 0
INFO 2026-01-07 12:25:45,984 basehttp 15880 16916 "GET /product/terra-hand-painted-ceramic-plant-pot/ HTTP/1.1" 200 21037
INFO 2026-01-07 12:27:16,872 basehttp 15880 5208 "GET /admin/shop/product/ HTTP/1.1" 200 28398
INFO 2026-01-07 12:27:29,613 basehttp 15880 5276 "GET /admin/dashboard/ HTTP/1.1" 200 31038
INFO 2026-01-07 12:27:43,928 basehttp 15880 13992 "GET /admin/shop/product/ HTTP/1.1" 200 28398
INFO 2026-01-07 12:27:44,302 basehttp 15880 13992 "GET /admin/jsi18n/ HTTP/1.1" 200 3342
INFO 2026-01-07 12:27:47,657 basehttp 15880 7884 "GET /admin/shop/product/10/change/ HTTP/1.1" 200 28612
INFO 2026-01-07 12:27:47,862 basehttp 15880 7884 "GET /admin/jsi18n/ HTTP/1.1" 200 3342
INFO 2026-01-07 12:28:24,983 basehttp 15880 2052 "POST /admin/shop/product/10/change/ HTTP/1.1" 302 0
INFO 2026-01-07 12:28:25,366 basehttp 15880 2052 "GET /admin/shop/product/ HTTP/1.1" 200 28629
INFO 2026-01-07 12:28:25,571 basehttp 15880 2052 "GET /admin/jsi18n/ HTTP/1.1" 200 3342
INFO 2026-01-07 12:28:36,725 basehttp 15880 12548 "GET / HTTP/1.1" 200 50855
INFO 2026-01-07 12:28:36,814 basehttp 15880 16604 "GET /media/products/81yWTgGQkEL.jpg HTTP/1.1" 304 0
INFO 2026-01-07 12:28:36,977 basehttp 15880 12548 "GET /media/products/811f3211-e00e-45cb-8fa6-10b9f5cee3df.__CR026816001200_PT0_SX600_V1___.jpg HTTP/1.1" 200 28185
INFO 2026-01-07 12:28:57,034 basehttp 15880 4708 "GET /product/terra-hand-painted-ceramic-plant-pot/ HTTP/1.1" 200 21406
INFO 2026-01-07 12:28:57,118 basehttp 15880 15796 "GET /media/products/811f3211-e00e-45cb-8fa6-10b9f5cee3df.__CR026816001200_PT0_SX600_V1___.jpg HTTP/1.1" 304 0
INFO 2026-01-07 12:28:57,139 basehttp 15880 4708 "GET /media/products/41F2RIahyuL.jpg HTTP/1.1" 200 30210
INFO 2026-01-07 12:28:57,182 basehttp 15880 15796 "GET /media/products/Simple-Hand-Painted-White-Round-Flower-Pot-Set-6.webp HTTP/1.1" 200 19450
INFO 2026-01-07 12:29:39,003 basehttp 15880 9620 "GET / HTTP/1.1" 200 50855
INFO 2026-01-07 12:29:39,140 basehttp 15880 9620 "GET /media/products/811f3211-e00e-45cb-8fa6-10b9f5cee3df.__CR026816001200_PT0_SX600_V1___.jpg HTTP/1.1" 304 0
INFO 2026-01-07 12:32:34,831 basehttp 15880 11336 "GET / HTTP/1.1" 200 51247
INFO 2026-01-07 12:32:34,987 basehttp 15880 11336 "GET /media/products/811f3211-e00e-45cb-8fa6-10b9f5cee3df.__CR026816001200_PT0_SX600_V1___.jpg HTTP/1.1" 304 0
INFO 2026-01-07 12:32:34,998 basehttp 15880 11336 "GET /media/products/81yWTgGQkEL.jpg HTTP/1.1" 304 0
INFO 2026-01-07 12:34:23,212 basehttp 15880 16956 "GET /?search=&price_max=200 HTTP/1.1" 200 51288
INFO 2026-01-07 12:34:23,323 basehttp 15880 16956 "GET /media/products/811f3211-e00e-45cb-8fa6-10b9f5cee3df.__CR026816001200_PT0_SX600_V1___.jpg HTTP/1.1" 304 0
INFO 2026-01-07 12:41:15,704 basehttp 15880 13900 "GET /product/luna-weighted-silk-sleep-mask/ HTTP/1.1" 200 20531
INFO 2026-01-07 12:41:36,440 basehttp 15880 1184 "GET /product/luna-weighted-silk-sleep-mask/ HTTP/1.1" 200 20531
ERROR 2026-01-07 12:47:00,067 log 15880 13348 Internal Server Error: /product/luna-weighted-silk-sleep-mask/
Traceback (most recent call last):
  File "C:\Users\Dell\AppData\Local\Programs\Python\Python312\Lib\site-packages\django\template\base.py", line 890, in _resolve_lookup
    raise TypeError
TypeError

During handling of the above exception, another exception occurred:

Traceback (most recent call last):
  File "C:\Users\Dell\AppData\Local\Programs\Python\Python312\Lib\site-packages\django\core\handlers\exception.py", line 55, in inner
    response = get_response(request)
               ^^^^^^^^^^^^^^^^^^^^^
  File "C:\Users\Dell\AppData\Local\Programs\Python\Python312\Lib\site-packages\django\core\handlers\base.py", line 197, in _get_response
    response = wrapped_callback(request, *callback_args, **callback_kwargs)
               ^^^^^^^^^^^^^^^^^^^^^^^^^^^^^^^^^^^^^^^^^^^^^^^^^^^^^^^^^^^^
  File "C:\Users\Dell\OneDrive\Desktop\git\ecom\ecommerce\ecommerce\shop\views.py", line 112, in product_detail
    return render(request, 'shop/product_detail.html', context)
           ^^^^^^^^^^^^^^^^^^^^^^^^^^^^^^^^^^^^^^^^^^^^^^^^^^^^
  File "C:\Users\Dell\AppData\Local\Programs\Python\Python312\Lib\site-packages\django\shortcuts.py", line 25, in render
    content = loader.render_to_string(template_name, context, request, using=using)
              ^^^^^^^^^^^^^^^^^^^^^^^^^^^^^^^^^^^^^^^^^^^^^^^^^^^^^^^^^^^^^^^^^^^^^
  File "C:\Users\Dell\AppData\Local\Programs\Python\Python312\Lib\site-packages\django\template\loader.py", line 62, in render_to_string
    return template.render(context, request)
           ^^^^^^^^^^^^^^^^^^^^^^^^^^^^^^^^^
  File "C:\Users\Dell\AppData\Local\Programs\Python\Python312\Lib\site-packages\django\template\backends\django.py", line 107, in render
    return self.template.render(context)
           ^^^^^^^^^^^^^^^^^^^^^^^^^^^^^
  File "C:\Users\Dell\AppData\Local\Programs\Python\Python312\Lib\site-packages\django\template\base.py", line 171, in render
    return self._render(context)
           ^^^^^^^^^^^^^^^^^^^^^
  File "C:\Users\Dell\AppData\Local\Programs\Python\Python312\Lib\site-packages\django\template\base.py", line 163, in _render
    return self.nodelist.render(context)
           ^^^^^^^^^^^^^^^^^^^^^^^^^^^^^
  File "C:\Users\Dell\AppData\Local\Programs\Python\Python312\Lib\site-packages\django\template\base.py", line 1016, in render
    return SafeString("".join([node.render_annotated(context) for node in self]))
                               ^^^^^^^^^^^^^^^^^^^^^^^^^^^^^^
  File "C:\Users\Dell\AppData\Local\Programs\Python\Python312\Lib\site-packages\django\template\base.py", line 977, in render_annotated
    return self.render(context)
           ^^^^^^^^^^^^^^^^^^^^
  File "C:\Users\Dell\AppData\Local\Programs\Python\Python312\Lib\site-packages\django\template\loader_tags.py", line 159, in render
    return compiled_parent._render(context)
           ^^^^^^^^^^^^^^^^^^^^^^^^^^^^^^^^
  File "C:\Users\Dell\AppData\Local\Programs\Python\Python312\Lib\site-packages\django\template\base.py", line 163, in _render
    return self.nodelist.render(context)
           ^^^^^^^^^^^^^^^^^^^^^^^^^^^^^
  File "C:\Users\Dell\AppData\Local\Programs\Python\Python312\Lib\site-packages\django\template\base.py", line 1016, in render
    return SafeString("".join([node.render_annotated(context) for node in self]))
                               ^^^^^^^^^^^^^^^^^^^^^^^^^^^^^^
  File "C:\Users\Dell\AppData\Local\Programs\Python\Python312\Lib\site-packages\django\template\base.py", line 977, in render_annotated
    return self.render(context)
           ^^^^^^^^^^^^^^^^^^^^
  File "C:\Users\Dell\AppData\Local\Programs\Python\Python312\Lib\site-packages\django\template\loader_tags.py", line 65, in render
    result = block.nodelist.render(context)
             ^^^^^^^^^^^^^^^^^^^^^^^^^^^^^^
  File "C:\Users\Dell\AppData\Local\Programs\Python\Python312\Lib\site-packages\django\template\base.py", line 1016, in render
    return SafeString("".join([node.render_annotated(context) for node in self]))
                               ^^^^^^^^^^^^^^^^^^^^^^^^^^^^^^
  File "C:\Users\Dell\AppData\Local\Programs\Python\Python312\Lib\site-packages\django\template\base.py", line 977, in render_annotated
    return self.render(context)
           ^^^^^^^^^^^^^^^^^^^^
  File "C:\Users\Dell\AppData\Local\Programs\Python\Python312\Lib\site-packages\django\template\base.py", line 1075, in render
    output = self.filter_expression.resolve(context)
             ^^^^^^^^^^^^^^^^^^^^^^^^^^^^^^^^^^^^^^^
  File "C:\Users\Dell\AppData\Local\Programs\Python\Python312\Lib\site-packages\django\template\base.py", line 722, in resolve
    obj = self.var.resolve(context)
          ^^^^^^^^^^^^^^^^^^^^^^^^^
  File "C:\Users\Dell\AppData\Local\Programs\Python\Python312\Lib\site-packages\django\template\base.py", line 854, in resolve
    value = self._resolve_lookup(context)
            ^^^^^^^^^^^^^^^^^^^^^^^^^^^^^
  File "C:\Users\Dell\AppData\Local\Programs\Python\Python312\Lib\site-packages\django\template\base.py", line 901, in _resolve_lookup
    current = getattr(current, bit)
              ^^^^^^^^^^^^^^^^^^^^^
  File "C:\Users\Dell\AppData\Local\Programs\Python\Python312\Lib\site-packages\django\db\models\fields\files.py", line 69, in url
    self._require_file()
  File "C:\Users\Dell\AppData\Local\Programs\Python\Python312\Lib\site-packages\django\db\models\fields\files.py", line 44, in _require_file
    raise ValueError(
ValueError: The 'image' attribute has no file associated with it.
ERROR 2026-01-07 12:47:00,092 basehttp 15880 13348 "GET /product/luna-weighted-silk-sleep-mask/ HTTP/1.1" 500 182196
INFO 2026-01-07 12:47:30,976 basehttp 15880 4784 "GET /cart/ HTTP/1.1" 200 17477
INFO 2026-01-07 13:03:37,485 basehttp 15880 7984 "GET /admin/shop/product/ HTTP/1.1" 200 28398
INFO 2026-01-07 14:16:21,564 autoreload 13216 13648 Watching for file changes with StatReloader
INFO 2026-01-07 14:16:32,292 basehttp 13216 5360 "GET / HTTP/1.1" 200 51247
INFO 2026-01-07 14:16:32,716 basehttp 13216 5360 "GET /static/css/style.css?v=1.2 HTTP/1.1" 304 0
INFO 2026-01-07 14:16:32,749 basehttp 13216 5360 "GET /media/products/811f3211-e00e-45cb-8fa6-10b9f5cee3df.__CR026816001200_PT0_SX600_V1___.jpg HTTP/1.1" 304 0
INFO 2026-01-07 14:16:32,768 basehttp 13216 5360 "GET /media/products/81yWTgGQkEL.jpg HTTP/1.1" 304 0
INFO 2026-01-07 14:16:32,788 basehttp 13216 5360 "GET /static/logo/placeholder.png HTTP/1.1" 304 0
INFO 2026-01-07 14:16:32,810 basehttp 13216 5360 "GET /static/js/ui-enhancements.js HTTP/1.1" 304 0
INFO 2026-01-07 14:16:32,820 basehttp 13216 5360 "GET /media/products/picture-speaker-that-has-picture-speaker-it_1230457-49114_1.avif HTTP/1.1" 304 0
INFO 2026-01-07 14:16:44,900 basehttp 13216 1260 "GET /product/terra-hand-painted-ceramic-plant-pot/ HTTP/1.1" 200 21372
INFO 2026-01-07 14:16:44,999 basehttp 13216 5476 "GET /media/products/Simple-Hand-Painted-White-Round-Flower-Pot-Set-6.webp HTTP/1.1" 304 0
INFO 2026-01-07 14:16:44,999 basehttp 13216 1260 "GET /media/products/41F2RIahyuL.jpg HTTP/1.1" 304 0
INFO 2026-01-07 14:25:37,661 basehttp 13216 15752 "GET / HTTP/1.1" 200 51261
INFO 2026-01-07 14:25:54,043 basehttp 13216 4028 "GET /?search=&price_max=500 HTTP/1.1" 200 51302
INFO 2026-01-07 14:26:03,362 basehttp 13216 15152 "GET /?search=&price_max=350 HTTP/1.1" 200 51302
ERROR 2026-01-07 14:26:17,075 log 13216 11048 Internal Server Error: /
Traceback (most recent call last):
  File "C:\Users\Dell\AppData\Local\Programs\Python\Python312\Lib\site-packages\django\core\handlers\exception.py", line 55, in inner
    response = get_response(request)
               ^^^^^^^^^^^^^^^^^^^^^
  File "C:\Users\Dell\AppData\Local\Programs\Python\Python312\Lib\site-packages\django\core\handlers\base.py", line 197, in _get_response
    response = wrapped_callback(request, *callback_args, **callback_kwargs)
               ^^^^^^^^^^^^^^^^^^^^^^^^^^^^^^^^^^^^^^^^^^^^^^^^^^^^^^^^^^^^
  File "C:\Users\Dell\OneDrive\Desktop\git\ecom\ecommerce\ecommerce\shop\views.py", line 53, in product_list
    products = products.filter(brand=brand)
               ^^^^^^^^^^^^^^^^^^^^^^^^^^^^
  File "C:\Users\Dell\AppData\Local\Programs\Python\Python312\Lib\site-packages\django\db\models\query.py", line 1493, in filter
    return self._filter_or_exclude(False, args, kwargs)
           ^^^^^^^^^^^^^^^^^^^^^^^^^^^^^^^^^^^^^^^^^^^^
  File "C:\Users\Dell\AppData\Local\Programs\Python\Python312\Lib\site-packages\django\db\models\query.py", line 1511, in _filter_or_exclude
    clone._filter_or_exclude_inplace(negate, args, kwargs)
  File "C:\Users\Dell\AppData\Local\Programs\Python\Python312\Lib\site-packages\django\db\models\query.py", line 1518, in _filter_or_exclude_inplace
    self._query.add_q(Q(*args, **kwargs))
  File "C:\Users\Dell\AppData\Local\Programs\Python\Python312\Lib\site-packages\django\db\models\sql\query.py", line 1646, in add_q
    clause, _ = self._add_q(q_object, can_reuse)
                ^^^^^^^^^^^^^^^^^^^^^^^^^^^^^^^^
  File "C:\Users\Dell\AppData\Local\Programs\Python\Python312\Lib\site-packages\django\db\models\sql\query.py", line 1678, in _add_q
    child_clause, needed_inner = self.build_filter(
                                 ^^^^^^^^^^^^^^^^^^
  File "C:\Users\Dell\AppData\Local\Programs\Python\Python312\Lib\site-packages\django\db\models\sql\query.py", line 1588, in build_filter
    condition = self.build_lookup(lookups, col, value)
                ^^^^^^^^^^^^^^^^^^^^^^^^^^^^^^^^^^^^^^
  File "C:\Users\Dell\AppData\Local\Programs\Python\Python312\Lib\site-packages\django\db\models\sql\query.py", line 1415, in build_lookup
    lookup = lookup_class(lhs, rhs)
             ^^^^^^^^^^^^^^^^^^^^^^
  File "C:\Users\Dell\AppData\Local\Programs\Python\Python312\Lib\site-packages\django\db\models\lookups.py", line 38, in __init__
    self.rhs = self.get_prep_lookup()
               ^^^^^^^^^^^^^^^^^^^^^^
  File "C:\Users\Dell\AppData\Local\Programs\Python\Python312\Lib\site-packages\django\db\models\fields\related_lookups.py", line 114, in get_prep_lookup
    return super().get_prep_lookup()
           ^^^^^^^^^^^^^^^^^^^^^^^^^
  File "C:\Users\Dell\AppData\Local\Programs\Python\Python312\Lib\site-packages\django\db\models\lookups.py", line 397, in get_prep_lookup
    raise ValueError(
ValueError: The QuerySet value for an exact lookup must be limited to one result using slicing.
ERROR 2026-01-07 14:26:17,091 basehttp 13216 11048 "GET /?search=&brand=4&price_max=350 HTTP/1.1" 500 125758
WARNING 2026-01-07 14:26:17,497 basehttp 13216 11048 "GET /favicon.ico HTTP/1.1" 404 6189
INFO 2026-01-07 14:26:24,112 basehttp 13216 13064 "GET / HTTP/1.1" 200 51261
ERROR 2026-01-07 14:26:33,172 log 13216 15680 Internal Server Error: /
Traceback (most recent call last):
  File "C:\Users\Dell\AppData\Local\Programs\Python\Python312\Lib\site-packages\django\core\handlers\exception.py", line 55, in inner
    response = get_response(request)
               ^^^^^^^^^^^^^^^^^^^^^
  File "C:\Users\Dell\AppData\Local\Programs\Python\Python312\Lib\site-packages\django\core\handlers\base.py", line 197, in _get_response
    response = wrapped_callback(request, *callback_args, **callback_kwargs)
               ^^^^^^^^^^^^^^^^^^^^^^^^^^^^^^^^^^^^^^^^^^^^^^^^^^^^^^^^^^^^
  File "C:\Users\Dell\OneDrive\Desktop\git\ecom\ecommerce\ecommerce\shop\views.py", line 53, in product_list
    products = products.filter(brand=brand)
               ^^^^^^^^^^^^^^^^^^^^^^^^^^^^
  File "C:\Users\Dell\AppData\Local\Programs\Python\Python312\Lib\site-packages\django\db\models\query.py", line 1493, in filter
    return self._filter_or_exclude(False, args, kwargs)
           ^^^^^^^^^^^^^^^^^^^^^^^^^^^^^^^^^^^^^^^^^^^^
  File "C:\Users\Dell\AppData\Local\Programs\Python\Python312\Lib\site-packages\django\db\models\query.py", line 1511, in _filter_or_exclude
    clone._filter_or_exclude_inplace(negate, args, kwargs)
  File "C:\Users\Dell\AppData\Local\Programs\Python\Python312\Lib\site-packages\django\db\models\query.py", line 1518, in _filter_or_exclude_inplace
    self._query.add_q(Q(*args, **kwargs))
  File "C:\Users\Dell\AppData\Local\Programs\Python\Python312\Lib\site-packages\django\db\models\sql\query.py", line 1646, in add_q
    clause, _ = self._add_q(q_object, can_reuse)
                ^^^^^^^^^^^^^^^^^^^^^^^^^^^^^^^^
  File "C:\Users\Dell\AppData\Local\Programs\Python\Python312\Lib\site-packages\django\db\models\sql\query.py", line 1678, in _add_q
    child_clause, needed_inner = self.build_filter(
                                 ^^^^^^^^^^^^^^^^^^
  File "C:\Users\Dell\AppData\Local\Programs\Python\Python312\Lib\site-packages\django\db\models\sql\query.py", line 1588, in build_filter
    condition = self.build_lookup(lookups, col, value)
                ^^^^^^^^^^^^^^^^^^^^^^^^^^^^^^^^^^^^^^
  File "C:\Users\Dell\AppData\Local\Programs\Python\Python312\Lib\site-packages\django\db\models\sql\query.py", line 1415, in build_lookup
    lookup = lookup_class(lhs, rhs)
             ^^^^^^^^^^^^^^^^^^^^^^
  File "C:\Users\Dell\AppData\Local\Programs\Python\Python312\Lib\site-packages\django\db\models\lookups.py", line 38, in __init__
    self.rhs = self.get_prep_lookup()
               ^^^^^^^^^^^^^^^^^^^^^^
  File "C:\Users\Dell\AppData\Local\Programs\Python\Python312\Lib\site-packages\django\db\models\fields\related_lookups.py", line 114, in get_prep_lookup
    return super().get_prep_lookup()
           ^^^^^^^^^^^^^^^^^^^^^^^^^
  File "C:\Users\Dell\AppData\Local\Programs\Python\Python312\Lib\site-packages\django\db\models\lookups.py", line 397, in get_prep_lookup
    raise ValueError(
ValueError: The QuerySet value for an exact lookup must be limited to one result using slicing.
ERROR 2026-01-07 14:26:33,175 basehttp 13216 15680 "GET /?search=&brand=3&price_max=5000 HTTP/1.1" 500 125771
INFO 2026-01-07 14:27:48,755 autoreload 13216 13648 C:\Users\Dell\OneDrive\Desktop\git\ecom\ecommerce\ecommerce\shop\views.py changed, reloading.
INFO 2026-01-07 14:27:55,818 autoreload 11600 9544 Watching for file changes with StatReloader
INFO 2026-01-07 14:28:01,315 autoreload 11600 9544 C:\Users\Dell\OneDrive\Desktop\git\ecom\ecommerce\ecommerce\shop\forms.py changed, reloading.
INFO 2026-01-07 14:28:05,054 autoreload 7148 584 Watching for file changes with StatReloader
INFO 2026-01-07 14:29:12,902 basehttp 7148 15548 "GET /?search=&brand=3&price_max=5000 HTTP/1.1" 200 30555
INFO 2026-01-07 14:29:23,696 basehttp 7148 2924 "GET /?search=&brand=4&price_max=5000 HTTP/1.1" 200 30503
INFO 2026-01-07 14:29:32,437 basehttp 7148 9888 "GET /?search=&brand=6&price_max=5000 HTTP/1.1" 200 30922
INFO 2026-01-07 14:29:48,774 basehttp 7148 10524 "GET / HTTP/1.1" 200 51433
INFO 2026-01-07 14:29:48,839 basehttp 7148 10524 "GET /media/products/81yWTgGQkEL.jpg HTTP/1.1" 304 0
INFO 2026-01-07 14:29:48,840 basehttp 7148 14008 "GET /media/products/811f3211-e00e-45cb-8fa6-10b9f5cee3df.__CR026816001200_PT0_SX600_V1___.jpg HTTP/1.1" 304 0
INFO 2026-01-07 14:30:01,808 basehttp 7148 6992 "GET /?search=philips&price_max=5000 HTTP/1.1" 200 30518
INFO 2026-01-07 14:31:09,151 basehttp 7148 11972 "GET /product/nomad-20000mah-solar-power-bank/ HTTP/1.1" 200 22143
INFO 2026-01-07 14:31:09,212 basehttp 7148 11972 "GET /media/products/715OZEycQLL-785x1024.jpg HTTP/1.1" 304 0
INFO 2026-01-07 14:31:09,212 basehttp 7148 9544 "GET /media/products/images.jfif HTTP/1.1" 304 0
INFO 2026-01-07 14:31:19,023 basehttp 7148 6336 "POST /cart/add/9/ HTTP/1.1" 302 0
INFO 2026-01-07 14:31:19,228 basehttp 7148 6336 "GET /cart/ HTTP/1.1" 200 20877
INFO 2026-01-07 14:33:21,992 basehttp 7148 8876 "POST /cart/add/9/ HTTP/1.1" 302 0
INFO 2026-01-07 14:33:22,122 basehttp 7148 8876 "GET /cart/ HTTP/1.1" 200 20877
INFO 2026-01-07 14:33:25,930 logging 7148 8876 Starting checkout
INFO 2026-01-07 14:33:26,010 logging 7148 8876 Completed checkout successfully
INFO 2026-01-07 14:33:26,012 basehttp 7148 8876 "GET /checkout/ HTTP/1.1" 200 24425
INFO 2026-01-07 14:48:54,242 logging 7148 2156 Starting checkout
INFO 2026-01-07 14:48:54,477 logging 7148 2156 Completed checkout successfully
INFO 2026-01-07 14:48:54,481 basehttp 7148 2156 "GET /checkout/ HTTP/1.1" 200 24435
INFO 2026-01-07 14:49:27,462 logging 7148 16448 Starting checkout
INFO 2026-01-07 14:49:27,740 signals 7148 16448 Triggering notification for Order #5. Created: True, Status changed: False
INFO 2026-01-07 14:49:27,743 signals 7148 16448 Order #5 is new. Confirmation email should be handled by views/utils.
INFO 2026-01-07 14:49:27,790 signals 7148 16448 Triggering notification for Order #5. Created: False, Status changed: True
INFO 2026-01-07 14:49:27,792 signals 7148 16448 Sending status update email for Order #5 to krishnananbu99@gmail.com. New status: confirmed
INFO 2026-01-07 14:49:32,764 signals 7148 16448 Status update email sent successfully for Order #5
INFO 2026-01-07 14:49:32,793 order_processing 7148 16448 Order 5 validated and processed successfully
INFO 2026-01-07 14:49:32,815 logging 7148 16448 Completed checkout successfully
INFO 2026-01-07 14:49:32,824 basehttp 7148 16448 "POST /checkout/ HTTP/1.1" 302 0
INFO 2026-01-07 14:49:33,142 basehttp 7148 16448 "GET /order/confirmation/5/ HTTP/1.1" 200 19597
INFO 2026-01-07 14:50:20,189 basehttp 7148 4452 "GET /track-order/ HTTP/1.1" 200 18667
INFO 2026-01-07 14:51:33,367 basehttp 7148 5520 "POST /track-order/ HTTP/1.1" 200 26700
INFO 2026-01-07 14:55:50,185 basehttp 7148 5968 "POST /track-order/ HTTP/1.1" 200 26700
INFO 2026-01-07 14:56:26,492 basehttp 7148 16572 "POST /track-order/ HTTP/1.1" 200 26700
INFO 2026-01-07 14:56:33,494 basehttp 7148 16848 "POST /track-order/ HTTP/1.1" 200 26700
INFO 2026-01-07 14:58:58,276 basehttp 7148 11528 "POST /track-order/ HTTP/1.1" 200 26842
INFO 2026-01-07 15:03:42,893 autoreload 7148 584 C:\Users\Dell\OneDrive\Desktop\git\ecom\ecommerce\ecommerce\shop\views.py changed, reloading.
INFO 2026-01-07 15:03:47,870 autoreload 16568 9608 Watching for file changes with StatReloader
INFO 2026-01-07 15:05:51,598 basehttp 16568 1096 "POST /track-order/ HTTP/1.1" 200 26862
INFO 2026-01-07 15:23:41,983 basehttp 16568 12520 "GET /admin/dashboard/ HTTP/1.1" 200 31672
INFO 2026-01-07 15:23:48,787 basehttp 16568 8332 "GET /admin/shop/order/ HTTP/1.1" 200 27561
INFO 2026-01-07 15:23:49,278 basehttp 16568 8332 "GET /admin/jsi18n/ HTTP/1.1" 200 3342
INFO 2026-01-07 15:24:06,007 signals 16568 6000 Triggering notification for Order #5. Created: False, Status changed: True
INFO 2026-01-07 15:24:06,013 signals 16568 6000 Sending status update email for Order #5 to krishnananbu99@gmail.com. New status: shipped
INFO 2026-01-07 15:24:10,703 signals 16568 6000 Status update email sent successfully for Order #5
INFO 2026-01-07 15:24:10,750 basehttp 16568 6000 "POST /admin/shop/order/ HTTP/1.1" 302 0
INFO 2026-01-07 15:24:10,993 basehttp 16568 6000 "GET /admin/shop/order/ HTTP/1.1" 200 27700
INFO 2026-01-07 15:24:11,241 basehttp 16568 6000 "GET /admin/jsi18n/ HTTP/1.1" 200 3342
INFO 2026-01-07 15:24:24,797 basehttp 16568 8136 "GET / HTTP/1.1" 200 51433
INFO 2026-01-07 15:24:24,945 basehttp 16568 8136 "GET /media/products/811f3211-e00e-45cb-8fa6-10b9f5cee3df.__CR026816001200_PT0_SX600_V1___.jpg HTTP/1.1" 304 0
INFO 2026-01-07 15:24:24,981 basehttp 16568 8136 "GET /media/products/81yWTgGQkEL.jpg HTTP/1.1" 304 0
INFO 2026-01-07 15:24:32,057 basehttp 16568 13372 "GET /product/nomad-20000mah-solar-power-bank/ HTTP/1.1" 200 22143
INFO 2026-01-07 15:24:32,123 basehttp 16568 13372 "GET /media/products/images.jfif HTTP/1.1" 304 0
INFO 2026-01-07 15:24:32,125 basehttp 16568 8380 "GET /media/products/715OZEycQLL-785x1024.jpg HTTP/1.1" 304 0
INFO 2026-01-07 15:24:38,058 basehttp 16568 3840 "GET /orders/ HTTP/1.1" 200 16984
INFO 2026-01-07 15:25:12,045 basehttp 16568 15056 "GET /order/5/ HTTP/1.1" 200 21981
INFO 2026-01-07 15:26:09,403 basehttp 16568 4352 "GET /track-order/?order_number=UKMW8VDWCK HTTP/1.1" 200 26930
INFO 2026-01-07 15:26:57,770 basehttp 16568 3500 "GET /admin/dashboard/ HTTP/1.1" 200 31672
INFO 2026-01-07 15:27:02,353 basehttp 16568 16040 "GET /admin/shop/order/ HTTP/1.1" 200 27561
INFO 2026-01-07 15:27:02,699 basehttp 16568 16040 "GET /admin/jsi18n/ HTTP/1.1" 200 3342
INFO 2026-01-07 15:27:14,354 signals 16568 15476 Triggering notification for Order #5. Created: False, Status changed: True
INFO 2026-01-07 15:27:14,356 signals 16568 15476 Sending status update email for Order #5 to krishnananbu99@gmail.com. New status: delivered
INFO 2026-01-07 15:27:18,020 signals 16568 15476 Status update email sent successfully for Order #5
INFO 2026-01-07 15:27:20,906 basehttp 16568 15476 "POST /admin/shop/order/ HTTP/1.1" 302 0
INFO 2026-01-07 15:27:21,211 basehttp 16568 15476 "GET /admin/shop/order/ HTTP/1.1" 200 27700
INFO 2026-01-07 15:27:21,501 basehttp 16568 15476 "GET /admin/jsi18n/ HTTP/1.1" 200 3342
INFO 2026-01-07 15:27:34,230 basehttp 16568 12060 "GET / HTTP/1.1" 200 51433
INFO 2026-01-07 15:28:20,918 basehttp 16568 5640 "GET /orders/ HTTP/1.1" 200 16986
INFO 2026-01-07 15:28:32,741 basehttp 16568 10520 "GET /order/5/ HTTP/1.1" 200 21983
INFO 2026-01-07 15:28:38,099 basehttp 16568 1836 "GET /track-order/?order_number=UKMW8VDWCK HTTP/1.1" 200 27023
INFO 2026-01-07 15:29:46,636 basehttp 16568 17068 "GET /admin/dashboard/ HTTP/1.1" 200 31672
INFO 2026-01-07 15:30:05,962 basehttp 16568 9080 "GET /?page=2 HTTP/1.1" 200 30936
INFO 2026-01-07 15:30:12,693 basehttp 16568 7476 "GET /product/soundscape-pro-active-noise-canceling-headphones/ HTTP/1.1" 200 22275
INFO 2026-01-07 15:30:19,468 basehttp 16568 16132 "POST /cart/add/2/ HTTP/1.1" 302 0
INFO 2026-01-07 15:30:19,679 basehttp 16568 16132 "GET /cart/ HTTP/1.1" 200 20979
INFO 2026-01-07 15:31:08,278 basehttp 16568 12108 "GET /?search=&price_max=5000 HTTP/1.1" 200 51479
INFO 2026-01-07 15:31:14,348 basehttp 16568 5012 "GET /?search=&price_max=5000 HTTP/1.1" 200 51479
INFO 2026-01-07 15:31:22,059 basehttp 16568 11352 "GET /?search=&price_max=5000 HTTP/1.1" 200 51479
INFO 2026-01-07 15:31:25,927 basehttp 16568 15608 "GET /?search=&price_max=5000 HTTP/1.1" 200 51479
INFO 2026-01-07 15:36:54,991 basehttp 16568 10080 - Broken pipe from ('127.0.0.1', 51895)
INFO 2026-01-07 15:36:54,992 basehttp 16568 14972 - Broken pipe from ('127.0.0.1', 51887)
INFO 2026-01-07 15:36:55,018 basehttp 16568 16484 "GET /product/nomad-20000mah-solar-power-bank/ HTTP/1.1" 200 22143
ERROR 2026-01-07 15:37:26,210 log 16568 13532 Internal Server Error: /
Traceback (most recent call last):
  File "C:\Users\Dell\AppData\Local\Programs\Python\Python312\Lib\site-packages\django\template\smartif.py", line 180, in translate_token
    op = OPERATORS[token]
         ~~~~~~~~~^^^^^^^
KeyError: "request.GET.sort_by=='price'"

During handling of the above exception, another exception occurred:

Traceback (most recent call last):
  File "C:\Users\Dell\AppData\Local\Programs\Python\Python312\Lib\site-packages\django\core\handlers\exception.py", line 55, in inner
    response = get_response(request)
               ^^^^^^^^^^^^^^^^^^^^^
  File "C:\Users\Dell\AppData\Local\Programs\Python\Python312\Lib\site-packages\django\core\handlers\base.py", line 197, in _get_response
    response = wrapped_callback(request, *callback_args, **callback_kwargs)
               ^^^^^^^^^^^^^^^^^^^^^^^^^^^^^^^^^^^^^^^^^^^^^^^^^^^^^^^^^^^^
  File "C:\Users\Dell\OneDrive\Desktop\git\ecom\ecommerce\ecommerce\shop\views.py", line 99, in product_list
    return render(request, 'shop/product_list.html', context)
           ^^^^^^^^^^^^^^^^^^^^^^^^^^^^^^^^^^^^^^^^^^^^^^^^^^
  File "C:\Users\Dell\AppData\Local\Programs\Python\Python312\Lib\site-packages\django\shortcuts.py", line 25, in render
    content = loader.render_to_string(template_name, context, request, using=using)
              ^^^^^^^^^^^^^^^^^^^^^^^^^^^^^^^^^^^^^^^^^^^^^^^^^^^^^^^^^^^^^^^^^^^^^
  File "C:\Users\Dell\AppData\Local\Programs\Python\Python312\Lib\site-packages\django\template\loader.py", line 61, in render_to_string
    template = get_template(template_name, using=using)
               ^^^^^^^^^^^^^^^^^^^^^^^^^^^^^^^^^^^^^^^^
  File "C:\Users\Dell\AppData\Local\Programs\Python\Python312\Lib\site-packages\django\template\loader.py", line 15, in get_template
    return engine.get_template(template_name)
           ^^^^^^^^^^^^^^^^^^^^^^^^^^^^^^^^^^
  File "C:\Users\Dell\AppData\Local\Programs\Python\Python312\Lib\site-packages\django\template\backends\django.py", line 79, in get_template
    return Template(self.engine.get_template(template_name), self)
                    ^^^^^^^^^^^^^^^^^^^^^^^^^^^^^^^^^^^^^^^
  File "C:\Users\Dell\AppData\Local\Programs\Python\Python312\Lib\site-packages\django\template\engine.py", line 177, in get_template
    template, origin = self.find_template(template_name)
                       ^^^^^^^^^^^^^^^^^^^^^^^^^^^^^^^^^
  File "C:\Users\Dell\AppData\Local\Programs\Python\Python312\Lib\site-packages\django\template\engine.py", line 159, in find_template
    template = loader.get_template(name, skip=skip)
               ^^^^^^^^^^^^^^^^^^^^^^^^^^^^^^^^^^^^
  File "C:\Users\Dell\AppData\Local\Programs\Python\Python312\Lib\site-packages\django\template\loaders\cached.py", line 57, in get_template
    template = super().get_template(template_name, skip)
               ^^^^^^^^^^^^^^^^^^^^^^^^^^^^^^^^^^^^^^^^^
  File "C:\Users\Dell\AppData\Local\Programs\Python\Python312\Lib\site-packages\django\template\loaders\base.py", line 28, in get_template
    return Template(
           ^^^^^^^^^
  File "C:\Users\Dell\AppData\Local\Programs\Python\Python312\Lib\site-packages\django\template\base.py", line 154, in __init__
    self.nodelist = self.compile_nodelist()
                    ^^^^^^^^^^^^^^^^^^^^^^^
  File "C:\Users\Dell\AppData\Local\Programs\Python\Python312\Lib\site-packages\django\template\base.py", line 196, in compile_nodelist
    nodelist = parser.parse()
               ^^^^^^^^^^^^^^
  File "C:\Users\Dell\AppData\Local\Programs\Python\Python312\Lib\site-packages\django\template\base.py", line 518, in parse
    raise self.error(token, e)
  File "C:\Users\Dell\AppData\Local\Programs\Python\Python312\Lib\site-packages\django\template\base.py", line 516, in parse
    compiled_result = compile_func(self, token)
                      ^^^^^^^^^^^^^^^^^^^^^^^^^
  File "C:\Users\Dell\AppData\Local\Programs\Python\Python312\Lib\site-packages\django\template\loader_tags.py", line 299, in do_extends
    nodelist = parser.parse()
               ^^^^^^^^^^^^^^
  File "C:\Users\Dell\AppData\Local\Programs\Python\Python312\Lib\site-packages\django\template\base.py", line 518, in parse
    raise self.error(token, e)
  File "C:\Users\Dell\AppData\Local\Programs\Python\Python312\Lib\site-packages\django\template\base.py", line 516, in parse
    compiled_result = compile_func(self, token)
                      ^^^^^^^^^^^^^^^^^^^^^^^^^
  File "C:\Users\Dell\AppData\Local\Programs\Python\Python312\Lib\site-packages\django\template\loader_tags.py", line 234, in do_block
    nodelist = parser.parse(("endblock",))
               ^^^^^^^^^^^^^^^^^^^^^^^^^^^
  File "C:\Users\Dell\AppData\Local\Programs\Python\Python312\Lib\site-packages\django\template\base.py", line 518, in parse
    raise self.error(token, e)
  File "C:\Users\Dell\AppData\Local\Programs\Python\Python312\Lib\site-packages\django\template\base.py", line 516, in parse
    compiled_result = compile_func(self, token)
                      ^^^^^^^^^^^^^^^^^^^^^^^^^
  File "C:\Users\Dell\AppData\Local\Programs\Python\Python312\Lib\site-packages\django\template\defaulttags.py", line 961, in do_if
    condition = TemplateIfParser(parser, bits).parse()
                ^^^^^^^^^^^^^^^^^^^^^^^^^^^^^^
  File "C:\Users\Dell\AppData\Local\Programs\Python\Python312\Lib\site-packages\django\template\defaulttags.py", line 894, in __init__
    super().__init__(*args, **kwargs)
  File "C:\Users\Dell\AppData\Local\Programs\Python\Python312\Lib\site-packages\django\template\smartif.py", line 171, in __init__
    mapped_tokens.append(self.translate_token(token))
                         ^^^^^^^^^^^^^^^^^^^^^^^^^^^
  File "C:\Users\Dell\AppData\Local\Programs\Python\Python312\Lib\site-packages\django\template\smartif.py", line 182, in translate_token
    return self.create_var(token)
           ^^^^^^^^^^^^^^^^^^^^^^
  File "C:\Users\Dell\AppData\Local\Programs\Python\Python312\Lib\site-packages\django\template\defaulttags.py", line 897, in create_var
    return TemplateLiteral(self.template_parser.compile_filter(value), value)
                           ^^^^^^^^^^^^^^^^^^^^^^^^^^^^^^^^^^^^^^^^^^
  File "C:\Users\Dell\AppData\Local\Programs\Python\Python312\Lib\site-packages\django\template\base.py", line 609, in compile_filter
    return FilterExpression(token, self)
           ^^^^^^^^^^^^^^^^^^^^^^^^^^^^^
  File "C:\Users\Dell\AppData\Local\Programs\Python\Python312\Lib\site-packages\django\template\base.py", line 710, in __init__
    raise TemplateSyntaxError(
django.template.exceptions.TemplateSyntaxError: Could not parse the remainder: '=='price'' from 'request.GET.sort_by=='price''
ERROR 2026-01-07 15:37:26,241 basehttp 16568 13532 "GET /?search=&price_max=5000 HTTP/1.1" 500 307255
ERROR 2026-01-07 15:39:31,726 log 16568 8920 Internal Server Error: /
Traceback (most recent call last):
  File "C:\Users\Dell\AppData\Local\Programs\Python\Python312\Lib\site-packages\django\template\smartif.py", line 180, in translate_token
    op = OPERATORS[token]
         ~~~~~~~~~^^^^^^^
KeyError: "request.GET.sort_by=='price'"

During handling of the above exception, another exception occurred:

Traceback (most recent call last):
  File "C:\Users\Dell\AppData\Local\Programs\Python\Python312\Lib\site-packages\django\core\handlers\exception.py", line 55, in inner
    response = get_response(request)
               ^^^^^^^^^^^^^^^^^^^^^
  File "C:\Users\Dell\AppData\Local\Programs\Python\Python312\Lib\site-packages\django\core\handlers\base.py", line 197, in _get_response
    response = wrapped_callback(request, *callback_args, **callback_kwargs)
               ^^^^^^^^^^^^^^^^^^^^^^^^^^^^^^^^^^^^^^^^^^^^^^^^^^^^^^^^^^^^
  File "C:\Users\Dell\OneDrive\Desktop\git\ecom\ecommerce\ecommerce\shop\views.py", line 99, in product_list
    return render(request, 'shop/product_list.html', context)
           ^^^^^^^^^^^^^^^^^^^^^^^^^^^^^^^^^^^^^^^^^^^^^^^^^^
  File "C:\Users\Dell\AppData\Local\Programs\Python\Python312\Lib\site-packages\django\shortcuts.py", line 25, in render
    content = loader.render_to_string(template_name, context, request, using=using)
              ^^^^^^^^^^^^^^^^^^^^^^^^^^^^^^^^^^^^^^^^^^^^^^^^^^^^^^^^^^^^^^^^^^^^^
  File "C:\Users\Dell\AppData\Local\Programs\Python\Python312\Lib\site-packages\django\template\loader.py", line 61, in render_to_string
    template = get_template(template_name, using=using)
               ^^^^^^^^^^^^^^^^^^^^^^^^^^^^^^^^^^^^^^^^
  File "C:\Users\Dell\AppData\Local\Programs\Python\Python312\Lib\site-packages\django\template\loader.py", line 15, in get_template
    return engine.get_template(template_name)
           ^^^^^^^^^^^^^^^^^^^^^^^^^^^^^^^^^^
  File "C:\Users\Dell\AppData\Local\Programs\Python\Python312\Lib\site-packages\django\template\backends\django.py", line 79, in get_template
    return Template(self.engine.get_template(template_name), self)
                    ^^^^^^^^^^^^^^^^^^^^^^^^^^^^^^^^^^^^^^^
  File "C:\Users\Dell\AppData\Local\Programs\Python\Python312\Lib\site-packages\django\template\engine.py", line 177, in get_template
    template, origin = self.find_template(template_name)
                       ^^^^^^^^^^^^^^^^^^^^^^^^^^^^^^^^^
  File "C:\Users\Dell\AppData\Local\Programs\Python\Python312\Lib\site-packages\django\template\engine.py", line 159, in find_template
    template = loader.get_template(name, skip=skip)
               ^^^^^^^^^^^^^^^^^^^^^^^^^^^^^^^^^^^^
  File "C:\Users\Dell\AppData\Local\Programs\Python\Python312\Lib\site-packages\django\template\loaders\cached.py", line 57, in get_template
    template = super().get_template(template_name, skip)
               ^^^^^^^^^^^^^^^^^^^^^^^^^^^^^^^^^^^^^^^^^
  File "C:\Users\Dell\AppData\Local\Programs\Python\Python312\Lib\site-packages\django\template\loaders\base.py", line 28, in get_template
    return Template(
           ^^^^^^^^^
  File "C:\Users\Dell\AppData\Local\Programs\Python\Python312\Lib\site-packages\django\template\base.py", line 154, in __init__
    self.nodelist = self.compile_nodelist()
                    ^^^^^^^^^^^^^^^^^^^^^^^
  File "C:\Users\Dell\AppData\Local\Programs\Python\Python312\Lib\site-packages\django\template\base.py", line 196, in compile_nodelist
    nodelist = parser.parse()
               ^^^^^^^^^^^^^^
  File "C:\Users\Dell\AppData\Local\Programs\Python\Python312\Lib\site-packages\django\template\base.py", line 518, in parse
    raise self.error(token, e)
  File "C:\Users\Dell\AppData\Local\Programs\Python\Python312\Lib\site-packages\django\template\base.py", line 516, in parse
    compiled_result = compile_func(self, token)
                      ^^^^^^^^^^^^^^^^^^^^^^^^^
  File "C:\Users\Dell\AppData\Local\Programs\Python\Python312\Lib\site-packages\django\template\loader_tags.py", line 299, in do_extends
    nodelist = parser.parse()
               ^^^^^^^^^^^^^^
  File "C:\Users\Dell\AppData\Local\Programs\Python\Python312\Lib\site-packages\django\template\base.py", line 518, in parse
    raise self.error(token, e)
  File "C:\Users\Dell\AppData\Local\Programs\Python\Python312\Lib\site-packages\django\template\base.py", line 516, in parse
    compiled_result = compile_func(self, token)
                      ^^^^^^^^^^^^^^^^^^^^^^^^^
  File "C:\Users\Dell\AppData\Local\Programs\Python\Python312\Lib\site-packages\django\template\loader_tags.py", line 234, in do_block
    nodelist = parser.parse(("endblock",))
               ^^^^^^^^^^^^^^^^^^^^^^^^^^^
  File "C:\Users\Dell\AppData\Local\Programs\Python\Python312\Lib\site-packages\django\template\base.py", line 518, in parse
    raise self.error(token, e)
  File "C:\Users\Dell\AppData\Local\Programs\Python\Python312\Lib\site-packages\django\template\base.py", line 516, in parse
    compiled_result = compile_func(self, token)
                      ^^^^^^^^^^^^^^^^^^^^^^^^^
  File "C:\Users\Dell\AppData\Local\Programs\Python\Python312\Lib\site-packages\django\template\defaulttags.py", line 961, in do_if
    condition = TemplateIfParser(parser, bits).parse()
                ^^^^^^^^^^^^^^^^^^^^^^^^^^^^^^
  File "C:\Users\Dell\AppData\Local\Programs\Python\Python312\Lib\site-packages\django\template\defaulttags.py", line 894, in __init__
    super().__init__(*args, **kwargs)
  File "C:\Users\Dell\AppData\Local\Programs\Python\Python312\Lib\site-packages\django\template\smartif.py", line 171, in __init__
    mapped_tokens.append(self.translate_token(token))
                         ^^^^^^^^^^^^^^^^^^^^^^^^^^^
  File "C:\Users\Dell\AppData\Local\Programs\Python\Python312\Lib\site-packages\django\template\smartif.py", line 182, in translate_token
    return self.create_var(token)
           ^^^^^^^^^^^^^^^^^^^^^^
  File "C:\Users\Dell\AppData\Local\Programs\Python\Python312\Lib\site-packages\django\template\defaulttags.py", line 897, in create_var
    return TemplateLiteral(self.template_parser.compile_filter(value), value)
                           ^^^^^^^^^^^^^^^^^^^^^^^^^^^^^^^^^^^^^^^^^^
  File "C:\Users\Dell\AppData\Local\Programs\Python\Python312\Lib\site-packages\django\template\base.py", line 609, in compile_filter
    return FilterExpression(token, self)
           ^^^^^^^^^^^^^^^^^^^^^^^^^^^^^
  File "C:\Users\Dell\AppData\Local\Programs\Python\Python312\Lib\site-packages\django\template\base.py", line 710, in __init__
    raise TemplateSyntaxError(
django.template.exceptions.TemplateSyntaxError: Could not parse the remainder: '=='price'' from 'request.GET.sort_by=='price''
ERROR 2026-01-07 15:39:31,732 basehttp 16568 8920 "GET /?search=&price_max=5000 HTTP/1.1" 500 307392
INFO 2026-01-07 15:44:27,550 autoreload 16568 9608 C:\Users\Dell\OneDrive\Desktop\git\ecom\ecommerce\ecommerce\shop\forms.py changed, reloading.
INFO 2026-01-07 15:44:33,096 autoreload 11748 1372 Watching for file changes with StatReloader
INFO 2026-01-07 15:45:28,952 basehttp 11748 6560 "GET /?search=&price_max=5000 HTTP/1.1" 200 51580
INFO 2026-01-07 15:45:29,044 basehttp 11748 6560 "GET /media/products/811f3211-e00e-45cb-8fa6-10b9f5cee3df.__CR026816001200_PT0_SX600_V1___.jpg HTTP/1.1" 304 0
INFO 2026-01-07 15:45:29,078 basehttp 11748 6560 "GET /media/products/81yWTgGQkEL.jpg HTTP/1.1" 304 0
INFO 2026-01-07 15:45:47,058 basehttp 11748 14448 "GET /?search=&price_max=5000&sort_by=-price HTTP/1.1" 200 51234
INFO 2026-01-07 15:45:57,419 basehttp 11748 10844 "GET /?search=&price_max=5000&sort_by=name HTTP/1.1" 200 50811
INFO 2026-01-07 15:46:24,434 basehttp 11748 15464 "GET /?search=&price_max=5000&sort_by=created_at HTTP/1.1" 200 51183
INFO 2026-01-07 15:46:29,942 basehttp 11748 12628 "GET /?search=&price_max=5000&sort_by=-created_at HTTP/1.1" 200 51620
INFO 2026-01-07 15:46:54,558 basehttp 11748 3668 "GET /product/terra-hand-painted-ceramic-plant-pot/ HTTP/1.1" 200 21447
INFO 2026-01-07 15:46:54,610 basehttp 11748 3668 "GET /media/products/41F2RIahyuL.jpg HTTP/1.1" 304 0
INFO 2026-01-07 15:46:54,628 basehttp 11748 3668 "GET /media/products/Simple-Hand-Painted-White-Round-Flower-Pot-Set-6.webp HTTP/1.1" 304 0
INFO 2026-01-07 15:48:34,135 basehttp 11748 10144 "GET /?search=&price_max=5000&sort_by=-created_at HTTP/1.1" 200 51638
INFO 2026-01-07 15:52:47,795 basehttp 11748 14872 "GET /product/terra-hand-painted-ceramic-plant-pot/ HTTP/1.1" 200 21447
INFO 2026-01-07 15:55:36,614 basehttp 11748 13576 "GET /cart/ HTTP/1.1" 200 20979
INFO 2026-01-07 15:55:47,471 basehttp 11748 3364 "GET /product/terra-hand-painted-ceramic-plant-pot/ HTTP/1.1" 200 21447
INFO 2026-01-07 15:55:51,525 basehttp 11748 3364 "POST /cart/add/10/ HTTP/1.1" 302 0
INFO 2026-01-07 15:55:51,683 basehttp 11748 3364 "GET /cart/ HTTP/1.1" 200 23500
INFO 2026-01-07 15:56:07,472 basehttp 11748 11072 "POST /cart/add/2/ HTTP/1.1" 302 0
INFO 2026-01-07 15:56:07,774 basehttp 11748 11072 "GET /cart/ HTTP/1.1" 200 22597
INFO 2026-01-07 15:59:21,333 basehttp 11748 5116 "GET /product/terra-hand-painted-ceramic-plant-pot/ HTTP/1.1" 200 21447
INFO 2026-01-07 16:01:11,400 basehttp 11748 10564 "GET /?search=&price_max=5000&sort_by=created_at HTTP/1.1" 200 51193
INFO 2026-01-07 16:01:48,867 basehttp 11748 15940 "GET /track-order/ HTTP/1.1" 200 18304
INFO 2026-01-07 16:01:59,101 basehttp 11748 9844 "GET /orders/ HTTP/1.1" 200 16997
INFO 2026-01-07 16:02:02,722 basehttp 11748 3112 "GET /track-order/?order_number=UKMW8VDWCK HTTP/1.1" 200 27033
INFO 2026-01-07 16:06:08,323 autoreload 11748 1372 C:\Users\Dell\OneDrive\Desktop\git\ecom\ecommerce\ecommerce\shop\views.py changed, reloading.
INFO 2026-01-07 16:06:15,046 autoreload 2080 13864 Watching for file changes with StatReloader
INFO 2026-01-07 16:09:51,107 autoreload 2080 13864 C:\Users\Dell\OneDrive\Desktop\git\ecom\ecommerce\ecommerce\shop\models.py changed, reloading.
INFO 2026-01-07 16:09:57,277 autoreload 12616 13768 Watching for file changes with StatReloader
INFO 2026-01-07 16:11:14,197 basehttp 12616 12964 "GET / HTTP/1.1" 200 51544
INFO 2026-01-07 16:11:14,858 basehttp 12616 12964 "GET /media/products/811f3211-e00e-45cb-8fa6-10b9f5cee3df.__CR026816001200_PT0_SX600_V1___.jpg HTTP/1.1" 304 0
INFO 2026-01-07 16:11:14,913 basehttp 12616 12964 "GET /media/products/81yWTgGQkEL.jpg HTTP/1.1" 304 0
ERROR 2026-01-07 16:11:30,501 log 12616 15104 Internal Server Error: /product/alpine-trekker-35l-waterproof-backpack/
Traceback (most recent call last):
  File "C:\Users\Dell\AppData\Local\Programs\Python\Python312\Lib\site-packages\django\template\base.py", line 890, in _resolve_lookup
    raise TypeError
TypeError

During handling of the above exception, another exception occurred:

Traceback (most recent call last):
  File "C:\Users\Dell\AppData\Local\Programs\Python\Python312\Lib\site-packages\django\core\handlers\exception.py", line 55, in inner
    response = get_response(request)
               ^^^^^^^^^^^^^^^^^^^^^
  File "C:\Users\Dell\AppData\Local\Programs\Python\Python312\Lib\site-packages\django\core\handlers\base.py", line 197, in _get_response
    response = wrapped_callback(request, *callback_args, **callback_kwargs)
               ^^^^^^^^^^^^^^^^^^^^^^^^^^^^^^^^^^^^^^^^^^^^^^^^^^^^^^^^^^^^
  File "C:\Users\Dell\OneDrive\Desktop\git\ecom\ecommerce\ecommerce\shop\views.py", line 116, in product_detail
    return render(request, 'shop/product_detail.html', context)
           ^^^^^^^^^^^^^^^^^^^^^^^^^^^^^^^^^^^^^^^^^^^^^^^^^^^^
  File "C:\Users\Dell\AppData\Local\Programs\Python\Python312\Lib\site-packages\django\shortcuts.py", line 25, in render
    content = loader.render_to_string(template_name, context, request, using=using)
              ^^^^^^^^^^^^^^^^^^^^^^^^^^^^^^^^^^^^^^^^^^^^^^^^^^^^^^^^^^^^^^^^^^^^^
  File "C:\Users\Dell\AppData\Local\Programs\Python\Python312\Lib\site-packages\django\template\loader.py", line 62, in render_to_string
    return template.render(context, request)
           ^^^^^^^^^^^^^^^^^^^^^^^^^^^^^^^^^
  File "C:\Users\Dell\AppData\Local\Programs\Python\Python312\Lib\site-packages\django\template\backends\django.py", line 107, in render
    return self.template.render(context)
           ^^^^^^^^^^^^^^^^^^^^^^^^^^^^^
  File "C:\Users\Dell\AppData\Local\Programs\Python\Python312\Lib\site-packages\django\template\base.py", line 171, in render
    return self._render(context)
           ^^^^^^^^^^^^^^^^^^^^^
  File "C:\Users\Dell\AppData\Local\Programs\Python\Python312\Lib\site-packages\django\template\base.py", line 163, in _render
    return self.nodelist.render(context)
           ^^^^^^^^^^^^^^^^^^^^^^^^^^^^^
  File "C:\Users\Dell\AppData\Local\Programs\Python\Python312\Lib\site-packages\django\template\base.py", line 1016, in render
    return SafeString("".join([node.render_annotated(context) for node in self]))
                               ^^^^^^^^^^^^^^^^^^^^^^^^^^^^^^
  File "C:\Users\Dell\AppData\Local\Programs\Python\Python312\Lib\site-packages\django\template\base.py", line 977, in render_annotated
    return self.render(context)
           ^^^^^^^^^^^^^^^^^^^^
  File "C:\Users\Dell\AppData\Local\Programs\Python\Python312\Lib\site-packages\django\template\loader_tags.py", line 159, in render
    return compiled_parent._render(context)
           ^^^^^^^^^^^^^^^^^^^^^^^^^^^^^^^^
  File "C:\Users\Dell\AppData\Local\Programs\Python\Python312\Lib\site-packages\django\template\base.py", line 163, in _render
    return self.nodelist.render(context)
           ^^^^^^^^^^^^^^^^^^^^^^^^^^^^^
  File "C:\Users\Dell\AppData\Local\Programs\Python\Python312\Lib\site-packages\django\template\base.py", line 1016, in render
    return SafeString("".join([node.render_annotated(context) for node in self]))
                               ^^^^^^^^^^^^^^^^^^^^^^^^^^^^^^
  File "C:\Users\Dell\AppData\Local\Programs\Python\Python312\Lib\site-packages\django\template\base.py", line 977, in render_annotated
    return self.render(context)
           ^^^^^^^^^^^^^^^^^^^^
  File "C:\Users\Dell\AppData\Local\Programs\Python\Python312\Lib\site-packages\django\template\loader_tags.py", line 65, in render
    result = block.nodelist.render(context)
             ^^^^^^^^^^^^^^^^^^^^^^^^^^^^^^
  File "C:\Users\Dell\AppData\Local\Programs\Python\Python312\Lib\site-packages\django\template\base.py", line 1016, in render
    return SafeString("".join([node.render_annotated(context) for node in self]))
                               ^^^^^^^^^^^^^^^^^^^^^^^^^^^^^^
  File "C:\Users\Dell\AppData\Local\Programs\Python\Python312\Lib\site-packages\django\template\base.py", line 977, in render_annotated
    return self.render(context)
           ^^^^^^^^^^^^^^^^^^^^
  File "C:\Users\Dell\AppData\Local\Programs\Python\Python312\Lib\site-packages\django\template\base.py", line 1075, in render
    output = self.filter_expression.resolve(context)
             ^^^^^^^^^^^^^^^^^^^^^^^^^^^^^^^^^^^^^^^
  File "C:\Users\Dell\AppData\Local\Programs\Python\Python312\Lib\site-packages\django\template\base.py", line 722, in resolve
    obj = self.var.resolve(context)
          ^^^^^^^^^^^^^^^^^^^^^^^^^
  File "C:\Users\Dell\AppData\Local\Programs\Python\Python312\Lib\site-packages\django\template\base.py", line 854, in resolve
    value = self._resolve_lookup(context)
            ^^^^^^^^^^^^^^^^^^^^^^^^^^^^^
  File "C:\Users\Dell\AppData\Local\Programs\Python\Python312\Lib\site-packages\django\template\base.py", line 901, in _resolve_lookup
    current = getattr(current, bit)
              ^^^^^^^^^^^^^^^^^^^^^
  File "C:\Users\Dell\AppData\Local\Programs\Python\Python312\Lib\site-packages\django\db\models\fields\files.py", line 69, in url
    self._require_file()
  File "C:\Users\Dell\AppData\Local\Programs\Python\Python312\Lib\site-packages\django\db\models\fields\files.py", line 44, in _require_file
    raise ValueError(
ValueError: The 'image' attribute has no file associated with it.
ERROR 2026-01-07 16:11:30,512 basehttp 12616 15104 "GET /product/alpine-trekker-35l-waterproof-backpack/ HTTP/1.1" 500 183067
ERROR 2026-01-07 16:11:35,495 log 12616 14008 Internal Server Error: /product/alpine-gear/
Traceback (most recent call last):
  File "C:\Users\Dell\AppData\Local\Programs\Python\Python312\Lib\site-packages\django\template\base.py", line 890, in _resolve_lookup
    raise TypeError
TypeError

During handling of the above exception, another exception occurred:

Traceback (most recent call last):
  File "C:\Users\Dell\AppData\Local\Programs\Python\Python312\Lib\site-packages\django\core\handlers\exception.py", line 55, in inner
    response = get_response(request)
               ^^^^^^^^^^^^^^^^^^^^^
  File "C:\Users\Dell\AppData\Local\Programs\Python\Python312\Lib\site-packages\django\core\handlers\base.py", line 197, in _get_response
    response = wrapped_callback(request, *callback_args, **callback_kwargs)
               ^^^^^^^^^^^^^^^^^^^^^^^^^^^^^^^^^^^^^^^^^^^^^^^^^^^^^^^^^^^^
  File "C:\Users\Dell\OneDrive\Desktop\git\ecom\ecommerce\ecommerce\shop\views.py", line 116, in product_detail
    return render(request, 'shop/product_detail.html', context)
           ^^^^^^^^^^^^^^^^^^^^^^^^^^^^^^^^^^^^^^^^^^^^^^^^^^^^
  File "C:\Users\Dell\AppData\Local\Programs\Python\Python312\Lib\site-packages\django\shortcuts.py", line 25, in render
    content = loader.render_to_string(template_name, context, request, using=using)
              ^^^^^^^^^^^^^^^^^^^^^^^^^^^^^^^^^^^^^^^^^^^^^^^^^^^^^^^^^^^^^^^^^^^^^
  File "C:\Users\Dell\AppData\Local\Programs\Python\Python312\Lib\site-packages\django\template\loader.py", line 62, in render_to_string
    return template.render(context, request)
           ^^^^^^^^^^^^^^^^^^^^^^^^^^^^^^^^^
  File "C:\Users\Dell\AppData\Local\Programs\Python\Python312\Lib\site-packages\django\template\backends\django.py", line 107, in render
    return self.template.render(context)
           ^^^^^^^^^^^^^^^^^^^^^^^^^^^^^
  File "C:\Users\Dell\AppData\Local\Programs\Python\Python312\Lib\site-packages\django\template\base.py", line 171, in render
    return self._render(context)
           ^^^^^^^^^^^^^^^^^^^^^
  File "C:\Users\Dell\AppData\Local\Programs\Python\Python312\Lib\site-packages\django\template\base.py", line 163, in _render
    return self.nodelist.render(context)
           ^^^^^^^^^^^^^^^^^^^^^^^^^^^^^
  File "C:\Users\Dell\AppData\Local\Programs\Python\Python312\Lib\site-packages\django\template\base.py", line 1016, in render
    return SafeString("".join([node.render_annotated(context) for node in self]))
                               ^^^^^^^^^^^^^^^^^^^^^^^^^^^^^^
  File "C:\Users\Dell\AppData\Local\Programs\Python\Python312\Lib\site-packages\django\template\base.py", line 977, in render_annotated
    return self.render(context)
           ^^^^^^^^^^^^^^^^^^^^
  File "C:\Users\Dell\AppData\Local\Programs\Python\Python312\Lib\site-packages\django\template\loader_tags.py", line 159, in render
    return compiled_parent._render(context)
           ^^^^^^^^^^^^^^^^^^^^^^^^^^^^^^^^
  File "C:\Users\Dell\AppData\Local\Programs\Python\Python312\Lib\site-packages\django\template\base.py", line 163, in _render
    return self.nodelist.render(context)
           ^^^^^^^^^^^^^^^^^^^^^^^^^^^^^
  File "C:\Users\Dell\AppData\Local\Programs\Python\Python312\Lib\site-packages\django\template\base.py", line 1016, in render
    return SafeString("".join([node.render_annotated(context) for node in self]))
                               ^^^^^^^^^^^^^^^^^^^^^^^^^^^^^^
  File "C:\Users\Dell\AppData\Local\Programs\Python\Python312\Lib\site-packages\django\template\base.py", line 977, in render_annotated
    return self.render(context)
           ^^^^^^^^^^^^^^^^^^^^
  File "C:\Users\Dell\AppData\Local\Programs\Python\Python312\Lib\site-packages\django\template\loader_tags.py", line 65, in render
    result = block.nodelist.render(context)
             ^^^^^^^^^^^^^^^^^^^^^^^^^^^^^^
  File "C:\Users\Dell\AppData\Local\Programs\Python\Python312\Lib\site-packages\django\template\base.py", line 1016, in render
    return SafeString("".join([node.render_annotated(context) for node in self]))
                               ^^^^^^^^^^^^^^^^^^^^^^^^^^^^^^
  File "C:\Users\Dell\AppData\Local\Programs\Python\Python312\Lib\site-packages\django\template\base.py", line 977, in render_annotated
    return self.render(context)
           ^^^^^^^^^^^^^^^^^^^^
  File "C:\Users\Dell\AppData\Local\Programs\Python\Python312\Lib\site-packages\django\template\base.py", line 1075, in render
    output = self.filter_expression.resolve(context)
             ^^^^^^^^^^^^^^^^^^^^^^^^^^^^^^^^^^^^^^^
  File "C:\Users\Dell\AppData\Local\Programs\Python\Python312\Lib\site-packages\django\template\base.py", line 722, in resolve
    obj = self.var.resolve(context)
          ^^^^^^^^^^^^^^^^^^^^^^^^^
  File "C:\Users\Dell\AppData\Local\Programs\Python\Python312\Lib\site-packages\django\template\base.py", line 854, in resolve
    value = self._resolve_lookup(context)
            ^^^^^^^^^^^^^^^^^^^^^^^^^^^^^
  File "C:\Users\Dell\AppData\Local\Programs\Python\Python312\Lib\site-packages\django\template\base.py", line 901, in _resolve_lookup
    current = getattr(current, bit)
              ^^^^^^^^^^^^^^^^^^^^^
  File "C:\Users\Dell\AppData\Local\Programs\Python\Python312\Lib\site-packages\django\db\models\fields\files.py", line 69, in url
    self._require_file()
  File "C:\Users\Dell\AppData\Local\Programs\Python\Python312\Lib\site-packages\django\db\models\fields\files.py", line 44, in _require_file
    raise ValueError(
ValueError: The 'image' attribute has no file associated with it.
ERROR 2026-01-07 16:11:35,500 basehttp 12616 14008 "GET /product/alpine-gear/ HTTP/1.1" 500 182179
ERROR 2026-01-07 16:11:40,544 log 12616 10040 Internal Server Error: /product/alpine-gear/
Traceback (most recent call last):
  File "C:\Users\Dell\AppData\Local\Programs\Python\Python312\Lib\site-packages\django\template\base.py", line 890, in _resolve_lookup
    raise TypeError
TypeError

During handling of the above exception, another exception occurred:

Traceback (most recent call last):
  File "C:\Users\Dell\AppData\Local\Programs\Python\Python312\Lib\site-packages\django\core\handlers\exception.py", line 55, in inner
    response = get_response(request)
               ^^^^^^^^^^^^^^^^^^^^^
  File "C:\Users\Dell\AppData\Local\Programs\Python\Python312\Lib\site-packages\django\core\handlers\base.py", line 197, in _get_response
    response = wrapped_callback(request, *callback_args, **callback_kwargs)
               ^^^^^^^^^^^^^^^^^^^^^^^^^^^^^^^^^^^^^^^^^^^^^^^^^^^^^^^^^^^^
  File "C:\Users\Dell\OneDrive\Desktop\git\ecom\ecommerce\ecommerce\shop\views.py", line 116, in product_detail
    return render(request, 'shop/product_detail.html', context)
           ^^^^^^^^^^^^^^^^^^^^^^^^^^^^^^^^^^^^^^^^^^^^^^^^^^^^
  File "C:\Users\Dell\AppData\Local\Programs\Python\Python312\Lib\site-packages\django\shortcuts.py", line 25, in render
    content = loader.render_to_string(template_name, context, request, using=using)
              ^^^^^^^^^^^^^^^^^^^^^^^^^^^^^^^^^^^^^^^^^^^^^^^^^^^^^^^^^^^^^^^^^^^^^
  File "C:\Users\Dell\AppData\Local\Programs\Python\Python312\Lib\site-packages\django\template\loader.py", line 62, in render_to_string
    return template.render(context, request)
           ^^^^^^^^^^^^^^^^^^^^^^^^^^^^^^^^^
  File "C:\Users\Dell\AppData\Local\Programs\Python\Python312\Lib\site-packages\django\template\backends\django.py", line 107, in render
    return self.template.render(context)
           ^^^^^^^^^^^^^^^^^^^^^^^^^^^^^
  File "C:\Users\Dell\AppData\Local\Programs\Python\Python312\Lib\site-packages\django\template\base.py", line 171, in render
    return self._render(context)
           ^^^^^^^^^^^^^^^^^^^^^
  File "C:\Users\Dell\AppData\Local\Programs\Python\Python312\Lib\site-packages\django\template\base.py", line 163, in _render
    return self.nodelist.render(context)
           ^^^^^^^^^^^^^^^^^^^^^^^^^^^^^
  File "C:\Users\Dell\AppData\Local\Programs\Python\Python312\Lib\site-packages\django\template\base.py", line 1016, in render
    return SafeString("".join([node.render_annotated(context) for node in self]))
                               ^^^^^^^^^^^^^^^^^^^^^^^^^^^^^^
  File "C:\Users\Dell\AppData\Local\Programs\Python\Python312\Lib\site-packages\django\template\base.py", line 977, in render_annotated
    return self.render(context)
           ^^^^^^^^^^^^^^^^^^^^
  File "C:\Users\Dell\AppData\Local\Programs\Python\Python312\Lib\site-packages\django\template\loader_tags.py", line 159, in render
    return compiled_parent._render(context)
           ^^^^^^^^^^^^^^^^^^^^^^^^^^^^^^^^
  File "C:\Users\Dell\AppData\Local\Programs\Python\Python312\Lib\site-packages\django\template\base.py", line 163, in _render
    return self.nodelist.render(context)
           ^^^^^^^^^^^^^^^^^^^^^^^^^^^^^
  File "C:\Users\Dell\AppData\Local\Programs\Python\Python312\Lib\site-packages\django\template\base.py", line 1016, in render
    return SafeString("".join([node.render_annotated(context) for node in self]))
                               ^^^^^^^^^^^^^^^^^^^^^^^^^^^^^^
  File "C:\Users\Dell\AppData\Local\Programs\Python\Python312\Lib\site-packages\django\template\base.py", line 977, in render_annotated
    return self.render(context)
           ^^^^^^^^^^^^^^^^^^^^
  File "C:\Users\Dell\AppData\Local\Programs\Python\Python312\Lib\site-packages\django\template\loader_tags.py", line 65, in render
    result = block.nodelist.render(context)
             ^^^^^^^^^^^^^^^^^^^^^^^^^^^^^^
  File "C:\Users\Dell\AppData\Local\Programs\Python\Python312\Lib\site-packages\django\template\base.py", line 1016, in render
    return SafeString("".join([node.render_annotated(context) for node in self]))
                               ^^^^^^^^^^^^^^^^^^^^^^^^^^^^^^
  File "C:\Users\Dell\AppData\Local\Programs\Python\Python312\Lib\site-packages\django\template\base.py", line 977, in render_annotated
    return self.render(context)
           ^^^^^^^^^^^^^^^^^^^^
  File "C:\Users\Dell\AppData\Local\Programs\Python\Python312\Lib\site-packages\django\template\base.py", line 1075, in render
    output = self.filter_expression.resolve(context)
             ^^^^^^^^^^^^^^^^^^^^^^^^^^^^^^^^^^^^^^^
  File "C:\Users\Dell\AppData\Local\Programs\Python\Python312\Lib\site-packages\django\template\base.py", line 722, in resolve
    obj = self.var.resolve(context)
          ^^^^^^^^^^^^^^^^^^^^^^^^^
  File "C:\Users\Dell\AppData\Local\Programs\Python\Python312\Lib\site-packages\django\template\base.py", line 854, in resolve
    value = self._resolve_lookup(context)
            ^^^^^^^^^^^^^^^^^^^^^^^^^^^^^
  File "C:\Users\Dell\AppData\Local\Programs\Python\Python312\Lib\site-packages\django\template\base.py", line 901, in _resolve_lookup
    current = getattr(current, bit)
              ^^^^^^^^^^^^^^^^^^^^^
  File "C:\Users\Dell\AppData\Local\Programs\Python\Python312\Lib\site-packages\django\db\models\fields\files.py", line 69, in url
    self._require_file()
  File "C:\Users\Dell\AppData\Local\Programs\Python\Python312\Lib\site-packages\django\db\models\fields\files.py", line 44, in _require_file
    raise ValueError(
ValueError: The 'image' attribute has no file associated with it.
ERROR 2026-01-07 16:11:40,548 basehttp 12616 10040 "GET /product/alpine-gear/ HTTP/1.1" 500 182179
INFO 2026-01-07 16:11:46,148 basehttp 12616 12064 "GET /product/soundscape-pro-active-noise-canceling-headphones/ HTTP/1.1" 200 22275
INFO 2026-01-07 16:11:46,353 basehttp 12616 12064 "GET /media/products/picture-speaker-that-has-picture-speaker-it_1230457-49114.avif HTTP/1.1" 304 0
ERROR 2026-01-07 16:11:51,037 log 12616 10600 Internal Server Error: /product/alpine-gear/
Traceback (most recent call last):
  File "C:\Users\Dell\AppData\Local\Programs\Python\Python312\Lib\site-packages\django\template\base.py", line 890, in _resolve_lookup
    raise TypeError
TypeError

During handling of the above exception, another exception occurred:

Traceback (most recent call last):
  File "C:\Users\Dell\AppData\Local\Programs\Python\Python312\Lib\site-packages\django\core\handlers\exception.py", line 55, in inner
    response = get_response(request)
               ^^^^^^^^^^^^^^^^^^^^^
  File "C:\Users\Dell\AppData\Local\Programs\Python\Python312\Lib\site-packages\django\core\handlers\base.py", line 197, in _get_response
    response = wrapped_callback(request, *callback_args, **callback_kwargs)
               ^^^^^^^^^^^^^^^^^^^^^^^^^^^^^^^^^^^^^^^^^^^^^^^^^^^^^^^^^^^^
  File "C:\Users\Dell\OneDrive\Desktop\git\ecom\ecommerce\ecommerce\shop\views.py", line 116, in product_detail
    return render(request, 'shop/product_detail.html', context)
           ^^^^^^^^^^^^^^^^^^^^^^^^^^^^^^^^^^^^^^^^^^^^^^^^^^^^
  File "C:\Users\Dell\AppData\Local\Programs\Python\Python312\Lib\site-packages\django\shortcuts.py", line 25, in render
    content = loader.render_to_string(template_name, context, request, using=using)
              ^^^^^^^^^^^^^^^^^^^^^^^^^^^^^^^^^^^^^^^^^^^^^^^^^^^^^^^^^^^^^^^^^^^^^
  File "C:\Users\Dell\AppData\Local\Programs\Python\Python312\Lib\site-packages\django\template\loader.py", line 62, in render_to_string
    return template.render(context, request)
           ^^^^^^^^^^^^^^^^^^^^^^^^^^^^^^^^^
  File "C:\Users\Dell\AppData\Local\Programs\Python\Python312\Lib\site-packages\django\template\backends\django.py", line 107, in render
    return self.template.render(context)
           ^^^^^^^^^^^^^^^^^^^^^^^^^^^^^
  File "C:\Users\Dell\AppData\Local\Programs\Python\Python312\Lib\site-packages\django\template\base.py", line 171, in render
    return self._render(context)
           ^^^^^^^^^^^^^^^^^^^^^
  File "C:\Users\Dell\AppData\Local\Programs\Python\Python312\Lib\site-packages\django\template\base.py", line 163, in _render
    return self.nodelist.render(context)
           ^^^^^^^^^^^^^^^^^^^^^^^^^^^^^
  File "C:\Users\Dell\AppData\Local\Programs\Python\Python312\Lib\site-packages\django\template\base.py", line 1016, in render
    return SafeString("".join([node.render_annotated(context) for node in self]))
                               ^^^^^^^^^^^^^^^^^^^^^^^^^^^^^^
  File "C:\Users\Dell\AppData\Local\Programs\Python\Python312\Lib\site-packages\django\template\base.py", line 977, in render_annotated
    return self.render(context)
           ^^^^^^^^^^^^^^^^^^^^
  File "C:\Users\Dell\AppData\Local\Programs\Python\Python312\Lib\site-packages\django\template\loader_tags.py", line 159, in render
    return compiled_parent._render(context)
           ^^^^^^^^^^^^^^^^^^^^^^^^^^^^^^^^
  File "C:\Users\Dell\AppData\Local\Programs\Python\Python312\Lib\site-packages\django\template\base.py", line 163, in _render
    return self.nodelist.render(context)
           ^^^^^^^^^^^^^^^^^^^^^^^^^^^^^
  File "C:\Users\Dell\AppData\Local\Programs\Python\Python312\Lib\site-packages\django\template\base.py", line 1016, in render
    return SafeString("".join([node.render_annotated(context) for node in self]))
                               ^^^^^^^^^^^^^^^^^^^^^^^^^^^^^^
  File "C:\Users\Dell\AppData\Local\Programs\Python\Python312\Lib\site-packages\django\template\base.py", line 977, in render_annotated
    return self.render(context)
           ^^^^^^^^^^^^^^^^^^^^
  File "C:\Users\Dell\AppData\Local\Programs\Python\Python312\Lib\site-packages\django\template\loader_tags.py", line 65, in render
    result = block.nodelist.render(context)
             ^^^^^^^^^^^^^^^^^^^^^^^^^^^^^^
  File "C:\Users\Dell\AppData\Local\Programs\Python\Python312\Lib\site-packages\django\template\base.py", line 1016, in render
    return SafeString("".join([node.render_annotated(context) for node in self]))
                               ^^^^^^^^^^^^^^^^^^^^^^^^^^^^^^
  File "C:\Users\Dell\AppData\Local\Programs\Python\Python312\Lib\site-packages\django\template\base.py", line 977, in render_annotated
    return self.render(context)
           ^^^^^^^^^^^^^^^^^^^^
  File "C:\Users\Dell\AppData\Local\Programs\Python\Python312\Lib\site-packages\django\template\base.py", line 1075, in render
    output = self.filter_expression.resolve(context)
             ^^^^^^^^^^^^^^^^^^^^^^^^^^^^^^^^^^^^^^^
  File "C:\Users\Dell\AppData\Local\Programs\Python\Python312\Lib\site-packages\django\template\base.py", line 722, in resolve
    obj = self.var.resolve(context)
          ^^^^^^^^^^^^^^^^^^^^^^^^^
  File "C:\Users\Dell\AppData\Local\Programs\Python\Python312\Lib\site-packages\django\template\base.py", line 854, in resolve
    value = self._resolve_lookup(context)
            ^^^^^^^^^^^^^^^^^^^^^^^^^^^^^
  File "C:\Users\Dell\AppData\Local\Programs\Python\Python312\Lib\site-packages\django\template\base.py", line 901, in _resolve_lookup
    current = getattr(current, bit)
              ^^^^^^^^^^^^^^^^^^^^^
  File "C:\Users\Dell\AppData\Local\Programs\Python\Python312\Lib\site-packages\django\db\models\fields\files.py", line 69, in url
    self._require_file()
  File "C:\Users\Dell\AppData\Local\Programs\Python\Python312\Lib\site-packages\django\db\models\fields\files.py", line 44, in _require_file
    raise ValueError(
ValueError: The 'image' attribute has no file associated with it.
ERROR 2026-01-07 16:11:51,046 basehttp 12616 10600 "GET /product/alpine-gear/ HTTP/1.1" 500 182179
INFO 2026-01-07 16:16:19,038 basehttp 12616 8572 "GET /product/alpine-gear/ HTTP/1.1" 200 20999
INFO 2026-01-07 16:16:33,587 basehttp 12616 15080 "GET /product/alpine-trekker-35l-waterproof-backpack/ HTTP/1.1" 200 20069
INFO 2026-01-07 16:17:22,774 basehttp 12616 9868 "GET /admin/dashboard/ HTTP/1.1" 200 31672
INFO 2026-01-07 16:18:30,408 basehttp 12616 13796 "GET /product/terra-hand-painted-ceramic-plant-pot/ HTTP/1.1" 200 21481
INFO 2026-01-07 16:18:30,499 basehttp 12616 13796 "GET /media/products/Simple-Hand-Painted-White-Round-Flower-Pot-Set-6.webp HTTP/1.1" 304 0
INFO 2026-01-07 16:18:30,500 basehttp 12616 17192 "GET /media/products/41F2RIahyuL.jpg HTTP/1.1" 304 0
INFO 2026-01-07 16:18:34,041 basehttp 12616 16764 "POST /cart/add/10/ HTTP/1.1" 302 0
INFO 2026-01-07 16:18:34,285 basehttp 12616 16764 "GET /cart/ HTTP/1.1" 200 22597
INFO 2026-01-07 16:18:43,684 basehttp 12616 9476 "GET /cart/remove/2/ HTTP/1.1" 302 0
INFO 2026-01-07 16:18:43,928 basehttp 12616 9476 "GET /cart/ HTTP/1.1" 200 20446
INFO 2026-01-07 16:18:46,518 logging 12616 9476 Starting checkout
INFO 2026-01-07 16:18:46,586 logging 12616 9476 Completed checkout successfully
INFO 2026-01-07 16:18:46,589 basehttp 12616 9476 "GET /checkout/ HTTP/1.1" 200 24450
INFO 2026-01-07 16:18:58,193 logging 12616 232 Starting checkout
INFO 2026-01-07 16:18:58,418 signals 12616 232 Triggering notification for Order #6. Created: True, Status changed: False
INFO 2026-01-07 16:18:58,422 signals 12616 232 Order #6 is new. Confirmation email should be handled by views/utils.
INFO 2026-01-07 16:18:58,452 signals 12616 232 Triggering notification for Order #6. Created: False, Status changed: True
INFO 2026-01-07 16:18:58,454 signals 12616 232 Sending status update email for Order #6 to krishnananbu99@gmail.com. New status: confirmed
INFO 2026-01-07 16:19:03,252 signals 12616 232 Status update email sent successfully for Order #6
INFO 2026-01-07 16:19:03,271 order_processing 12616 232 Order 6 validated and processed successfully
INFO 2026-01-07 16:19:03,289 logging 12616 232 Completed checkout successfully
INFO 2026-01-07 16:19:03,297 basehttp 12616 232 "POST /checkout/ HTTP/1.1" 302 0
INFO 2026-01-07 16:19:03,669 basehttp 12616 232 "GET /order/confirmation/6/ HTTP/1.1" 200 19609
INFO 2026-01-07 16:20:17,877 basehttp 12616 7940 "GET /track-order/?order_number=X1ZOJBPEMS HTTP/1.1" 200 26876
INFO 2026-01-07 16:30:12,881 basehttp 12616 13064 "GET /order/confirmation/6/ HTTP/1.1" 200 19609
INFO 2026-01-07 16:30:19,166 basehttp 12616 13064 "GET /order/confirmation/6/ HTTP/1.1" 200 19609
INFO 2026-01-07 16:36:41,061 basehttp 12616 4600 "GET /order/confirmation/6/ HTTP/1.1" 200 19605
INFO 2026-01-07 21:07:28,621 autoreload 12616 13768 C:\Users\Dell\OneDrive\Desktop\git\ecom\ecommerce\ecommerce\accounts\signals.py changed, reloading.
INFO 2026-01-07 21:07:37,869 autoreload 16360 16624 Watching for file changes with StatReloader
INFO 2026-01-07 21:09:31,145 basehttp 16360 9956 "GET / HTTP/1.1" 200 51547
INFO 2026-01-07 21:09:32,136 basehttp 16360 16740 "GET /static/css/style.css?v=1.2 HTTP/1.1" 304 0
INFO 2026-01-07 21:09:32,532 basehttp 16360 9928 "GET /media/products/811f3211-e00e-45cb-8fa6-10b9f5cee3df.__CR026816001200_PT0_SX600_V1___.jpg HTTP/1.1" 304 0
INFO 2026-01-07 21:09:32,760 basehttp 16360 16740 "GET /static/logo/placeholder.png HTTP/1.1" 304 0
INFO 2026-01-07 21:09:32,842 basehttp 16360 9928 "GET /media/products/81yWTgGQkEL.jpg HTTP/1.1" 304 0
INFO 2026-01-07 21:09:32,909 basehttp 16360 4580 "GET /media/products/picture-speaker-that-has-picture-speaker-it_1230457-49114_1.avif HTTP/1.1" 304 0
INFO 2026-01-07 21:09:33,029 basehttp 16360 17664 "GET /static/js/ui-enhancements.js HTTP/1.1" 304 0
INFO 2026-01-07 21:09:33,166 basehttp 16360 9956 "GET /static/logo/logo.jpg HTTP/1.1" 200 259266
INFO 2026-01-07 21:13:04,907 autoreload 16360 16624 C:\Users\Dell\OneDrive\Desktop\git\ecom\ecommerce\ecommerce\accounts\signals.py changed, reloading.
INFO 2026-01-07 21:13:09,830 autoreload 1288 5064 Watching for file changes with StatReloader
INFO 2026-01-07 21:14:41,929 basehttp 1288 15376 - Broken pipe from ('127.0.0.1', 54601)
INFO 2026-01-07 21:14:43,400 basehttp 1288 6028 "GET / HTTP/1.1" 200 51544
INFO 2026-01-07 21:23:25,183 autoreload 1288 5064 C:\Users\Dell\OneDrive\Desktop\git\ecom\ecommerce\ecommerce\shop\signals.py changed, reloading.
INFO 2026-01-07 21:23:31,398 autoreload 5484 18212 Watching for file changes with StatReloader
INFO 2026-01-07 21:23:56,696 autoreload 5484 18212 C:\Users\Dell\OneDrive\Desktop\git\ecom\ecommerce\ecommerce\shop\signals.py changed, reloading.
INFO 2026-01-07 21:24:01,812 autoreload 1192 5512 Watching for file changes with StatReloader
INFO 2026-01-07 21:29:14,890 autoreload 1192 5512 C:\Users\Dell\OneDrive\Desktop\git\ecom\ecommerce\ecommerce\shop\signals.py changed, reloading.
INFO 2026-01-07 21:29:20,976 autoreload 5300 15924 Watching for file changes with StatReloader
INFO 2026-01-07 21:41:06,345 autoreload 10640 14832 Watching for file changes with StatReloader
INFO 2026-01-07 21:41:17,815 basehttp 10640 14424 "GET / HTTP/1.1" 200 51544
INFO 2026-01-07 21:42:04,807 basehttp 10640 10880 "GET /admin/dashboard/ HTTP/1.1" 200 32589
INFO 2026-01-07 21:42:10,713 basehttp 10640 18060 "GET /admin/shop/order/ HTTP/1.1" 200 29074
INFO 2026-01-07 21:42:11,173 basehttp 10640 18060 "GET /admin/jsi18n/ HTTP/1.1" 200 3342
WARNING 2026-01-07 21:42:11,658 basehttp 10640 18060 "GET /favicon.ico HTTP/1.1" 404 6189
INFO 2026-01-07 21:42:26,072 signals 10640 11188 Triggering notification for Order #2. Created: False, Status changed: True
INFO 2026-01-07 21:42:26,088 signals 10640 11188 Sending status update email for Order #2 to sivanarulanbu85@gmail.com. New status: delivered
INFO 2026-01-07 21:42:26,461 signals 10640 11188 Invoice PDF attached for Order #2
INFO 2026-01-07 21:42:34,522 signals 10640 11188 Status update email sent successfully for Order #2
INFO 2026-01-07 21:42:34,554 basehttp 10640 11188 "POST /admin/shop/order/ HTTP/1.1" 302 0
INFO 2026-01-07 21:42:34,886 basehttp 10640 11188 "GET /admin/shop/order/ HTTP/1.1" 200 29213
INFO 2026-01-07 21:42:35,272 basehttp 10640 7148 "GET /admin/jsi18n/ HTTP/1.1" 200 3342
INFO 2026-01-07 21:43:40,081 basehttp 10640 16660 "POST /admin/shop/order/ HTTP/1.1" 302 0
INFO 2026-01-07 21:43:40,573 basehttp 10640 16660 "GET /admin/shop/order/ HTTP/1.1" 200 29074
INFO 2026-01-07 21:43:40,823 basehttp 10640 16660 "GET /admin/jsi18n/ HTTP/1.1" 200 3342
INFO 2026-01-07 21:51:00,565 basehttp 10640 17164 "GET / HTTP/1.1" 200 51065
INFO 2026-01-07 21:51:02,432 basehttp 10640 18428 "GET /static/css/style.css?v=1.2 HTTP/1.1" 200 14202
INFO 2026-01-07 21:51:02,503 basehttp 10640 5484 "GET /static/logo/logo.png HTTP/1.1" 200 576407
INFO 2026-01-07 21:51:02,543 basehttp 10640 17164 "GET /static/css/order.css HTTP/1.1" 200 3219
INFO 2026-01-07 21:51:02,548 basehttp 10640 11172 "GET /media/products/811f3211-e00e-45cb-8fa6-10b9f5cee3df.__CR026816001200_PT0_SX600_V1___.jpg HTTP/1.1" 200 28185
INFO 2026-01-07 21:51:02,628 basehttp 10640 16808 "GET /media/products/81yWTgGQkEL.jpg HTTP/1.1" 200 472488
INFO 2026-01-07 21:51:02,701 basehttp 10640 18428 "GET /media/products/picture-speaker-that-has-picture-speaker-it_1230457-49114_1.avif HTTP/1.1" 200 27343
INFO 2026-01-07 21:51:02,753 basehttp 10640 16240 "GET /static/logo/placeholder.png HTTP/1.1" 200 120822
INFO 2026-01-07 21:51:02,773 basehttp 10640 17164 "GET /static/js/ui-enhancements.js HTTP/1.1" 200 2500
INFO 2026-01-07 21:51:23,562 basehttp 10640 17024 "GET / HTTP/1.1" 200 51544
INFO 2026-01-07 21:51:31,935 basehttp 10640 4104 "GET /product/nomad-20000mah-solar-power-bank/ HTTP/1.1" 200 22177
INFO 2026-01-07 21:51:32,021 basehttp 10640 16884 "GET /media/products/images.jfif HTTP/1.1" 304 0
INFO 2026-01-07 21:51:32,022 basehttp 10640 4104 "GET /media/products/715OZEycQLL-785x1024.jpg HTTP/1.1" 304 0
INFO 2026-01-07 21:51:40,613 basehttp 10640 8468 "POST /cart/add/9/ HTTP/1.1" 302 0
INFO 2026-01-07 21:51:41,235 basehttp 10640 11344 "GET /cart/ HTTP/1.1" 200 20376
INFO 2026-01-07 21:51:46,868 logging 10640 3492 Starting checkout
INFO 2026-01-07 21:51:46,986 logging 10640 3492 Completed checkout successfully
INFO 2026-01-07 21:51:47,075 basehttp 10640 3492 "GET /checkout/ HTTP/1.1" 200 24450
INFO 2026-01-07 21:52:05,238 logging 10640 17736 Starting checkout
INFO 2026-01-07 21:52:05,664 signals 10640 17736 Triggering notification for Order #7. Created: True, Status changed: False
INFO 2026-01-07 21:52:05,672 signals 10640 17736 Order #7 is new. Confirmation email should be handled by views/utils.
INFO 2026-01-07 21:52:05,737 signals 10640 17736 Triggering notification for Order #7. Created: False, Status changed: True
INFO 2026-01-07 21:52:05,743 signals 10640 17736 Sending status update email for Order #7 to krishnananbu99@gmail.com. New status: confirmed
INFO 2026-01-07 21:52:12,917 signals 10640 17736 Status update email sent successfully for Order #7
INFO 2026-01-07 21:52:12,931 order_processing 10640 17736 Order 7 validated and processed successfully
INFO 2026-01-07 21:52:12,972 logging 10640 17736 Completed checkout successfully
INFO 2026-01-07 21:52:12,984 basehttp 10640 17736 "POST /checkout/ HTTP/1.1" 302 0
INFO 2026-01-07 21:52:13,446 basehttp 10640 17736 "GET /order/confirmation/7/ HTTP/1.1" 200 19604
INFO 2026-01-07 21:53:21,806 basehttp 10640 4708 "GET /track-order/?order_number=WOOVU9NW8Q HTTP/1.1" 200 26875
INFO 2026-01-07 21:53:29,407 basehttp 10640 224 "GET /orders/ HTTP/1.1" 200 18630
INFO 2026-01-07 21:53:33,798 basehttp 10640 13788 "GET /admin/dashboard/ HTTP/1.1" 200 32590
INFO 2026-01-07 21:53:36,878 basehttp 10640 1488 "GET /admin/shop/order/ HTTP/1.1" 200 30812
INFO 2026-01-07 21:53:37,278 basehttp 10640 1488 "GET /admin/jsi18n/ HTTP/1.1" 200 3342
INFO 2026-01-07 21:54:16,487 signals 10640 8764 Triggering notification for Order #7. Created: False, Status changed: True
INFO 2026-01-07 21:54:16,490 signals 10640 8764 Sending status update email for Order #7 to krishnananbu99@gmail.com. New status: shipped
INFO 2026-01-07 21:54:23,717 signals 10640 8764 Status update email sent successfully for Order #7
INFO 2026-01-07 21:54:23,805 basehttp 10640 8764 "POST /admin/shop/order/ HTTP/1.1" 302 0
INFO 2026-01-07 21:54:24,151 basehttp 10640 8764 "GET /admin/shop/order/ HTTP/1.1" 200 30728
INFO 2026-01-07 21:54:24,441 basehttp 10640 8764 "GET /admin/jsi18n/ HTTP/1.1" 200 3342
INFO 2026-01-07 21:59:48,892 signals 10640 10408 Triggering notification for Order #7. Created: False, Status changed: True
INFO 2026-01-07 21:59:48,912 signals 10640 10408 Sending status update email for Order #7 to krishnananbu99@gmail.com. New status: delivered
INFO 2026-01-07 21:59:49,515 signals 10640 10408 Invoice PDF attached for Order #7
INFO 2026-01-07 21:59:56,827 signals 10640 10408 Status update email sent successfully for Order #7
INFO 2026-01-07 21:59:56,888 basehttp 10640 10408 "POST /admin/shop/order/ HTTP/1.1" 302 0
INFO 2026-01-07 21:59:57,314 basehttp 10640 10408 "GET /admin/shop/order/ HTTP/1.1" 200 30728
INFO 2026-01-07 21:59:57,711 basehttp 10640 10408 "GET /admin/jsi18n/ HTTP/1.1" 200 3342
INFO 2026-01-07 22:28:54,609 autoreload 10640 14832 C:\Users\Dell\OneDrive\Desktop\git\ecom\ecommerce\ecommerce\ecommerce\settings.py changed, reloading.
INFO 2026-01-07 22:29:13,838 autoreload 3668 10720 Watching for file changes with StatReloader
INFO 2026-01-20 13:42:07,226 autoreload 5608 4232 Watching for file changes with StatReloader
INFO 2026-01-20 13:44:06,114 log 5608 14664 "GET / HTTP/1.1" 200 34259
INFO 2026-01-20 13:44:08,638 log 5608 11476 "GET /static/logo/placeholder.png HTTP/1.1" 200 120822
INFO 2026-01-20 13:44:08,773 log 5608 14944 "GET /static/logo/logo.png HTTP/1.1" 200 576407
INFO 2026-01-20 13:44:08,822 log 5608 8972 "GET /static/js/ui-enhancements.js HTTP/1.1" 200 2500
INFO 2026-01-20 13:44:08,999 log 5608 12188 "GET /static/css/style.css?v=3.0 HTTP/1.1" 200 17903
INFO 2026-01-20 13:44:09,081 log 5608 3444 "GET /static/css/order.css HTTP/1.1" 200 3219
INFO 2026-01-20 13:44:12,707 log 5608 8340 "GET /static/logo/logo.png HTTP/1.1" 304 0
INFO 2026-01-20 13:44:44,516 log 5608 9808 "GET / HTTP/1.1" 200 34259
INFO 2026-01-20 13:46:49,295 log 5608 12360 "GET /admin/ HTTP/1.1" 302 0
INFO 2026-01-20 13:46:51,982 log 5608 12360 "GET /admin/login/?next=/admin/ HTTP/1.1" 200 4085
INFO 2026-01-20 13:46:53,178 log 5608 12360 "GET /static/admin/css/base.css HTTP/1.1" 200 23100
INFO 2026-01-20 13:46:53,207 log 5608 13684 "GET /static/admin/css/responsive.css HTTP/1.1" 200 16273
INFO 2026-01-20 13:46:53,304 log 5608 13248 "GET /static/admin/css/login.css HTTP/1.1" 200 951
INFO 2026-01-20 13:46:53,306 log 5608 5672 "GET /static/admin/css/dark_mode.css HTTP/1.1" 200 3538
INFO 2026-01-20 13:46:53,316 log 5608 3392 "GET /static/admin/css/nav_sidebar.css HTTP/1.1" 200 2810
INFO 2026-01-20 13:46:53,538 log 5608 12316 "GET /static/admin/js/theme.js HTTP/1.1" 200 1653
INFO 2026-01-20 13:46:53,801 log 5608 3392 "GET /static/admin/js/nav_sidebar.js HTTP/1.1" 200 3063
WARNING 2026-01-20 13:46:54,240 log 5608 3392 "GET /favicon.ico HTTP/1.1" 404 6189
INFO 2026-01-20 13:47:54,755 log 5608 8864 "GET / HTTP/1.1" 200 34259
INFO 2026-01-20 13:47:56,322 log 5608 8864 "GET /static/css/order.css HTTP/1.1" 200 3219
INFO 2026-01-20 13:47:56,478 log 5608 11072 "GET /static/css/style.css?v=3.0 HTTP/1.1" 200 17903
INFO 2026-01-20 13:47:56,491 log 5608 8380 "GET /static/logo/logo.png HTTP/1.1" 200 576407
INFO 2026-01-20 13:47:56,539 log 5608 8864 "GET /static/js/ui-enhancements.js HTTP/1.1" 200 2500
INFO 2026-01-20 13:47:56,565 log 5608 2128 "GET /static/logo/placeholder.png HTTP/1.1" 200 120822
INFO 2026-01-20 13:48:02,581 log 5608 2024 "GET /static/logo/logo.png HTTP/1.1" 304 0
INFO 2026-01-20 13:54:57,475 log 5608 14356 "GET /product/adidas-ultraboost/ HTTP/1.1" 200 21255
INFO 2026-01-20 13:54:57,486 basehttp 5608 6308 - Broken pipe from ('127.0.0.1', 63198)
INFO 2026-01-20 13:56:23,199 log 5608 8776 "GET /track-order/ HTTP/1.1" 200 19922
INFO 2026-01-20 13:59:26,812 log 5608 5448 "GET /track-order/ HTTP/1.1" 200 19922
INFO 2026-01-20 13:59:51,945 log 5608 7304 "GET /accounts/customer-login/ HTTP/1.1" 200 25654
INFO 2026-01-20 14:00:00,618 log 5608 7508 "GET /accounts/admin-login/ HTTP/1.1" 200 23565
INFO 2026-01-20 14:00:37,022 log 5608 15048 "GET /cart/ HTTP/1.1" 200 19716
INFO 2026-01-20 14:00:46,893 log 5608 6528 "GET / HTTP/1.1" 200 34259
INFO 2026-01-20 14:00:52,144 basehttp 5608 10956 - Broken pipe from ('127.0.0.1', 63524)
INFO 2026-01-20 14:00:52,392 log 5608 9888 "GET /product/sony-wh-1000xm5/ HTTP/1.1" 200 23095
INFO 2026-01-20 14:00:57,599 log 5608 13604 "POST /cart/add/3/ HTTP/1.1" 302 0
INFO 2026-01-20 14:00:57,730 basehttp 5608 9264 - Broken pipe from ('127.0.0.1', 63532)
INFO 2026-01-20 14:00:58,620 log 5608 13604 "GET /cart/ HTTP/1.1" 200 23140
INFO 2026-01-20 14:01:15,288 log 5608 7916 "GET /checkout/ HTTP/1.1" 302 0
INFO 2026-01-20 14:01:16,393 log 5608 7916 "GET /accounts/login/?next=/checkout/ HTTP/1.1" 200 20966
INFO 2026-01-20 14:01:22,549 log 5608 9820 "GET /accounts/admin-login/ HTTP/1.1" 200 23565
INFO 2026-01-20 14:01:38,262 log 5608 3440 "POST /accounts/admin-login/ HTTP/1.1" 200 24151
INFO 2026-01-20 14:02:17,860 log 5608 5584 "POST /accounts/admin-login/ HTTP/1.1" 302 0
INFO 2026-01-20 14:02:18,726 log 5608 5584 "GET / HTTP/1.1" 200 34819
INFO 2026-01-20 14:03:13,769 log 5608 2724 "GET /product/sony-wh-1000xm5/ HTTP/1.1" 200 23655
INFO 2026-01-20 14:03:22,821 log 5608 14488 "POST /cart/add/3/ HTTP/1.1" 302 0
INFO 2026-01-20 14:03:23,964 log 5608 14488 "GET /cart/ HTTP/1.1" 200 23700
INFO 2026-01-20 14:03:29,754 logging 5608 14488 Starting checkout
INFO 2026-01-20 14:03:30,455 logging 5608 14488 Completed checkout successfully
INFO 2026-01-20 14:03:30,462 log 5608 14488 "GET /checkout/ HTTP/1.1" 200 26932
INFO 2026-01-20 14:03:30,989 log 5608 14488 "GET /static/js/order.js HTTP/1.1" 200 15966
INFO 2026-01-20 14:36:01,130 autoreload 9600 7924 Watching for file changes with StatReloader
INFO 2026-01-20 14:39:44,968 autoreload 9600 7924 C:\Users\Dell\OneDrive\Desktop\git\ecom\ecommerce\ecommerce\ecommerce\settings.py changed, reloading.
INFO 2026-01-20 14:40:34,924 autoreload 7512 7772 Watching for file changes with StatReloader
WARNING 2026-01-20 14:40:43,503 base 7512 12076 Session data corrupted
INFO 2026-01-20 14:40:44,013 basehttp 7512 12076 "GET / HTTP/1.1" 200 54235
INFO 2026-01-20 14:40:44,841 basehttp 7512 5760 "GET /static/logo/logo.png HTTP/1.1" 304 0
INFO 2026-01-20 14:40:44,968 basehttp 7512 14880 "GET /media/products/811f3211-e00e-45cb-8fa6-10b9f5cee3df.__CR026816001200_PT0_SX600_V1___.jpg HTTP/1.1" 304 0
INFO 2026-01-20 14:40:45,051 basehttp 7512 5760 "GET /static/logo/placeholder.png HTTP/1.1" 304 0
INFO 2026-01-20 14:40:45,153 basehttp 7512 12076 "GET /static/css/style.css?v=3.0 HTTP/1.1" 200 17848
INFO 2026-01-20 14:40:45,171 basehttp 7512 14880 "GET /media/products/81yWTgGQkEL.jpg HTTP/1.1" 304 0
INFO 2026-01-20 14:40:45,213 basehttp 7512 14452 "GET /static/css/order.css HTTP/1.1" 200 3517
INFO 2026-01-20 14:40:45,272 basehttp 7512 12076 "GET /static/js/ui-enhancements.js HTTP/1.1" 304 0
INFO 2026-01-20 14:40:45,301 basehttp 7512 14880 "GET /media/products/picture-speaker-that-has-picture-speaker-it_1230457-49114_1.avif HTTP/1.1" 304 0
INFO 2026-01-20 14:41:21,756 basehttp 7512 3272 "GET /product/terra-hand-painted-ceramic-plant-pot/ HTTP/1.1" 200 22962
INFO 2026-01-20 14:41:21,951 basehttp 7512 3272 "GET /media/products/41F2RIahyuL.jpg HTTP/1.1" 200 30210
INFO 2026-01-20 14:41:21,981 basehttp 7512 12040 "GET /media/products/Simple-Hand-Painted-White-Round-Flower-Pot-Set-6.webp HTTP/1.1" 200 19450
INFO 2026-01-20 14:41:41,649 basehttp 7512 7748 "GET /product/alpine-gear/ HTTP/1.1" 200 22481
INFO 2026-01-20 14:41:41,725 basehttp 7512 7748 "GET /static/css/order.css HTTP/1.1" 304 0
INFO 2026-01-20 14:41:45,002 basehttp 7512 7304 "POST /cart/add/4/ HTTP/1.1" 302 0
INFO 2026-01-20 14:41:45,274 basehttp 7512 7304 "GET /cart/ HTTP/1.1" 200 22871
INFO 2026-01-20 14:42:03,313 basehttp 7512 4628 "GET /cart/ HTTP/1.1" 200 22871
INFO 2026-01-20 14:42:15,054 basehttp 7512 15028 "GET / HTTP/1.1" 200 54235
INFO 2026-01-20 14:42:15,243 basehttp 7512 15028 "GET /static/css/style.css?v=3.0 HTTP/1.1" 304 0
INFO 2026-01-20 14:42:23,840 basehttp 7512 4288 "GET /accounts/admin-login/ HTTP/1.1" 200 23309
INFO 2026-01-20 14:42:41,396 basehttp 7512 3964 "POST /accounts/admin-login/ HTTP/1.1" 302 0
INFO 2026-01-20 14:42:47,174 basehttp 7512 3964 - Broken pipe from ('127.0.0.1', 49403)
INFO 2026-01-20 14:42:47,521 basehttp 7512 11920 "GET /track-order/ HTTP/1.1" 200 20413
INFO 2026-01-20 14:42:47,654 basehttp 7512 11920 "GET /static/css/order.css HTTP/1.1" 304 0
INFO 2026-01-20 14:42:48,285 basehttp 7512 11920 "GET /track-order/ HTTP/1.1" 200 20221
INFO 2026-01-20 14:43:00,649 basehttp 7512 6660 "GET /cart/ HTTP/1.1" 200 23431
ERROR 2026-01-20 14:43:20,835 log 7512 14828 Internal Server Error: /admin/dashboard/
Traceback (most recent call last):
  File "C:\Users\Dell\AppData\Local\Programs\Python\Python312\Lib\site-packages\django\core\handlers\exception.py", line 55, in inner
    response = get_response(request)
               ^^^^^^^^^^^^^^^^^^^^^
  File "C:\Users\Dell\AppData\Local\Programs\Python\Python312\Lib\site-packages\django\core\handlers\base.py", line 197, in _get_response
    response = wrapped_callback(request, *callback_args, **callback_kwargs)
               ^^^^^^^^^^^^^^^^^^^^^^^^^^^^^^^^^^^^^^^^^^^^^^^^^^^^^^^^^^^^
  File "C:\Users\Dell\AppData\Local\Programs\Python\Python312\Lib\site-packages\django\contrib\auth\decorators.py", line 59, in _view_wrapper
    return view_func(request, *args, **kwargs)
           ^^^^^^^^^^^^^^^^^^^^^^^^^^^^^^^^^^^
  File "C:\Users\Dell\OneDrive\Desktop\git\ecom\ecommerce\ecommerce\shop\views.py", line 459, in admin_dashboard
    return render(request, 'shop/admin_dashboard.html', context)
           ^^^^^^^^^^^^^^^^^^^^^^^^^^^^^^^^^^^^^^^^^^^^^^^^^^^^^
  File "C:\Users\Dell\AppData\Local\Programs\Python\Python312\Lib\site-packages\django\shortcuts.py", line 25, in render
    content = loader.render_to_string(template_name, context, request, using=using)
              ^^^^^^^^^^^^^^^^^^^^^^^^^^^^^^^^^^^^^^^^^^^^^^^^^^^^^^^^^^^^^^^^^^^^^
  File "C:\Users\Dell\AppData\Local\Programs\Python\Python312\Lib\site-packages\django\template\loader.py", line 61, in render_to_string
    template = get_template(template_name, using=using)
               ^^^^^^^^^^^^^^^^^^^^^^^^^^^^^^^^^^^^^^^^
  File "C:\Users\Dell\AppData\Local\Programs\Python\Python312\Lib\site-packages\django\template\loader.py", line 15, in get_template
    return engine.get_template(template_name)
           ^^^^^^^^^^^^^^^^^^^^^^^^^^^^^^^^^^
  File "C:\Users\Dell\AppData\Local\Programs\Python\Python312\Lib\site-packages\django\template\backends\django.py", line 79, in get_template
    return Template(self.engine.get_template(template_name), self)
                    ^^^^^^^^^^^^^^^^^^^^^^^^^^^^^^^^^^^^^^^
  File "C:\Users\Dell\AppData\Local\Programs\Python\Python312\Lib\site-packages\django\template\engine.py", line 177, in get_template
    template, origin = self.find_template(template_name)
                       ^^^^^^^^^^^^^^^^^^^^^^^^^^^^^^^^^
  File "C:\Users\Dell\AppData\Local\Programs\Python\Python312\Lib\site-packages\django\template\engine.py", line 159, in find_template
    template = loader.get_template(name, skip=skip)
               ^^^^^^^^^^^^^^^^^^^^^^^^^^^^^^^^^^^^
  File "C:\Users\Dell\AppData\Local\Programs\Python\Python312\Lib\site-packages\django\template\loaders\cached.py", line 57, in get_template
    template = super().get_template(template_name, skip)
               ^^^^^^^^^^^^^^^^^^^^^^^^^^^^^^^^^^^^^^^^^
  File "C:\Users\Dell\AppData\Local\Programs\Python\Python312\Lib\site-packages\django\template\loaders\base.py", line 28, in get_template
    return Template(
           ^^^^^^^^^
  File "C:\Users\Dell\AppData\Local\Programs\Python\Python312\Lib\site-packages\django\template\base.py", line 154, in __init__
    self.nodelist = self.compile_nodelist()
                    ^^^^^^^^^^^^^^^^^^^^^^^
  File "C:\Users\Dell\AppData\Local\Programs\Python\Python312\Lib\site-packages\django\template\base.py", line 196, in compile_nodelist
    nodelist = parser.parse()
               ^^^^^^^^^^^^^^
  File "C:\Users\Dell\AppData\Local\Programs\Python\Python312\Lib\site-packages\django\template\base.py", line 518, in parse
    raise self.error(token, e)
  File "C:\Users\Dell\AppData\Local\Programs\Python\Python312\Lib\site-packages\django\template\base.py", line 516, in parse
    compiled_result = compile_func(self, token)
                      ^^^^^^^^^^^^^^^^^^^^^^^^^
  File "C:\Users\Dell\AppData\Local\Programs\Python\Python312\Lib\site-packages\django\template\loader_tags.py", line 299, in do_extends
    nodelist = parser.parse()
               ^^^^^^^^^^^^^^
  File "C:\Users\Dell\AppData\Local\Programs\Python\Python312\Lib\site-packages\django\template\base.py", line 518, in parse
    raise self.error(token, e)
  File "C:\Users\Dell\AppData\Local\Programs\Python\Python312\Lib\site-packages\django\template\base.py", line 516, in parse
    compiled_result = compile_func(self, token)
                      ^^^^^^^^^^^^^^^^^^^^^^^^^
  File "C:\Users\Dell\AppData\Local\Programs\Python\Python312\Lib\site-packages\django\template\loader_tags.py", line 234, in do_block
    nodelist = parser.parse(("endblock",))
               ^^^^^^^^^^^^^^^^^^^^^^^^^^^
  File "C:\Users\Dell\AppData\Local\Programs\Python\Python312\Lib\site-packages\django\template\base.py", line 518, in parse
    raise self.error(token, e)
  File "C:\Users\Dell\AppData\Local\Programs\Python\Python312\Lib\site-packages\django\template\base.py", line 516, in parse
    compiled_result = compile_func(self, token)
                      ^^^^^^^^^^^^^^^^^^^^^^^^^
  File "C:\Users\Dell\AppData\Local\Programs\Python\Python312\Lib\site-packages\django\template\defaulttags.py", line 862, in do_for
    nodelist_loop = parser.parse(
                    ^^^^^^^^^^^^^
  File "C:\Users\Dell\AppData\Local\Programs\Python\Python312\Lib\site-packages\django\template\base.py", line 489, in parse
    raise self.error(token, e)
  File "C:\Users\Dell\AppData\Local\Programs\Python\Python312\Lib\site-packages\django\template\base.py", line 487, in parse
    filter_expression = self.compile_filter(token.contents)
                        ^^^^^^^^^^^^^^^^^^^^^^^^^^^^^^^^^^^
  File "C:\Users\Dell\AppData\Local\Programs\Python\Python312\Lib\site-packages\django\template\base.py", line 609, in compile_filter
    return FilterExpression(token, self)
           ^^^^^^^^^^^^^^^^^^^^^^^^^^^^^
  File "C:\Users\Dell\AppData\Local\Programs\Python\Python312\Lib\site-packages\django\template\base.py", line 710, in __init__
    raise TemplateSyntaxError(
django.template.exceptions.TemplateSyntaxError: Could not parse the remainder: ': 0' from 'item.total_rev | floatformat: 0'
ERROR 2026-01-20 14:43:20,877 basehttp 7512 14828 "GET /admin/dashboard/ HTTP/1.1" 500 260505
WARNING 2026-01-20 14:43:21,443 basehttp 7512 14828 "GET /favicon.ico HTTP/1.1" 404 6189
ERROR 2026-01-20 14:43:29,484 log 7512 15028 Internal Server Error: /admin/dashboard/
Traceback (most recent call last):
  File "C:\Users\Dell\AppData\Local\Programs\Python\Python312\Lib\site-packages\django\core\handlers\exception.py", line 55, in inner
    response = get_response(request)
               ^^^^^^^^^^^^^^^^^^^^^
  File "C:\Users\Dell\AppData\Local\Programs\Python\Python312\Lib\site-packages\django\core\handlers\base.py", line 197, in _get_response
    response = wrapped_callback(request, *callback_args, **callback_kwargs)
               ^^^^^^^^^^^^^^^^^^^^^^^^^^^^^^^^^^^^^^^^^^^^^^^^^^^^^^^^^^^^
  File "C:\Users\Dell\AppData\Local\Programs\Python\Python312\Lib\site-packages\django\contrib\auth\decorators.py", line 59, in _view_wrapper
    return view_func(request, *args, **kwargs)
           ^^^^^^^^^^^^^^^^^^^^^^^^^^^^^^^^^^^
  File "C:\Users\Dell\OneDrive\Desktop\git\ecom\ecommerce\ecommerce\shop\views.py", line 459, in admin_dashboard
    return render(request, 'shop/admin_dashboard.html', context)
           ^^^^^^^^^^^^^^^^^^^^^^^^^^^^^^^^^^^^^^^^^^^^^^^^^^^^^
  File "C:\Users\Dell\AppData\Local\Programs\Python\Python312\Lib\site-packages\django\shortcuts.py", line 25, in render
    content = loader.render_to_string(template_name, context, request, using=using)
              ^^^^^^^^^^^^^^^^^^^^^^^^^^^^^^^^^^^^^^^^^^^^^^^^^^^^^^^^^^^^^^^^^^^^^
  File "C:\Users\Dell\AppData\Local\Programs\Python\Python312\Lib\site-packages\django\template\loader.py", line 61, in render_to_string
    template = get_template(template_name, using=using)
               ^^^^^^^^^^^^^^^^^^^^^^^^^^^^^^^^^^^^^^^^
  File "C:\Users\Dell\AppData\Local\Programs\Python\Python312\Lib\site-packages\django\template\loader.py", line 15, in get_template
    return engine.get_template(template_name)
           ^^^^^^^^^^^^^^^^^^^^^^^^^^^^^^^^^^
  File "C:\Users\Dell\AppData\Local\Programs\Python\Python312\Lib\site-packages\django\template\backends\django.py", line 79, in get_template
    return Template(self.engine.get_template(template_name), self)
                    ^^^^^^^^^^^^^^^^^^^^^^^^^^^^^^^^^^^^^^^
  File "C:\Users\Dell\AppData\Local\Programs\Python\Python312\Lib\site-packages\django\template\engine.py", line 177, in get_template
    template, origin = self.find_template(template_name)
                       ^^^^^^^^^^^^^^^^^^^^^^^^^^^^^^^^^
  File "C:\Users\Dell\AppData\Local\Programs\Python\Python312\Lib\site-packages\django\template\engine.py", line 159, in find_template
    template = loader.get_template(name, skip=skip)
               ^^^^^^^^^^^^^^^^^^^^^^^^^^^^^^^^^^^^
  File "C:\Users\Dell\AppData\Local\Programs\Python\Python312\Lib\site-packages\django\template\loaders\cached.py", line 57, in get_template
    template = super().get_template(template_name, skip)
               ^^^^^^^^^^^^^^^^^^^^^^^^^^^^^^^^^^^^^^^^^
  File "C:\Users\Dell\AppData\Local\Programs\Python\Python312\Lib\site-packages\django\template\loaders\base.py", line 28, in get_template
    return Template(
           ^^^^^^^^^
  File "C:\Users\Dell\AppData\Local\Programs\Python\Python312\Lib\site-packages\django\template\base.py", line 154, in __init__
    self.nodelist = self.compile_nodelist()
                    ^^^^^^^^^^^^^^^^^^^^^^^
  File "C:\Users\Dell\AppData\Local\Programs\Python\Python312\Lib\site-packages\django\template\base.py", line 196, in compile_nodelist
    nodelist = parser.parse()
               ^^^^^^^^^^^^^^
  File "C:\Users\Dell\AppData\Local\Programs\Python\Python312\Lib\site-packages\django\template\base.py", line 518, in parse
    raise self.error(token, e)
  File "C:\Users\Dell\AppData\Local\Programs\Python\Python312\Lib\site-packages\django\template\base.py", line 516, in parse
    compiled_result = compile_func(self, token)
                      ^^^^^^^^^^^^^^^^^^^^^^^^^
  File "C:\Users\Dell\AppData\Local\Programs\Python\Python312\Lib\site-packages\django\template\loader_tags.py", line 299, in do_extends
    nodelist = parser.parse()
               ^^^^^^^^^^^^^^
  File "C:\Users\Dell\AppData\Local\Programs\Python\Python312\Lib\site-packages\django\template\base.py", line 518, in parse
    raise self.error(token, e)
  File "C:\Users\Dell\AppData\Local\Programs\Python\Python312\Lib\site-packages\django\template\base.py", line 516, in parse
    compiled_result = compile_func(self, token)
                      ^^^^^^^^^^^^^^^^^^^^^^^^^
  File "C:\Users\Dell\AppData\Local\Programs\Python\Python312\Lib\site-packages\django\template\loader_tags.py", line 234, in do_block
    nodelist = parser.parse(("endblock",))
               ^^^^^^^^^^^^^^^^^^^^^^^^^^^
  File "C:\Users\Dell\AppData\Local\Programs\Python\Python312\Lib\site-packages\django\template\base.py", line 518, in parse
    raise self.error(token, e)
  File "C:\Users\Dell\AppData\Local\Programs\Python\Python312\Lib\site-packages\django\template\base.py", line 516, in parse
    compiled_result = compile_func(self, token)
                      ^^^^^^^^^^^^^^^^^^^^^^^^^
  File "C:\Users\Dell\AppData\Local\Programs\Python\Python312\Lib\site-packages\django\template\defaulttags.py", line 862, in do_for
    nodelist_loop = parser.parse(
                    ^^^^^^^^^^^^^
  File "C:\Users\Dell\AppData\Local\Programs\Python\Python312\Lib\site-packages\django\template\base.py", line 489, in parse
    raise self.error(token, e)
  File "C:\Users\Dell\AppData\Local\Programs\Python\Python312\Lib\site-packages\django\template\base.py", line 487, in parse
    filter_expression = self.compile_filter(token.contents)
                        ^^^^^^^^^^^^^^^^^^^^^^^^^^^^^^^^^^^
  File "C:\Users\Dell\AppData\Local\Programs\Python\Python312\Lib\site-packages\django\template\base.py", line 609, in compile_filter
    return FilterExpression(token, self)
           ^^^^^^^^^^^^^^^^^^^^^^^^^^^^^
  File "C:\Users\Dell\AppData\Local\Programs\Python\Python312\Lib\site-packages\django\template\base.py", line 710, in __init__
    raise TemplateSyntaxError(
django.template.exceptions.TemplateSyntaxError: Could not parse the remainder: ': 0' from 'item.total_rev | floatformat: 0'
ERROR 2026-01-20 14:43:29,495 basehttp 7512 15028 "GET /admin/dashboard/ HTTP/1.1" 500 260503
ERROR 2026-01-20 14:47:18,930 log 7512 9744 Internal Server Error: /admin/dashboard/
Traceback (most recent call last):
  File "C:\Users\Dell\AppData\Local\Programs\Python\Python312\Lib\site-packages\django\core\handlers\exception.py", line 55, in inner
    response = get_response(request)
               ^^^^^^^^^^^^^^^^^^^^^
  File "C:\Users\Dell\AppData\Local\Programs\Python\Python312\Lib\site-packages\django\core\handlers\base.py", line 197, in _get_response
    response = wrapped_callback(request, *callback_args, **callback_kwargs)
               ^^^^^^^^^^^^^^^^^^^^^^^^^^^^^^^^^^^^^^^^^^^^^^^^^^^^^^^^^^^^
  File "C:\Users\Dell\AppData\Local\Programs\Python\Python312\Lib\site-packages\django\contrib\auth\decorators.py", line 59, in _view_wrapper
    return view_func(request, *args, **kwargs)
           ^^^^^^^^^^^^^^^^^^^^^^^^^^^^^^^^^^^
  File "C:\Users\Dell\OneDrive\Desktop\git\ecom\ecommerce\ecommerce\shop\views.py", line 459, in admin_dashboard
    return render(request, 'shop/admin_dashboard.html', context)
           ^^^^^^^^^^^^^^^^^^^^^^^^^^^^^^^^^^^^^^^^^^^^^^^^^^^^^
  File "C:\Users\Dell\AppData\Local\Programs\Python\Python312\Lib\site-packages\django\shortcuts.py", line 25, in render
    content = loader.render_to_string(template_name, context, request, using=using)
              ^^^^^^^^^^^^^^^^^^^^^^^^^^^^^^^^^^^^^^^^^^^^^^^^^^^^^^^^^^^^^^^^^^^^^
  File "C:\Users\Dell\AppData\Local\Programs\Python\Python312\Lib\site-packages\django\template\loader.py", line 61, in render_to_string
    template = get_template(template_name, using=using)
               ^^^^^^^^^^^^^^^^^^^^^^^^^^^^^^^^^^^^^^^^
  File "C:\Users\Dell\AppData\Local\Programs\Python\Python312\Lib\site-packages\django\template\loader.py", line 15, in get_template
    return engine.get_template(template_name)
           ^^^^^^^^^^^^^^^^^^^^^^^^^^^^^^^^^^
  File "C:\Users\Dell\AppData\Local\Programs\Python\Python312\Lib\site-packages\django\template\backends\django.py", line 79, in get_template
    return Template(self.engine.get_template(template_name), self)
                    ^^^^^^^^^^^^^^^^^^^^^^^^^^^^^^^^^^^^^^^
  File "C:\Users\Dell\AppData\Local\Programs\Python\Python312\Lib\site-packages\django\template\engine.py", line 177, in get_template
    template, origin = self.find_template(template_name)
                       ^^^^^^^^^^^^^^^^^^^^^^^^^^^^^^^^^
  File "C:\Users\Dell\AppData\Local\Programs\Python\Python312\Lib\site-packages\django\template\engine.py", line 159, in find_template
    template = loader.get_template(name, skip=skip)
               ^^^^^^^^^^^^^^^^^^^^^^^^^^^^^^^^^^^^
  File "C:\Users\Dell\AppData\Local\Programs\Python\Python312\Lib\site-packages\django\template\loaders\cached.py", line 57, in get_template
    template = super().get_template(template_name, skip)
               ^^^^^^^^^^^^^^^^^^^^^^^^^^^^^^^^^^^^^^^^^
  File "C:\Users\Dell\AppData\Local\Programs\Python\Python312\Lib\site-packages\django\template\loaders\base.py", line 28, in get_template
    return Template(
           ^^^^^^^^^
  File "C:\Users\Dell\AppData\Local\Programs\Python\Python312\Lib\site-packages\django\template\base.py", line 154, in __init__
    self.nodelist = self.compile_nodelist()
                    ^^^^^^^^^^^^^^^^^^^^^^^
  File "C:\Users\Dell\AppData\Local\Programs\Python\Python312\Lib\site-packages\django\template\base.py", line 196, in compile_nodelist
    nodelist = parser.parse()
               ^^^^^^^^^^^^^^
  File "C:\Users\Dell\AppData\Local\Programs\Python\Python312\Lib\site-packages\django\template\base.py", line 518, in parse
    raise self.error(token, e)
  File "C:\Users\Dell\AppData\Local\Programs\Python\Python312\Lib\site-packages\django\template\base.py", line 516, in parse
    compiled_result = compile_func(self, token)
                      ^^^^^^^^^^^^^^^^^^^^^^^^^
  File "C:\Users\Dell\AppData\Local\Programs\Python\Python312\Lib\site-packages\django\template\loader_tags.py", line 299, in do_extends
    nodelist = parser.parse()
               ^^^^^^^^^^^^^^
  File "C:\Users\Dell\AppData\Local\Programs\Python\Python312\Lib\site-packages\django\template\base.py", line 518, in parse
    raise self.error(token, e)
  File "C:\Users\Dell\AppData\Local\Programs\Python\Python312\Lib\site-packages\django\template\base.py", line 516, in parse
    compiled_result = compile_func(self, token)
                      ^^^^^^^^^^^^^^^^^^^^^^^^^
  File "C:\Users\Dell\AppData\Local\Programs\Python\Python312\Lib\site-packages\django\template\loader_tags.py", line 234, in do_block
    nodelist = parser.parse(("endblock",))
               ^^^^^^^^^^^^^^^^^^^^^^^^^^^
  File "C:\Users\Dell\AppData\Local\Programs\Python\Python312\Lib\site-packages\django\template\base.py", line 518, in parse
    raise self.error(token, e)
  File "C:\Users\Dell\AppData\Local\Programs\Python\Python312\Lib\site-packages\django\template\base.py", line 516, in parse
    compiled_result = compile_func(self, token)
                      ^^^^^^^^^^^^^^^^^^^^^^^^^
  File "C:\Users\Dell\AppData\Local\Programs\Python\Python312\Lib\site-packages\django\template\defaulttags.py", line 862, in do_for
    nodelist_loop = parser.parse(
                    ^^^^^^^^^^^^^
  File "C:\Users\Dell\AppData\Local\Programs\Python\Python312\Lib\site-packages\django\template\base.py", line 489, in parse
    raise self.error(token, e)
  File "C:\Users\Dell\AppData\Local\Programs\Python\Python312\Lib\site-packages\django\template\base.py", line 487, in parse
    filter_expression = self.compile_filter(token.contents)
                        ^^^^^^^^^^^^^^^^^^^^^^^^^^^^^^^^^^^
  File "C:\Users\Dell\AppData\Local\Programs\Python\Python312\Lib\site-packages\django\template\base.py", line 609, in compile_filter
    return FilterExpression(token, self)
           ^^^^^^^^^^^^^^^^^^^^^^^^^^^^^
  File "C:\Users\Dell\AppData\Local\Programs\Python\Python312\Lib\site-packages\django\template\base.py", line 710, in __init__
    raise TemplateSyntaxError(
django.template.exceptions.TemplateSyntaxError: Could not parse the remainder: ': 0' from 'item.total_rev | floatformat: 0'
ERROR 2026-01-20 14:47:18,977 basehttp 7512 9744 "GET /admin/dashboard/ HTTP/1.1" 500 260642
ERROR 2026-01-20 14:47:29,489 log 7512 9000 Internal Server Error: /admin/dashboard/
Traceback (most recent call last):
  File "C:\Users\Dell\AppData\Local\Programs\Python\Python312\Lib\site-packages\django\core\handlers\exception.py", line 55, in inner
    response = get_response(request)
               ^^^^^^^^^^^^^^^^^^^^^
  File "C:\Users\Dell\AppData\Local\Programs\Python\Python312\Lib\site-packages\django\core\handlers\base.py", line 197, in _get_response
    response = wrapped_callback(request, *callback_args, **callback_kwargs)
               ^^^^^^^^^^^^^^^^^^^^^^^^^^^^^^^^^^^^^^^^^^^^^^^^^^^^^^^^^^^^
  File "C:\Users\Dell\AppData\Local\Programs\Python\Python312\Lib\site-packages\django\contrib\auth\decorators.py", line 59, in _view_wrapper
    return view_func(request, *args, **kwargs)
           ^^^^^^^^^^^^^^^^^^^^^^^^^^^^^^^^^^^
  File "C:\Users\Dell\OneDrive\Desktop\git\ecom\ecommerce\ecommerce\shop\views.py", line 459, in admin_dashboard
    return render(request, 'shop/admin_dashboard.html', context)
           ^^^^^^^^^^^^^^^^^^^^^^^^^^^^^^^^^^^^^^^^^^^^^^^^^^^^^
  File "C:\Users\Dell\AppData\Local\Programs\Python\Python312\Lib\site-packages\django\shortcuts.py", line 25, in render
    content = loader.render_to_string(template_name, context, request, using=using)
              ^^^^^^^^^^^^^^^^^^^^^^^^^^^^^^^^^^^^^^^^^^^^^^^^^^^^^^^^^^^^^^^^^^^^^
  File "C:\Users\Dell\AppData\Local\Programs\Python\Python312\Lib\site-packages\django\template\loader.py", line 61, in render_to_string
    template = get_template(template_name, using=using)
               ^^^^^^^^^^^^^^^^^^^^^^^^^^^^^^^^^^^^^^^^
  File "C:\Users\Dell\AppData\Local\Programs\Python\Python312\Lib\site-packages\django\template\loader.py", line 15, in get_template
    return engine.get_template(template_name)
           ^^^^^^^^^^^^^^^^^^^^^^^^^^^^^^^^^^
  File "C:\Users\Dell\AppData\Local\Programs\Python\Python312\Lib\site-packages\django\template\backends\django.py", line 79, in get_template
    return Template(self.engine.get_template(template_name), self)
                    ^^^^^^^^^^^^^^^^^^^^^^^^^^^^^^^^^^^^^^^
  File "C:\Users\Dell\AppData\Local\Programs\Python\Python312\Lib\site-packages\django\template\engine.py", line 177, in get_template
    template, origin = self.find_template(template_name)
                       ^^^^^^^^^^^^^^^^^^^^^^^^^^^^^^^^^
  File "C:\Users\Dell\AppData\Local\Programs\Python\Python312\Lib\site-packages\django\template\engine.py", line 159, in find_template
    template = loader.get_template(name, skip=skip)
               ^^^^^^^^^^^^^^^^^^^^^^^^^^^^^^^^^^^^
  File "C:\Users\Dell\AppData\Local\Programs\Python\Python312\Lib\site-packages\django\template\loaders\cached.py", line 57, in get_template
    template = super().get_template(template_name, skip)
               ^^^^^^^^^^^^^^^^^^^^^^^^^^^^^^^^^^^^^^^^^
  File "C:\Users\Dell\AppData\Local\Programs\Python\Python312\Lib\site-packages\django\template\loaders\base.py", line 28, in get_template
    return Template(
           ^^^^^^^^^
  File "C:\Users\Dell\AppData\Local\Programs\Python\Python312\Lib\site-packages\django\template\base.py", line 154, in __init__
    self.nodelist = self.compile_nodelist()
                    ^^^^^^^^^^^^^^^^^^^^^^^
  File "C:\Users\Dell\AppData\Local\Programs\Python\Python312\Lib\site-packages\django\template\base.py", line 196, in compile_nodelist
    nodelist = parser.parse()
               ^^^^^^^^^^^^^^
  File "C:\Users\Dell\AppData\Local\Programs\Python\Python312\Lib\site-packages\django\template\base.py", line 518, in parse
    raise self.error(token, e)
  File "C:\Users\Dell\AppData\Local\Programs\Python\Python312\Lib\site-packages\django\template\base.py", line 516, in parse
    compiled_result = compile_func(self, token)
                      ^^^^^^^^^^^^^^^^^^^^^^^^^
  File "C:\Users\Dell\AppData\Local\Programs\Python\Python312\Lib\site-packages\django\template\loader_tags.py", line 299, in do_extends
    nodelist = parser.parse()
               ^^^^^^^^^^^^^^
  File "C:\Users\Dell\AppData\Local\Programs\Python\Python312\Lib\site-packages\django\template\base.py", line 518, in parse
    raise self.error(token, e)
  File "C:\Users\Dell\AppData\Local\Programs\Python\Python312\Lib\site-packages\django\template\base.py", line 516, in parse
    compiled_result = compile_func(self, token)
                      ^^^^^^^^^^^^^^^^^^^^^^^^^
  File "C:\Users\Dell\AppData\Local\Programs\Python\Python312\Lib\site-packages\django\template\loader_tags.py", line 234, in do_block
    nodelist = parser.parse(("endblock",))
               ^^^^^^^^^^^^^^^^^^^^^^^^^^^
  File "C:\Users\Dell\AppData\Local\Programs\Python\Python312\Lib\site-packages\django\template\base.py", line 518, in parse
    raise self.error(token, e)
  File "C:\Users\Dell\AppData\Local\Programs\Python\Python312\Lib\site-packages\django\template\base.py", line 516, in parse
    compiled_result = compile_func(self, token)
                      ^^^^^^^^^^^^^^^^^^^^^^^^^
  File "C:\Users\Dell\AppData\Local\Programs\Python\Python312\Lib\site-packages\django\template\defaulttags.py", line 862, in do_for
    nodelist_loop = parser.parse(
                    ^^^^^^^^^^^^^
  File "C:\Users\Dell\AppData\Local\Programs\Python\Python312\Lib\site-packages\django\template\base.py", line 489, in parse
    raise self.error(token, e)
  File "C:\Users\Dell\AppData\Local\Programs\Python\Python312\Lib\site-packages\django\template\base.py", line 487, in parse
    filter_expression = self.compile_filter(token.contents)
                        ^^^^^^^^^^^^^^^^^^^^^^^^^^^^^^^^^^^
  File "C:\Users\Dell\AppData\Local\Programs\Python\Python312\Lib\site-packages\django\template\base.py", line 609, in compile_filter
    return FilterExpression(token, self)
           ^^^^^^^^^^^^^^^^^^^^^^^^^^^^^
  File "C:\Users\Dell\AppData\Local\Programs\Python\Python312\Lib\site-packages\django\template\base.py", line 710, in __init__
    raise TemplateSyntaxError(
django.template.exceptions.TemplateSyntaxError: Could not parse the remainder: ': 0' from 'item.total_rev | floatformat: 0'
ERROR 2026-01-20 14:47:29,504 basehttp 7512 9000 "GET /admin/dashboard/ HTTP/1.1" 500 260505
INFO 2026-01-20 14:56:01,665 basehttp 7512 15280 "GET /admin/dashboard/ HTTP/1.1" 200 37189
INFO 2026-01-20 14:56:03,422 basehttp 7512 15280 "GET /static/css/order.css HTTP/1.1" 304 0
INFO 2026-01-20 14:56:03,685 basehttp 7512 2988 "GET /static/css/style.css?v=3.0 HTTP/1.1" 304 0
INFO 2026-01-20 14:56:15,531 basehttp 7512 4728 "GET /admin/auth/user/ HTTP/1.1" 200 28941
INFO 2026-01-20 14:56:15,850 basehttp 7512 2988 "GET /static/admin/img/icon-no.svg HTTP/1.1" 200 560
INFO 2026-01-20 14:56:16,296 basehttp 7512 6124 "GET /admin/jsi18n/ HTTP/1.1" 200 3342
INFO 2026-01-20 14:56:16,551 basehttp 7512 6124 "GET /static/admin/img/sorting-icons.svg HTTP/1.1" 200 1097
INFO 2026-01-20 14:56:34,666 basehttp 7512 7080 "GET /admin/auth/user/ HTTP/1.1" 200 28941
INFO 2026-01-20 14:56:35,178 basehttp 7512 7080 "GET /admin/jsi18n/ HTTP/1.1" 200 3342
INFO 2026-01-20 14:56:53,011 basehttp 7512 8604 "GET /admin/shop/transaction/ HTTP/1.1" 200 15085
INFO 2026-01-20 14:56:53,643 basehttp 7512 8604 "GET /admin/jsi18n/ HTTP/1.1" 200 3342
INFO 2026-01-20 14:59:27,643 basehttp 7512 5068 "GET / HTTP/1.1" 200 54795
INFO 2026-01-20 14:59:27,652 basehttp 7512 7972 - Broken pipe from ('127.0.0.1', 61497)
INFO 2026-01-20 14:59:28,940 basehttp 7512 5068 "GET /static/css/order.css HTTP/1.1" 304 0
INFO 2026-01-20 14:59:29,134 basehttp 7512 7428 "GET /static/css/style.css?v=3.0 HTTP/1.1" 304 0
INFO 2026-01-20 15:00:07,717 basehttp 7512 4748 "GET /product/terra-hand-painted-ceramic-plant-pot/ HTTP/1.1" 200 23522
INFO 2026-01-20 15:03:05,561 autoreload 7512 7772 C:\Users\Dell\OneDrive\Desktop\git\ecom\ecommerce\ecommerce\shop\views.py changed, reloading.
INFO 2026-01-20 15:03:53,208 autoreload 9648 14304 Watching for file changes with StatReloader
INFO 2026-01-20 15:05:20,602 basehttp 9648 3036 "GET /product/alpine-gear/ HTTP/1.1" 200 23041
INFO 2026-01-20 15:05:21,690 basehttp 9648 2972 "GET /static/css/order.css HTTP/1.1" 304 0
INFO 2026-01-20 15:05:21,829 basehttp 9648 14976 "GET /static/css/style.css?v=3.0 HTTP/1.1" 304 0
INFO 2026-01-20 15:08:06,841 basehttp 9648 9276 "GET /product/alpine-gear/ HTTP/1.1" 200 23041
INFO 2026-01-20 15:08:23,058 basehttp 9648 7468 "GET /cart/ HTTP/1.1" 200 23431
INFO 2026-01-20 15:08:37,224 basehttp 9648 400 "GET /cart/remove/4/ HTTP/1.1" 302 0
INFO 2026-01-20 15:08:39,274 basehttp 9648 400 "GET /cart/ HTTP/1.1" 200 20019
INFO 2026-01-20 15:08:39,646 basehttp 9648 400 "GET /static/css/order.css HTTP/1.1" 304 0
INFO 2026-01-20 15:08:49,693 basehttp 9648 14652 "GET / HTTP/1.1" 200 54795
INFO 2026-01-21 11:38:45,564 autoreload 14836 5152 Watching for file changes with StatReloader
INFO 2026-01-21 11:39:00,567 basehttp 14836 4868 "GET / HTTP/1.1" 200 54235
INFO 2026-01-21 11:39:01,152 basehttp 14836 1664 "GET / HTTP/1.1" 200 54235
INFO 2026-01-21 11:39:01,977 basehttp 14836 16224 "GET /static/css/order.css HTTP/1.1" 304 0
INFO 2026-01-21 11:39:02,091 basehttp 14836 3016 "GET /static/css/style.css?v=3.0 HTTP/1.1" 304 0
INFO 2026-01-21 11:39:02,204 basehttp 14836 1664 "GET / HTTP/1.1" 200 54235
INFO 2026-01-21 11:39:18,747 basehttp 14836 352 "GET /accounts/admin-login/ HTTP/1.1" 200 23309
INFO 2026-01-21 11:39:22,334 basehttp 14836 18284 "GET / HTTP/1.1" 200 54235
INFO 2026-01-21 11:39:33,163 basehttp 14836 15176 "GET /accounts/admin-login/ HTTP/1.1" 200 23309
INFO 2026-01-21 11:39:54,241 basehttp 14836 5616 "POST /accounts/admin-login/ HTTP/1.1" 302 0
INFO 2026-01-21 11:39:54,762 basehttp 14836 5616 "GET / HTTP/1.1" 200 54795
INFO 2026-01-21 11:40:06,306 basehttp 14836 12548 "GET /admin/dashboard/ HTTP/1.1" 200 37193
INFO 2026-01-21 14:39:39,354 autoreload 9840 17896 Watching for file changes with StatReloader
INFO 2026-01-21 14:39:53,895 basehttp 9840 5088 "GET / HTTP/1.1" 200 54235
INFO 2026-01-21 14:39:54,522 basehttp 9840 5088 "GET /static/css/order.css HTTP/1.1" 304 0
INFO 2026-01-21 14:39:54,819 basehttp 9840 9552 "GET /static/css/style.css?v=3.0 HTTP/1.1" 304 0
INFO 2026-01-21 14:40:02,260 basehttp 9840 13948 "GET / HTTP/1.1" 200 54235
INFO 2026-01-21 15:03:36,204 basehttp 9840 13720 "GET /track-order/ HTTP/1.1" 200 19673
